Candidate_ID,Resume_Text,Skills,Education,Experience_Years,Job_ID,Job_Title,Required_Skills,Job_Fit_Score,Outcome
Candidate_363,"Experienced professional skilled in Deep Learning, Project Management, Java, SQL, Leadership, Node.js.","Deep Learning, Project Management, Java, SQL, Leadership, Node.js",M.Tech,15,Job_102,Software Engineer,"Agile, Communication, Leadership, SQL, Project Management",0.76,Hired
Candidate_894,"Experienced professional skilled in Node.js, React, Python, C++, Project Management.","Node.js, React, Python, C++, Project Management",MBA,10,Job_108,Machine Learning Engineer,"Java, Deep Learning",0.4,Rejected
Candidate_545,"Experienced professional skilled in Leadership, React, Java.","Leadership, React, Java",MBA,2,Job_132,Frontend Developer,"Java, Deep Learning, Communication, React",0.38,Rejected
Candidate_699,"Experienced professional skilled in C++, Leadership, Deep Learning.","C++, Leadership, Deep Learning",B.Sc,15,Job_373,Frontend Developer,"Python, SQL, Leadership, Project Management, Scrum",0.52,Shortlisted
Candidate_496,"Experienced professional skilled in SQL, Deep Learning, Communication.","SQL, Deep Learning, Communication",B.Tech,2,Job_278,Machine Learning Engineer,"Deep Learning, Node.js",0.38,Rejected
Candidate_467,"Experienced professional skilled in SQL, Deep Learning, Leadership.","SQL, Deep Learning, Leadership",B.Sc,1,Job_492,Machine Learning Engineer,"Python, Deep Learning, Agile, Machine Learning",0.19,Rejected
Candidate_28,"Experienced professional skilled in Java, Project Management, SQL, Scrum.","Java, Project Management, SQL, Scrum",M.Tech,15,Job_401,Project Manager,"Node.js, Machine Learning",0.4,Rejected
Candidate_813,"Experienced professional skilled in Agile, Machine Learning, C++, Communication, Node.js.","Agile, Machine Learning, C++, Communication, Node.js",M.Tech,12,Job_159,Project Manager,"Scrum, Communication, Agile",0.8,Hired
Candidate_614,"Experienced professional skilled in Deep Learning, Communication, Scrum, Machine Learning.","Deep Learning, Communication, Scrum, Machine Learning",B.Sc,4,Job_185,Project Manager,"Communication, Leadership, React, SQL, Scrum",0.4,Rejected
Candidate_669,"Experienced professional skilled in React, SQL, Deep Learning, Project Management, C++.","React, SQL, Deep Learning, Project Management, C++",MBA,12,Job_331,Data Scientist,"SQL, Leadership, Project Management, Scrum, React",0.76,Hired
Candidate_931,"Experienced professional skilled in Machine Learning, Agile, C++, Project Management, Leadership, Python.","Machine Learning, Agile, C++, Project Management, Leadership, Python",M.Sc,8,Job_136,Machine Learning Engineer,"Node.js, SQL",0.32,Rejected
Candidate_633,"Experienced professional skilled in Leadership, React, Machine Learning, Scrum, Project Management.","Leadership, React, Machine Learning, Scrum, Project Management",M.Tech,9,Job_282,Data Scientist,"Communication, Machine Learning, Node.js",0.56,Shortlisted
Candidate_410,"Experienced professional skilled in SQL, Project Management, Java, Communication, C++, Leadership.","SQL, Project Management, Java, Communication, C++, Leadership",MBA,5,Job_83,Backend Developer,"React, Scrum, SQL",0.4,Rejected
Candidate_550,"Experienced professional skilled in Agile, React, C++, SQL, Machine Learning, Deep Learning.","Agile, React, C++, SQL, Machine Learning, Deep Learning",B.Sc,7,Job_51,Data Scientist,"Node.js, Java",0.28,Rejected
Candidate_393,"Experienced professional skilled in Project Management, React, C++.","Project Management, React, C++",B.Tech,4,Job_160,Frontend Developer,"C++, Leadership, Node.js, SQL, Machine Learning",0.28,Rejected
Candidate_192,"Experienced professional skilled in Scrum, SQL, Project Management, Agile, C++.","Scrum, SQL, Project Management, Agile, C++",B.Sc,12,Job_323,Data Scientist,"SQL, C++, Python",0.8,Hired
Candidate_914,"Experienced professional skilled in Java, Project Management, Node.js, Deep Learning, Agile, SQL.","Java, Project Management, Node.js, Deep Learning, Agile, SQL",M.Sc,9,Job_251,Data Scientist,"Python, Communication, Agile, Node.js, React",0.6,Shortlisted
Candidate_796,"Experienced professional skilled in Java, Deep Learning, React, Project Management, Agile.","Java, Deep Learning, React, Project Management, Agile",B.Tech,15,Job_313,Project Manager,"Python, Scrum",0.4,Rejected
Candidate_974,"Experienced professional skilled in Communication, Machine Learning, Project Management.","Communication, Machine Learning, Project Management",M.Tech,10,Job_352,Backend Developer,"Leadership, C++, Scrum, React, Communication",0.52,Shortlisted
Candidate_998,"Experienced professional skilled in Java, Agile, Communication, SQL.","Java, Agile, Communication, SQL",MBA,8,Job_242,Data Scientist,"Deep Learning, C++, Communication",0.52,Shortlisted
Candidate_638,"Experienced professional skilled in Communication, SQL, Java, Project Management, Scrum.","Communication, SQL, Java, Project Management, Scrum",M.Tech,14,Job_130,Frontend Developer,"Scrum, React, Node.js",0.6,Shortlisted
Candidate_518,"Experienced professional skilled in Deep Learning, Agile, C++, Node.js, Machine Learning, Project Management.","Deep Learning, Agile, C++, Node.js, Machine Learning, Project Management",M.Tech,8,Job_457,Project Manager,"Node.js, C++, Communication",0.72,Shortlisted
Candidate_631,"Experienced professional skilled in Project Management, C++, Scrum.","Project Management, C++, Scrum",M.Sc,15,Job_339,Software Engineer,"Python, Node.js, React, Project Management, Java",0.52,Shortlisted
Candidate_889,"Experienced professional skilled in React, Deep Learning, Scrum, Machine Learning, Agile, SQL.","React, Deep Learning, Scrum, Machine Learning, Agile, SQL",B.Tech,13,Job_43,Frontend Developer,"Node.js, SQL, Deep Learning, Java",0.7,Shortlisted
Candidate_2,"Experienced professional skilled in Agile, Leadership, Java, Communication.","Agile, Leadership, Java, Communication",B.Sc,5,Job_171,Software Engineer,"C++, Node.js, Scrum, Java",0.35,Rejected
Candidate_575,"Experienced professional skilled in Java, C++, Project Management, SQL, Machine Learning.","Java, C++, Project Management, SQL, Machine Learning",B.Tech,10,Job_69,Project Manager,"Python, Machine Learning",0.7,Shortlisted
Candidate_387,"Experienced professional skilled in Agile, Node.js, Python, Scrum.","Agile, Node.js, Python, Scrum",M.Tech,10,Job_249,Data Scientist,"Communication, Agile, Project Management, React, C++",0.52,Shortlisted
Candidate_879,"Experienced professional skilled in Communication, React, Leadership, Scrum, Agile, Node.js.","Communication, React, Leadership, Scrum, Agile, Node.js",B.Sc,15,Job_413,Backend Developer,"Python, Deep Learning, C++",0.4,Rejected
Candidate_346,"Experienced professional skilled in Scrum, Java, Leadership, Deep Learning.","Scrum, Java, Leadership, Deep Learning",MBA,12,Job_236,Project Manager,"Node.js, Communication",0.4,Rejected
Candidate_458,"Experienced professional skilled in Scrum, React, Machine Learning, Communication, Java, Leadership.","Scrum, React, Machine Learning, Communication, Java, Leadership",M.Sc,11,Job_40,Machine Learning Engineer,"Machine Learning, Scrum, SQL, Project Management",0.7,Shortlisted
Candidate_854,"Experienced professional skilled in Project Management, Agile, C++, Node.js, React.","Project Management, Agile, C++, Node.js, React",MBA,5,Job_353,Machine Learning Engineer,"SQL, C++, Communication, Project Management",0.5,Shortlisted
Candidate_377,"Experienced professional skilled in Scrum, Leadership, Machine Learning, SQL, Python, Deep Learning.","Scrum, Leadership, Machine Learning, SQL, Python, Deep Learning",B.Sc,14,Job_210,Machine Learning Engineer,"React, Machine Learning, Agile, Deep Learning",0.7,Shortlisted
Candidate_171,"Experienced professional skilled in Python, Project Management, Communication, Leadership.","Python, Project Management, Communication, Leadership",M.Sc,8,Job_228,Machine Learning Engineer,"C++, Deep Learning, Project Management, Scrum",0.47,Rejected
Candidate_31,"Experienced professional skilled in C++, Communication, Python.","C++, Communication, Python",B.Tech,2,Job_242,Project Manager,"Machine Learning, SQL, Deep Learning, Node.js, React",0.08,Rejected
Candidate_180,"Experienced professional skilled in SQL, Communication, Project Management, Node.js.","SQL, Communication, Project Management, Node.js",M.Sc,9,Job_65,Data Scientist,"Deep Learning, Python",0.36,Rejected
Candidate_148,"Experienced professional skilled in Communication, Agile, Machine Learning, Deep Learning, SQL, Node.js.","Communication, Agile, Machine Learning, Deep Learning, SQL, Node.js",M.Sc,12,Job_387,Backend Developer,"Machine Learning, Node.js, React",0.8,Hired
Candidate_329,"Experienced professional skilled in Leadership, Agile, Project Management, React, SQL, Node.js.","Leadership, Agile, Project Management, React, SQL, Node.js",M.Tech,6,Job_345,Backend Developer,"Leadership, Java, Agile",0.64,Shortlisted
Candidate_19,"Experienced professional skilled in SQL, React, Agile, Communication, C++.","SQL, React, Agile, Communication, C++",MBA,6,Job_132,Backend Developer,"React, Node.js, Deep Learning, SQL",0.54,Shortlisted
Candidate_566,"Experienced professional skilled in SQL, Machine Learning, Java, Agile.","SQL, Machine Learning, Java, Agile",B.Sc,1,Job_133,Data Scientist,"Scrum, Deep Learning, Machine Learning, Node.js",0.19,Rejected
Candidate_530,"Experienced professional skilled in SQL, Deep Learning, Communication, Leadership, Python.","SQL, Deep Learning, Communication, Leadership, Python",B.Tech,10,Job_87,Frontend Developer,"Project Management, C++, Machine Learning",0.4,Rejected
Candidate_584,"Experienced professional skilled in Python, Agile, Java, Leadership, Communication, Deep Learning.","Python, Agile, Java, Leadership, Communication, Deep Learning",M.Sc,4,Job_300,Data Scientist,"React, Deep Learning, Agile",0.56,Shortlisted
Candidate_659,"Experienced professional skilled in SQL, Python, Agile.","SQL, Python, Agile",B.Tech,11,Job_182,Data Scientist,"SQL, Python, Agile",1.0,Hired
Candidate_876,"Experienced professional skilled in Python, Node.js, Machine Learning, Java, Agile, SQL.","Python, Node.js, Machine Learning, Java, Agile, SQL",B.Tech,12,Job_430,Frontend Developer,"Node.js, SQL, Agile, Project Management, Java",0.88,Hired
Candidate_23,"Experienced professional skilled in Project Management, C++, React, Deep Learning, Java.","Project Management, C++, React, Deep Learning, Java",MBA,12,Job_389,Machine Learning Engineer,"Java, C++, Agile, Python, Node.js",0.64,Shortlisted
Candidate_692,"Experienced professional skilled in Scrum, Communication, Python.","Scrum, Communication, Python",M.Tech,13,Job_25,Backend Developer,"Deep Learning, Project Management, Machine Learning, Java",0.4,Rejected
Candidate_458,"Experienced professional skilled in Deep Learning, Machine Learning, Leadership, Scrum.","Deep Learning, Machine Learning, Leadership, Scrum",M.Tech,14,Job_426,Project Manager,"Agile, Java, Python, Node.js",0.4,Rejected
Candidate_537,"Experienced professional skilled in Deep Learning, Agile, Leadership.","Deep Learning, Agile, Leadership",M.Sc,11,Job_389,Machine Learning Engineer,"Communication, Scrum, SQL, Leadership, React",0.52,Shortlisted
Candidate_540,"Experienced professional skilled in C++, Leadership, SQL, Communication, Python, Deep Learning.","C++, Leadership, SQL, Communication, Python, Deep Learning",B.Tech,13,Job_110,Frontend Developer,"React, Deep Learning, Java",0.6,Shortlisted
Candidate_586,"Experienced professional skilled in SQL, Python, Node.js.","SQL, Python, Node.js",B.Sc,13,Job_352,Data Scientist,"Communication, Deep Learning, Scrum, Machine Learning, Project Management",0.4,Rejected
Candidate_398,"Experienced professional skilled in React, Agile, SQL, Deep Learning, Node.js, C++.","React, Agile, SQL, Deep Learning, Node.js, C++",M.Tech,4,Job_130,Backend Developer,"C++, Project Management, Java, Python",0.31,Rejected
Candidate_937,"Experienced professional skilled in C++, Leadership, Machine Learning.","C++, Leadership, Machine Learning",M.Tech,10,Job_73,Machine Learning Engineer,"Scrum, Leadership, Communication",0.6,Shortlisted
Candidate_308,"Experienced professional skilled in SQL, Python, Scrum.","SQL, Python, Scrum",M.Tech,7,Job_266,Backend Developer,"Machine Learning, Agile",0.28,Rejected
Candidate_59,"Experienced professional skilled in Agile, Scrum, Machine Learning, Project Management, Node.js, Communication.","Agile, Scrum, Machine Learning, Project Management, Node.js, Communication",M.Sc,12,Job_494,Software Engineer,"Agile, Node.js",1.0,Hired
Candidate_141,"Experienced professional skilled in SQL, Agile, Node.js, Leadership, Java.","SQL, Agile, Node.js, Leadership, Java",B.Tech,10,Job_486,Data Scientist,"Communication, C++, Python, SQL, Project Management",0.52,Shortlisted
Candidate_725,"Experienced professional skilled in Agile, Node.js, Java, Machine Learning, Python.","Agile, Node.js, Java, Machine Learning, Python",M.Tech,3,Job_441,Data Scientist,"Leadership, SQL, Project Management, Agile",0.27,Rejected
Candidate_562,"Experienced professional skilled in Machine Learning, Python, Node.js, Communication.","Machine Learning, Python, Node.js, Communication",M.Sc,15,Job_360,Backend Developer,"Agile, Communication",0.7,Shortlisted
Candidate_533,"Experienced professional skilled in Communication, C++, Scrum, Java.","Communication, C++, Scrum, Java",M.Sc,14,Job_124,Frontend Developer,"Communication, Python, Node.js",0.6,Shortlisted
Candidate_649,"Experienced professional skilled in SQL, Deep Learning, Java, C++, Node.js.","SQL, Deep Learning, Java, C++, Node.js",M.Tech,11,Job_365,Machine Learning Engineer,"React, Python",0.4,Rejected
Candidate_305,"Experienced professional skilled in Java, Python, Leadership, Project Management, Communication.","Java, Python, Leadership, Project Management, Communication",M.Tech,10,Job_363,Frontend Developer,"Leadership, C++, Deep Learning",0.6,Shortlisted
Candidate_913,"Experienced professional skilled in Node.js, Java, React, Machine Learning, Python, SQL.","Node.js, Java, React, Machine Learning, Python, SQL",B.Tech,6,Job_449,Machine Learning Engineer,"Scrum, Deep Learning",0.24,Rejected
Candidate_261,"Experienced professional skilled in Python, Node.js, Project Management, Communication, Agile.","Python, Node.js, Project Management, Communication, Agile",M.Tech,14,Job_174,Project Manager,"Agile, Machine Learning, Leadership, Deep Learning, Scrum",0.52,Shortlisted
Candidate_680,"Experienced professional skilled in C++, Python, Communication.","C++, Python, Communication",M.Sc,5,Job_392,Frontend Developer,"Scrum, C++, Communication",0.6,Shortlisted
Candidate_497,"Experienced professional skilled in Leadership, Python, Project Management, Scrum, Java.","Leadership, Python, Project Management, Scrum, Java",M.Tech,6,Job_286,Frontend Developer,"SQL, Machine Learning, Agile, Communication, Java",0.36,Rejected
Candidate_677,"Experienced professional skilled in Java, SQL, Agile, Deep Learning, Leadership, Machine Learning.","Java, SQL, Agile, Deep Learning, Leadership, Machine Learning",MBA,12,Job_67,Project Manager,"Communication, Node.js",0.4,Rejected
Candidate_135,"Experienced professional skilled in C++, SQL, Scrum, Communication, Java.","C++, SQL, Scrum, Communication, Java",B.Sc,10,Job_400,Project Manager,"Agile, Deep Learning, Python, C++, React",0.52,Shortlisted
Candidate_363,"Experienced professional skilled in Agile, Machine Learning, Communication.","Agile, Machine Learning, Communication",M.Sc,3,Job_119,Machine Learning Engineer,"SQL, Leadership, Machine Learning, Project Management, Java",0.24,Rejected
Candidate_272,"Experienced professional skilled in Project Management, Python, Node.js.","Project Management, Python, Node.js",M.Tech,13,Job_390,Data Scientist,"Node.js, Python, Machine Learning",0.8,Hired
Candidate_580,"Experienced professional skilled in C++, React, Scrum, Communication, Project Management.","C++, React, Scrum, Communication, Project Management",MBA,12,Job_344,Backend Developer,"Java, C++, Deep Learning, React, Leadership",0.64,Shortlisted
Candidate_884,"Experienced professional skilled in Communication, Node.js, Machine Learning, Python, Scrum, Leadership.","Communication, Node.js, Machine Learning, Python, Scrum, Leadership",M.Sc,3,Job_70,Data Scientist,"Machine Learning, Java, Leadership, Scrum, SQL",0.48,Rejected
Candidate_349,"Experienced professional skilled in Leadership, Project Management, SQL, Python.","Leadership, Project Management, SQL, Python",M.Tech,13,Job_464,Machine Learning Engineer,"Machine Learning, Agile, Leadership",0.6,Shortlisted
Candidate_391,"Experienced professional skilled in Scrum, Agile, Deep Learning, SQL, Communication, Project Management.","Scrum, Agile, Deep Learning, SQL, Communication, Project Management",MBA,7,Job_409,Software Engineer,"Deep Learning, Project Management, React, Leadership, Scrum",0.64,Shortlisted
Candidate_738,"Experienced professional skilled in Node.js, Machine Learning, SQL, Java, Scrum.","Node.js, Machine Learning, SQL, Java, Scrum",M.Tech,3,Job_17,Project Manager,"Java, Agile",0.42,Rejected
Candidate_74,"Experienced professional skilled in Project Management, Java, Python, Node.js, C++.","Project Management, Java, Python, Node.js, C++",MBA,5,Job_150,Project Manager,"Leadership, SQL",0.2,Rejected
Candidate_378,"Experienced professional skilled in Agile, C++, Project Management, Scrum, React, SQL.","Agile, C++, Project Management, Scrum, React, SQL",B.Tech,6,Job_341,Project Manager,"Java, Scrum, Machine Learning, Node.js, Leadership",0.36,Rejected
Candidate_895,"Experienced professional skilled in Java, C++, Project Management.","Java, C++, Project Management",M.Sc,2,Job_314,Data Scientist,"Communication, Project Management, C++, Node.js",0.38,Rejected
Candidate_423,"Experienced professional skilled in Machine Learning, Scrum, SQL, Communication, Node.js.","Machine Learning, Scrum, SQL, Communication, Node.js",B.Sc,6,Job_360,Backend Developer,"C++, Leadership, Agile",0.24,Rejected
Candidate_794,"Experienced professional skilled in Agile, C++, Java, React, Python, Communication.","Agile, C++, Java, React, Python, Communication",M.Sc,1,Job_42,Frontend Developer,"SQL, Python",0.34,Rejected
Candidate_515,"Experienced professional skilled in Scrum, Machine Learning, Project Management, Python, Java.","Scrum, Machine Learning, Project Management, Python, Java",MBA,3,Job_157,Project Manager,"Node.js, SQL, React, Python, Scrum",0.36,Rejected
Candidate_531,"Experienced professional skilled in SQL, Agile, React.","SQL, Agile, React",M.Tech,10,Job_349,Backend Developer,"Python, React, Node.js",0.6,Shortlisted
Candidate_695,"Experienced professional skilled in C++, Node.js, Python, Scrum.","C++, Node.js, Python, Scrum",M.Sc,4,Job_439,Software Engineer,"Communication, Project Management",0.16,Rejected
Candidate_835,"Experienced professional skilled in C++, Project Management, Communication, Leadership, Python, React.","C++, Project Management, Communication, Leadership, Python, React",MBA,2,Job_187,Software Engineer,"SQL, Machine Learning, React, Leadership",0.38,Rejected
Candidate_769,"Experienced professional skilled in Leadership, SQL, React, Scrum.","Leadership, SQL, React, Scrum",MBA,6,Job_193,Backend Developer,"SQL, Communication, Agile, Machine Learning, Python",0.36,Rejected
Candidate_817,"Experienced professional skilled in Leadership, Project Management, Machine Learning, C++, Java.","Leadership, Project Management, Machine Learning, C++, Java",M.Sc,12,Job_308,Backend Developer,"Project Management, C++",1.0,Hired
Candidate_67,"Experienced professional skilled in Deep Learning, Python, C++, Scrum, Java, Communication.","Deep Learning, Python, C++, Scrum, Java, Communication",B.Tech,2,Job_432,Project Manager,"Scrum, Java",0.68,Shortlisted
Candidate_256,"Experienced professional skilled in Leadership, Java, C++, Project Management.","Leadership, Java, C++, Project Management",B.Sc,4,Job_216,Data Scientist,"Scrum, Agile",0.16,Rejected
Candidate_793,"Experienced professional skilled in React, Node.js, Deep Learning.","React, Node.js, Deep Learning",M.Tech,13,Job_454,Backend Developer,"Java, Agile",0.4,Rejected
Candidate_529,"Experienced professional skilled in React, Agile, Scrum, Node.js.","React, Agile, Scrum, Node.js",M.Tech,12,Job_363,Frontend Developer,"Deep Learning, Python, Project Management, Agile, Leadership",0.52,Shortlisted
Candidate_653,"Experienced professional skilled in Leadership, Machine Learning, Scrum, Agile, Deep Learning, Project Management.","Leadership, Machine Learning, Scrum, Agile, Deep Learning, Project Management",M.Tech,15,Job_132,Frontend Developer,"C++, Java, Scrum, React, Node.js",0.52,Shortlisted
Candidate_836,"Experienced professional skilled in Deep Learning, Machine Learning, Leadership, SQL, Project Management, Python.","Deep Learning, Machine Learning, Leadership, SQL, Project Management, Python",B.Tech,8,Job_87,Backend Developer,"Scrum, Node.js, Communication",0.32,Rejected
Candidate_246,"Experienced professional skilled in SQL, React, C++, Agile.","SQL, React, C++, Agile",B.Tech,12,Job_260,Software Engineer,"Node.js, Java, Leadership, Project Management, C++",0.52,Shortlisted
Candidate_280,"Experienced professional skilled in SQL, React, Python, C++, Node.js, Scrum.","SQL, React, Python, C++, Node.js, Scrum",B.Sc,15,Job_280,Project Manager,"Java, Leadership, Node.js, Project Management",0.55,Shortlisted
Candidate_320,"Experienced professional skilled in Python, React, Node.js.","Python, React, Node.js",B.Sc,5,Job_192,Data Scientist,"Python, React, Communication, Node.js, Agile",0.56,Shortlisted
Candidate_457,"Experienced professional skilled in React, Deep Learning, C++, Project Management.","React, Deep Learning, C++, Project Management",M.Tech,7,Job_6,Backend Developer,"Agile, React, Scrum",0.48,Rejected
Candidate_183,"Experienced professional skilled in Leadership, Agile, Deep Learning, Machine Learning, Communication, Java.","Leadership, Agile, Deep Learning, Machine Learning, Communication, Java",M.Tech,4,Job_259,Software Engineer,"Communication, Leadership, Machine Learning",0.76,Hired
Candidate_126,"Experienced professional skilled in Node.js, Project Management, React, SQL, Java, Scrum.","Node.js, Project Management, React, SQL, Java, Scrum",B.Tech,8,Job_280,Data Scientist,"Leadership, Deep Learning, Scrum",0.52,Shortlisted
Candidate_228,"Experienced professional skilled in Communication, Agile, Project Management, Scrum.","Communication, Agile, Project Management, Scrum",M.Tech,1,Job_226,Frontend Developer,"C++, Communication",0.34,Rejected
Candidate_945,"Experienced professional skilled in React, Project Management, Leadership, C++, Scrum.","React, Project Management, Leadership, C++, Scrum",M.Tech,15,Job_483,Frontend Developer,"Node.js, Communication, C++, Python, Leadership",0.64,Shortlisted
Candidate_9,"Experienced professional skilled in Python, SQL, Agile, Project Management, Scrum.","Python, SQL, Agile, Project Management, Scrum",B.Sc,1,Job_25,Software Engineer,"React, Java, SQL, Project Management, C++",0.28,Rejected
Candidate_767,"Experienced professional skilled in Scrum, Java, Machine Learning.","Scrum, Java, Machine Learning",B.Sc,5,Job_216,Machine Learning Engineer,"Leadership, Python",0.2,Rejected
Candidate_13,"Experienced professional skilled in React, Project Management, Agile.","React, Project Management, Agile",M.Sc,5,Job_233,Data Scientist,"Communication, Machine Learning",0.2,Rejected
Candidate_754,"Experienced professional skilled in Agile, Deep Learning, Java, React, C++.","Agile, Deep Learning, Java, React, C++",B.Tech,15,Job_386,Frontend Developer,"Scrum, Agile",0.7,Shortlisted
Candidate_364,"Experienced professional skilled in SQL, React, Java, Communication, Project Management.","SQL, React, Java, Communication, Project Management",M.Tech,8,Job_427,Machine Learning Engineer,"Scrum, SQL, Node.js, Agile",0.47,Rejected
Candidate_185,"Experienced professional skilled in Agile, Project Management, Scrum, Leadership, Python, React.","Agile, Project Management, Scrum, Leadership, Python, React",M.Tech,1,Job_239,Backend Developer,"Scrum, C++, SQL, React",0.34,Rejected
Candidate_315,"Experienced professional skilled in C++, Project Management, Leadership, Agile.","C++, Project Management, Leadership, Agile",MBA,2,Job_185,Machine Learning Engineer,"Scrum, Agile, Java, React",0.23,Rejected
Candidate_820,"Experienced professional skilled in Node.js, SQL, C++, Java, Scrum.","Node.js, SQL, C++, Java, Scrum",B.Tech,11,Job_274,Data Scientist,"Project Management, Deep Learning, Agile",0.4,Rejected
Candidate_609,"Experienced professional skilled in C++, Java, Communication.","C++, Java, Communication",B.Tech,7,Job_253,Machine Learning Engineer,"Deep Learning, React, C++, SQL",0.43,Rejected
Candidate_821,"Experienced professional skilled in SQL, React, Python.","SQL, React, Python",B.Tech,14,Job_388,Machine Learning Engineer,"Agile, SQL, Java, Machine Learning, Project Management",0.52,Shortlisted
Candidate_690,"Experienced professional skilled in Agile, C++, Scrum.","Agile, C++, Scrum",M.Sc,1,Job_371,Machine Learning Engineer,"Deep Learning, Python, Agile, Leadership",0.19,Rejected
Candidate_668,"Experienced professional skilled in Java, Scrum, Project Management, React.","Java, Scrum, Project Management, React",MBA,6,Job_30,Machine Learning Engineer,"Scrum, SQL, Project Management, Node.js",0.54,Shortlisted
Candidate_737,"Experienced professional skilled in Leadership, Communication, Project Management, React, Machine Learning.","Leadership, Communication, Project Management, React, Machine Learning",MBA,6,Job_434,Backend Developer,"Leadership, Agile, Scrum",0.44,Rejected
Candidate_513,"Experienced professional skilled in Communication, React, Project Management, Machine Learning.","Communication, React, Project Management, Machine Learning",B.Tech,5,Job_401,Frontend Developer,"Leadership, SQL, Machine Learning",0.4,Rejected
Candidate_291,"Experienced professional skilled in Leadership, Deep Learning, Project Management, Agile, Communication.","Leadership, Deep Learning, Project Management, Agile, Communication",B.Tech,13,Job_378,Frontend Developer,"SQL, Project Management, Deep Learning, C++, Leadership",0.76,Hired
Candidate_531,"Experienced professional skilled in Project Management, Java, Deep Learning, Agile.","Project Management, Java, Deep Learning, Agile",M.Sc,14,Job_221,Machine Learning Engineer,"Python, Communication, Scrum, Project Management, React",0.52,Shortlisted
Candidate_118,"Experienced professional skilled in Communication, React, Java, Machine Learning, Agile.","Communication, React, Java, Machine Learning, Agile",M.Sc,7,Job_414,Backend Developer,"Python, Machine Learning, Deep Learning, Communication",0.58,Shortlisted
Candidate_120,"Experienced professional skilled in Java, Deep Learning, Scrum.","Java, Deep Learning, Scrum",M.Tech,1,Job_472,Software Engineer,"Deep Learning, C++, Communication, Python",0.19,Rejected
Candidate_559,"Experienced professional skilled in Project Management, Node.js, Machine Learning, Scrum, Java, SQL.","Project Management, Node.js, Machine Learning, Scrum, Java, SQL",M.Tech,12,Job_165,Data Scientist,"Communication, Python, Deep Learning, Machine Learning, SQL",0.64,Shortlisted
Candidate_45,"Experienced professional skilled in Java, Scrum, Machine Learning, Project Management, Python.","Java, Scrum, Machine Learning, Project Management, Python",B.Sc,9,Job_140,Software Engineer,"Leadership, Scrum, Node.js",0.56,Shortlisted
Candidate_130,"Experienced professional skilled in Communication, Deep Learning, C++, React.","Communication, Deep Learning, C++, React",MBA,12,Job_212,Machine Learning Engineer,"Machine Learning, Node.js, React",0.6,Shortlisted
Candidate_808,"Experienced professional skilled in Java, Node.js, C++.","Java, Node.js, C++",M.Sc,8,Job_432,Data Scientist,"Scrum, Communication, Java",0.52,Shortlisted
Candidate_17,"Experienced professional skilled in C++, Scrum, Node.js, Leadership, Java, Agile.","C++, Scrum, Node.js, Leadership, Java, Agile",B.Tech,12,Job_1,Frontend Developer,"Machine Learning, SQL, Deep Learning, Project Management, React",0.4,Rejected
Candidate_416,"Experienced professional skilled in Agile, Python, Project Management.","Agile, Python, Project Management",MBA,8,Job_406,Frontend Developer,"Machine Learning, Deep Learning, Agile",0.52,Shortlisted
Candidate_269,"Experienced professional skilled in SQL, Python, Project Management, Communication, Node.js.","SQL, Python, Project Management, Communication, Node.js",M.Tech,10,Job_25,Data Scientist,"Python, Agile",0.7,Shortlisted
Candidate_295,"Experienced professional skilled in Agile, Project Management, SQL.","Agile, Project Management, SQL",B.Tech,5,Job_158,Data Scientist,"C++, Scrum, Leadership",0.2,Rejected
Candidate_730,"Experienced professional skilled in Project Management, Scrum, Communication, SQL, Leadership.","Project Management, Scrum, Communication, SQL, Leadership",M.Tech,8,Job_350,Software Engineer,"Machine Learning, Python, Leadership, Java, C++",0.44,Rejected
Candidate_637,"Experienced professional skilled in Communication, Machine Learning, Java, Scrum.","Communication, Machine Learning, Java, Scrum",M.Sc,2,Job_181,Project Manager,"Python, React, Project Management",0.08,Rejected
Candidate_58,"Experienced professional skilled in Leadership, Python, Scrum, Agile, Project Management, Machine Learning.","Leadership, Python, Scrum, Agile, Project Management, Machine Learning",M.Tech,4,Job_307,Machine Learning Engineer,"Leadership, Java",0.46,Rejected
Candidate_775,"Experienced professional skilled in Python, Leadership, Project Management.","Python, Leadership, Project Management",MBA,9,Job_302,Frontend Developer,"Agile, Java",0.36,Rejected
Candidate_827,"Experienced professional skilled in Scrum, Deep Learning, Java, Leadership.","Scrum, Deep Learning, Java, Leadership",B.Sc,13,Job_118,Machine Learning Engineer,"Scrum, Node.js",0.7,Shortlisted
Candidate_10,"Experienced professional skilled in Python, Node.js, Scrum, Communication.","Python, Node.js, Scrum, Communication",M.Tech,14,Job_164,Data Scientist,"Python, Project Management, Scrum, Agile",0.7,Shortlisted
Candidate_985,"Experienced professional skilled in Java, React, Project Management, C++, Machine Learning, Node.js.","Java, React, Project Management, C++, Machine Learning, Node.js",M.Sc,2,Job_434,Data Scientist,"Scrum, Communication, Java, Machine Learning, Agile",0.32,Rejected
Candidate_117,"Experienced professional skilled in React, C++, Scrum, Communication, Project Management.","React, C++, Scrum, Communication, Project Management",B.Sc,5,Job_91,Machine Learning Engineer,"Machine Learning, Leadership, Project Management, Scrum",0.5,Shortlisted
Candidate_157,"Experienced professional skilled in Deep Learning, Project Management, SQL, C++, Agile.","Deep Learning, Project Management, SQL, C++, Agile",B.Tech,5,Job_164,Software Engineer,"Java, Deep Learning, React, Python, Project Management",0.44,Rejected
Candidate_672,"Experienced professional skilled in Deep Learning, Leadership, Machine Learning, Agile, Python.","Deep Learning, Leadership, Machine Learning, Agile, Python",M.Tech,6,Job_127,Machine Learning Engineer,"Deep Learning, Agile",0.84,Hired
Candidate_728,"Experienced professional skilled in Communication, C++, Machine Learning, Deep Learning.","Communication, C++, Machine Learning, Deep Learning",MBA,13,Job_452,Frontend Developer,"Java, Agile, Leadership, Deep Learning, Machine Learning",0.64,Shortlisted
Candidate_637,"Experienced professional skilled in React, Python, Machine Learning, Project Management.","React, Python, Machine Learning, Project Management",M.Tech,3,Job_486,Frontend Developer,"Scrum, C++",0.12,Rejected
Candidate_771,"Experienced professional skilled in Agile, Leadership, C++, Machine Learning, React, Python.","Agile, Leadership, C++, Machine Learning, React, Python",M.Sc,2,Job_419,Frontend Developer,"Leadership, Agile, Java",0.48,Rejected
Candidate_153,"Experienced professional skilled in Scrum, C++, Communication, Java, Node.js.","Scrum, C++, Communication, Java, Node.js",M.Tech,4,Job_53,Frontend Developer,"Leadership, Deep Learning, C++",0.36,Rejected
Candidate_123,"Experienced professional skilled in Leadership, Python, Communication, Agile, Java.","Leadership, Python, Communication, Agile, Java",M.Sc,5,Job_252,Software Engineer,"C++, Project Management, React, Deep Learning",0.2,Rejected
Candidate_45,"Experienced professional skilled in C++, SQL, Python, Node.js, Machine Learning.","C++, SQL, Python, Node.js, Machine Learning",MBA,11,Job_257,Machine Learning Engineer,"React, C++",0.7,Shortlisted
Candidate_573,"Experienced professional skilled in Deep Learning, Agile, Machine Learning, Node.js.","Deep Learning, Agile, Machine Learning, Node.js",B.Tech,3,Job_286,Backend Developer,"Python, Machine Learning, Communication, C++",0.27,Rejected
Candidate_814,"Experienced professional skilled in Python, Java, Node.js, Leadership.","Python, Java, Node.js, Leadership",M.Sc,14,Job_436,Frontend Developer,"Java, Node.js, SQL, Scrum",0.7,Shortlisted
Candidate_302,"Experienced professional skilled in Agile, Java, Python, Leadership, Scrum, Deep Learning.","Agile, Java, Python, Leadership, Scrum, Deep Learning",MBA,9,Job_217,Frontend Developer,"Scrum, Java, Leadership, Project Management, Communication",0.72,Shortlisted
Candidate_752,"Experienced professional skilled in Project Management, Agile, Machine Learning, SQL, Scrum, React.","Project Management, Agile, Machine Learning, SQL, Scrum, React",B.Tech,7,Job_30,Machine Learning Engineer,"Deep Learning, Leadership, Communication, React",0.43,Rejected
Candidate_352,"Experienced professional skilled in C++, Communication, React, Machine Learning, Scrum.","C++, Communication, React, Machine Learning, Scrum",B.Sc,4,Job_476,Data Scientist,"Communication, Scrum",0.76,Hired
Candidate_339,"Experienced professional skilled in Leadership, Communication, C++, Java, Agile, SQL.","Leadership, Communication, C++, Java, Agile, SQL",M.Tech,14,Job_389,Machine Learning Engineer,"Deep Learning, Node.js, Leadership",0.6,Shortlisted
Candidate_491,"Experienced professional skilled in React, Deep Learning, Scrum, Python.","React, Deep Learning, Scrum, Python",M.Sc,2,Job_249,Data Scientist,"Project Management, Scrum, Agile",0.28,Rejected
Candidate_322,"Experienced professional skilled in C++, Agile, Leadership.","C++, Agile, Leadership",M.Tech,14,Job_238,Machine Learning Engineer,"Communication, Deep Learning",0.4,Rejected
Candidate_109,"Experienced professional skilled in React, Scrum, Deep Learning, Leadership.","React, Scrum, Deep Learning, Leadership",M.Sc,13,Job_499,Data Scientist,"Python, Scrum, React",0.8,Hired
Candidate_446,"Experienced professional skilled in Python, Communication, Machine Learning, Agile, Java, Scrum.","Python, Communication, Machine Learning, Agile, Java, Scrum",MBA,11,Job_13,Machine Learning Engineer,"React, Python, Machine Learning",0.8,Hired
Candidate_463,"Experienced professional skilled in Leadership, Java, React, SQL.","Leadership, Java, React, SQL",M.Tech,11,Job_243,Backend Developer,"Machine Learning, Project Management, React, Scrum, C++",0.52,Shortlisted
Candidate_61,"Experienced professional skilled in C++, Agile, Node.js, Python, Communication, Project Management.","C++, Agile, Node.js, Python, Communication, Project Management",MBA,10,Job_395,Software Engineer,"Node.js, Java, React",0.6,Shortlisted
Candidate_103,"Experienced professional skilled in C++, Leadership, Communication.","C++, Leadership, Communication",M.Sc,12,Job_290,Project Manager,"Python, Machine Learning, Agile, Node.js",0.4,Rejected
Candidate_481,"Experienced professional skilled in Leadership, React, SQL.","Leadership, React, SQL",B.Tech,9,Job_340,Machine Learning Engineer,"Agile, Node.js",0.36,Rejected
Candidate_715,"Experienced professional skilled in Python, React, Agile, C++.","Python, React, Agile, C++",M.Sc,7,Job_52,Data Scientist,"SQL, C++",0.58,Shortlisted
Candidate_779,"Experienced professional skilled in Project Management, Communication, Scrum, Java.","Project Management, Communication, Scrum, Java",MBA,2,Job_23,Machine Learning Engineer,"Communication, Machine Learning, Project Management",0.48,Rejected
Candidate_179,"Experienced professional skilled in Agile, React, Machine Learning.","Agile, React, Machine Learning",MBA,4,Job_499,Frontend Developer,"Java, Scrum, Agile, SQL",0.31,Rejected
Candidate_781,"Experienced professional skilled in Machine Learning, Java, Scrum, Deep Learning, Agile.","Machine Learning, Java, Scrum, Deep Learning, Agile",B.Tech,11,Job_498,Project Manager,"Machine Learning, Communication",0.7,Shortlisted
Candidate_144,"Experienced professional skilled in Project Management, Scrum, C++.","Project Management, Scrum, C++",MBA,1,Job_138,Machine Learning Engineer,"Deep Learning, Node.js, Agile, Communication, Machine Learning",0.04,Rejected
Candidate_653,"Experienced professional skilled in Leadership, C++, Agile, Machine Learning, Scrum, Deep Learning.","Leadership, C++, Agile, Machine Learning, Scrum, Deep Learning",B.Sc,10,Job_49,Project Manager,"Project Management, Communication",0.4,Rejected
Candidate_226,"Experienced professional skilled in SQL, Deep Learning, Python.","SQL, Deep Learning, Python",M.Sc,3,Job_191,Software Engineer,"Agile, Project Management",0.12,Rejected
Candidate_529,"Experienced professional skilled in Agile, Scrum, React, Leadership.","Agile, Scrum, React, Leadership",MBA,11,Job_210,Data Scientist,"Leadership, C++, Node.js",0.6,Shortlisted
Candidate_919,"Experienced professional skilled in C++, SQL, Java.","C++, SQL, Java",B.Tech,9,Job_461,Data Scientist,"Python, Communication",0.36,Rejected
Candidate_543,"Experienced professional skilled in React, Node.js, Machine Learning.","React, Node.js, Machine Learning",M.Tech,11,Job_466,Data Scientist,"Node.js, Leadership, SQL, Python, Scrum",0.52,Shortlisted
Candidate_366,"Experienced professional skilled in Agile, React, Project Management, Python, Deep Learning, Machine Learning.","Agile, React, Project Management, Python, Deep Learning, Machine Learning",M.Sc,10,Job_295,Software Engineer,"SQL, C++, Machine Learning, Node.js",0.55,Shortlisted
Candidate_366,"Experienced professional skilled in C++, React, Java, Node.js.","C++, React, Java, Node.js",M.Tech,7,Job_471,Project Manager,"C++, Node.js, Java, Project Management",0.73,Shortlisted
Candidate_683,"Experienced professional skilled in React, Python, Node.js, Java, C++, Scrum.","React, Python, Node.js, Java, C++, Scrum",M.Sc,8,Job_128,Frontend Developer,"Java, SQL, Scrum, Deep Learning, React",0.68,Shortlisted
Candidate_453,"Experienced professional skilled in Scrum, Leadership, Deep Learning, C++, Communication, SQL.","Scrum, Leadership, Deep Learning, C++, Communication, SQL",B.Tech,13,Job_458,Software Engineer,"Project Management, Machine Learning, Node.js, Scrum",0.55,Shortlisted
Candidate_29,"Experienced professional skilled in Deep Learning, Python, Project Management, Leadership, SQL.","Deep Learning, Python, Project Management, Leadership, SQL",M.Tech,5,Job_39,Machine Learning Engineer,"Scrum, Node.js",0.2,Rejected
Candidate_28,"Experienced professional skilled in Java, React, Communication.","Java, React, Communication",M.Tech,9,Job_26,Machine Learning Engineer,"React, Scrum, Machine Learning, C++, Java",0.6,Shortlisted
Candidate_455,"Experienced professional skilled in SQL, Scrum, Deep Learning, C++, Python.","SQL, Scrum, Deep Learning, C++, Python",M.Sc,11,Job_299,Software Engineer,"Communication, Project Management, Python",0.6,Shortlisted
Candidate_158,"Experienced professional skilled in Project Management, Deep Learning, React, Agile, Python, Leadership.","Project Management, Deep Learning, React, Agile, Python, Leadership",B.Tech,5,Job_51,Frontend Developer,"Node.js, Project Management, Java, SQL",0.35,Rejected
Candidate_294,"Experienced professional skilled in Leadership, Project Management, Agile.","Leadership, Project Management, Agile",M.Tech,13,Job_440,Frontend Developer,"Communication, Scrum, SQL, React, Java",0.4,Rejected
Candidate_18,"Experienced professional skilled in SQL, Agile, Scrum, Deep Learning, Python, Java.","SQL, Agile, Scrum, Deep Learning, Python, Java",M.Tech,11,Job_408,Frontend Developer,"Python, Deep Learning, Machine Learning, Leadership",0.7,Shortlisted
Candidate_866,"Experienced professional skilled in Scrum, Leadership, Machine Learning, React, Node.js.","Scrum, Leadership, Machine Learning, React, Node.js",B.Tech,1,Job_366,Software Engineer,"Leadership, C++, Node.js, React, Agile",0.4,Rejected
Candidate_511,"Experienced professional skilled in Project Management, Communication, Node.js.","Project Management, Communication, Node.js",B.Sc,2,Job_89,Project Manager,"Project Management, Leadership, Agile, Node.js",0.38,Rejected
Candidate_288,"Experienced professional skilled in Project Management, Deep Learning, Java, React, Communication.","Project Management, Deep Learning, Java, React, Communication",B.Sc,13,Job_497,Backend Developer,"Agile, Deep Learning, Java",0.8,Hired
Candidate_470,"Experienced professional skilled in Deep Learning, Agile, Python, Node.js, Scrum.","Deep Learning, Agile, Python, Node.js, Scrum",M.Sc,1,Job_153,Project Manager,"Project Management, SQL, Java",0.04,Rejected
Candidate_668,"Experienced professional skilled in React, Project Management, Node.js.","React, Project Management, Node.js",B.Tech,1,Job_301,Frontend Developer,"Node.js, Agile, C++",0.24,Rejected
Candidate_77,"Experienced professional skilled in Node.js, React, Leadership, C++.","Node.js, React, Leadership, C++",MBA,7,Job_336,Software Engineer,"Python, React",0.58,Shortlisted
Candidate_840,"Experienced professional skilled in Leadership, C++, React, Communication, Node.js, Scrum.","Leadership, C++, React, Communication, Node.js, Scrum",M.Tech,11,Job_477,Software Engineer,"Deep Learning, Java, Agile, SQL, Machine Learning",0.4,Rejected
Candidate_886,"Experienced professional skilled in Java, C++, Leadership, Agile.","Java, C++, Leadership, Agile",B.Sc,13,Job_244,Project Manager,"Deep Learning, Machine Learning, Leadership, Agile, Communication",0.64,Shortlisted
Candidate_452,"Experienced professional skilled in Machine Learning, Java, Communication.","Machine Learning, Java, Communication",B.Tech,10,Job_36,Frontend Developer,"Machine Learning, SQL, Deep Learning, C++, Agile",0.52,Shortlisted
Candidate_817,"Experienced professional skilled in Communication, Project Management, Python, React.","Communication, Project Management, Python, React",M.Tech,6,Job_396,Frontend Developer,"SQL, Communication",0.54,Shortlisted
Candidate_934,"Experienced professional skilled in Machine Learning, Scrum, Python, Java.","Machine Learning, Scrum, Python, Java",MBA,15,Job_317,Frontend Developer,"React, Agile, Machine Learning",0.6,Shortlisted
Candidate_539,"Experienced professional skilled in Project Management, SQL, Machine Learning, C++.","Project Management, SQL, Machine Learning, C++",M.Tech,5,Job_49,Data Scientist,"React, Communication, SQL",0.4,Rejected
Candidate_125,"Experienced professional skilled in Machine Learning, SQL, Deep Learning.","Machine Learning, SQL, Deep Learning",M.Sc,11,Job_326,Machine Learning Engineer,"Python, Deep Learning, Project Management, Agile",0.55,Shortlisted
Candidate_785,"Experienced professional skilled in React, Node.js, SQL, Python, Communication.","React, Node.js, SQL, Python, Communication",MBA,4,Job_439,Data Scientist,"React, Agile, Java",0.36,Rejected
Candidate_959,"Experienced professional skilled in Agile, Node.js, Deep Learning, Communication.","Agile, Node.js, Deep Learning, Communication",B.Sc,3,Job_440,Project Manager,"Node.js, Scrum, Project Management, Python",0.27,Rejected
Candidate_632,"Experienced professional skilled in Python, C++, Deep Learning.","Python, C++, Deep Learning",B.Tech,14,Job_242,Software Engineer,"Agile, Project Management",0.4,Rejected
Candidate_837,"Experienced professional skilled in Scrum, Machine Learning, Leadership, Python, React, Node.js.","Scrum, Machine Learning, Leadership, Python, React, Node.js",B.Tech,1,Job_291,Backend Developer,"Python, Leadership, Project Management",0.44,Rejected
Candidate_793,"Experienced professional skilled in SQL, Machine Learning, Java.","SQL, Machine Learning, Java",B.Sc,13,Job_428,Software Engineer,"Java, Project Management, React",0.6,Shortlisted
Candidate_156,"Experienced professional skilled in Communication, Java, Scrum, SQL.","Communication, Java, Scrum, SQL",B.Sc,15,Job_425,Data Scientist,"Agile, SQL, React",0.6,Shortlisted
Candidate_802,"Experienced professional skilled in SQL, Node.js, Machine Learning, Leadership, Project Management, Scrum.","SQL, Node.js, Machine Learning, Leadership, Project Management, Scrum",B.Sc,10,Job_302,Project Manager,"Node.js, Scrum, Deep Learning",0.8,Hired
Candidate_582,"Experienced professional skilled in Machine Learning, Leadership, Java, Agile, SQL.","Machine Learning, Leadership, Java, Agile, SQL",MBA,9,Job_38,Project Manager,"Python, Project Management, Node.js, Java, Leadership",0.6,Shortlisted
Candidate_666,"Experienced professional skilled in C++, Machine Learning, Project Management, Deep Learning, Agile, Python.","C++, Machine Learning, Project Management, Deep Learning, Agile, Python",M.Tech,7,Job_267,Backend Developer,"Communication, React, Deep Learning, Java, Node.js",0.4,Rejected
Candidate_871,"Experienced professional skilled in Node.js, Deep Learning, Leadership, Python, Scrum.","Node.js, Deep Learning, Leadership, Python, Scrum",B.Tech,3,Job_353,Data Scientist,"Python, Java, Leadership, Agile, Communication",0.36,Rejected
Candidate_879,"Experienced professional skilled in C++, Agile, Scrum, Node.js, Deep Learning, React.","C++, Agile, Scrum, Node.js, Deep Learning, React",MBA,3,Job_219,Frontend Developer,"Communication, Project Management, Deep Learning, Python",0.27,Rejected
Candidate_39,"Experienced professional skilled in Deep Learning, Agile, Communication, Project Management.","Deep Learning, Agile, Communication, Project Management",M.Tech,5,Job_105,Software Engineer,"Java, Leadership, Project Management, Deep Learning",0.5,Shortlisted
Candidate_351,"Experienced professional skilled in Deep Learning, Agile, Machine Learning, Leadership, SQL, C++.","Deep Learning, Agile, Machine Learning, Leadership, SQL, C++",B.Tech,9,Job_369,Software Engineer,"Python, Project Management, React, Scrum, SQL",0.48,Rejected
Candidate_565,"Experienced professional skilled in Scrum, Node.js, Java, SQL, Leadership.","Scrum, Node.js, Java, SQL, Leadership",M.Tech,4,Job_495,Backend Developer,"Communication, Scrum",0.46,Rejected
Candidate_169,"Experienced professional skilled in React, Machine Learning, SQL.","React, Machine Learning, SQL",M.Sc,1,Job_163,Backend Developer,"Communication, Leadership, Python, SQL",0.19,Rejected
Candidate_699,"Experienced professional skilled in Agile, Leadership, Deep Learning, Communication, Scrum.","Agile, Leadership, Deep Learning, Communication, Scrum",M.Sc,10,Job_441,Project Manager,"Scrum, Project Management, Leadership, Deep Learning, Agile",0.88,Hired
Candidate_387,"Experienced professional skilled in C++, Agile, SQL, React, Python.","C++, Agile, SQL, React, Python",MBA,1,Job_49,Software Engineer,"SQL, Machine Learning",0.34,Rejected
Candidate_246,"Experienced professional skilled in Node.js, React, Scrum.","Node.js, React, Scrum",MBA,2,Job_427,Project Manager,"Machine Learning, C++",0.08,Rejected
Candidate_112,"Experienced professional skilled in Communication, SQL, Leadership, React.","Communication, SQL, Leadership, React",B.Sc,15,Job_318,Frontend Developer,"Leadership, C++, Deep Learning",0.6,Shortlisted
Candidate_173,"Experienced professional skilled in C++, Python, Communication.","C++, Python, Communication",M.Tech,13,Job_182,Data Scientist,"Python, Machine Learning",0.7,Shortlisted
Candidate_938,"Experienced professional skilled in React, Java, Scrum, Project Management.","React, Java, Scrum, Project Management",B.Sc,1,Job_122,Data Scientist,"Scrum, C++, Agile, Python",0.19,Rejected
Candidate_948,"Experienced professional skilled in Node.js, Machine Learning, C++, Deep Learning, Leadership.","Node.js, Machine Learning, C++, Deep Learning, Leadership",M.Tech,3,Job_357,Machine Learning Engineer,"SQL, Communication, Agile",0.12,Rejected
Candidate_271,"Experienced professional skilled in Scrum, Python, Leadership, Machine Learning, Java.","Scrum, Python, Leadership, Machine Learning, Java",M.Tech,10,Job_350,Project Manager,"Communication, Machine Learning, Python, Java",0.85,Hired
Candidate_308,"Experienced professional skilled in Python, Node.js, Communication, Machine Learning.","Python, Node.js, Communication, Machine Learning",M.Tech,10,Job_98,Backend Developer,"React, Machine Learning, Scrum, Agile, SQL",0.52,Shortlisted
Candidate_854,"Experienced professional skilled in Python, Machine Learning, Java, Project Management.","Python, Machine Learning, Java, Project Management",B.Tech,9,Job_309,Frontend Developer,"Deep Learning, React, C++",0.36,Rejected
Candidate_960,"Experienced professional skilled in Scrum, SQL, Communication, Project Management, Leadership, Machine Learning.","Scrum, SQL, Communication, Project Management, Leadership, Machine Learning",M.Tech,6,Job_267,Project Manager,"Java, C++, SQL",0.44,Rejected
Candidate_582,"Experienced professional skilled in Communication, Agile, C++, React, Node.js, Leadership.","Communication, Agile, C++, React, Node.js, Leadership",B.Sc,15,Job_178,Frontend Developer,"Machine Learning, Node.js",0.7,Shortlisted
Candidate_142,"Experienced professional skilled in React, Agile, Project Management, Scrum, Communication.","React, Agile, Project Management, Scrum, Communication",M.Sc,14,Job_425,Project Manager,"Node.js, Communication, Machine Learning, Project Management, C++",0.64,Shortlisted
Candidate_79,"Experienced professional skilled in Leadership, Scrum, Agile.","Leadership, Scrum, Agile",MBA,15,Job_483,Project Manager,"Java, React",0.4,Rejected
Candidate_589,"Experienced professional skilled in Agile, Leadership, Java.","Agile, Leadership, Java",MBA,2,Job_250,Software Engineer,"Deep Learning, Java, SQL, Leadership",0.38,Rejected
Candidate_971,"Experienced professional skilled in Machine Learning, Scrum, Node.js, SQL.","Machine Learning, Scrum, Node.js, SQL",MBA,11,Job_10,Data Scientist,"C++, Deep Learning, Python, Leadership",0.4,Rejected
Candidate_130,"Experienced professional skilled in Python, C++, Project Management, Agile.","Python, C++, Project Management, Agile",M.Sc,13,Job_297,Frontend Developer,"Communication, Deep Learning, Leadership",0.4,Rejected
Candidate_156,"Experienced professional skilled in C++, Agile, Leadership, Project Management, Communication.","C++, Agile, Leadership, Project Management, Communication",MBA,6,Job_354,Data Scientist,"Agile, C++, Project Management, SQL, Scrum",0.6,Shortlisted
Candidate_680,"Experienced professional skilled in C++, SQL, Java, Machine Learning, Python, React.","C++, SQL, Java, Machine Learning, Python, React",M.Sc,11,Job_61,Machine Learning Engineer,"Scrum, Python, Java, C++, Project Management",0.76,Hired
Candidate_187,"Experienced professional skilled in Scrum, Machine Learning, Java.","Scrum, Machine Learning, Java",B.Tech,9,Job_30,Frontend Developer,"SQL, Machine Learning, Deep Learning, C++, Leadership",0.48,Rejected
Candidate_685,"Experienced professional skilled in SQL, Project Management, Node.js, Leadership, Python, React.","SQL, Project Management, Node.js, Leadership, Python, React",M.Sc,1,Job_230,Backend Developer,"Scrum, Machine Learning, SQL",0.24,Rejected
Candidate_558,"Experienced professional skilled in React, Machine Learning, C++, Java, Python.","React, Machine Learning, C++, Java, Python",B.Sc,15,Job_349,Frontend Developer,"C++, Node.js",0.7,Shortlisted
Candidate_74,"Experienced professional skilled in Java, Agile, Machine Learning.","Java, Agile, Machine Learning",M.Tech,13,Job_188,Frontend Developer,"Leadership, Python, Project Management, Java, Communication",0.52,Shortlisted
Candidate_986,"Experienced professional skilled in Agile, Scrum, Deep Learning, C++.","Agile, Scrum, Deep Learning, C++",B.Sc,7,Job_102,Frontend Developer,"Communication, React, Machine Learning, Deep Learning, Java",0.4,Rejected
Candidate_944,"Experienced professional skilled in Leadership, Machine Learning, Deep Learning.","Leadership, Machine Learning, Deep Learning",B.Tech,7,Job_16,Backend Developer,"Deep Learning, SQL",0.58,Shortlisted
Candidate_374,"Experienced professional skilled in Project Management, Deep Learning, Scrum, Python, Machine Learning.","Project Management, Deep Learning, Scrum, Python, Machine Learning",M.Tech,15,Job_109,Frontend Developer,"C++, Communication, Deep Learning, Java, Scrum",0.64,Shortlisted
Candidate_623,"Experienced professional skilled in Scrum, Leadership, Python, Java, SQL, C++.","Scrum, Leadership, Python, Java, SQL, C++",MBA,8,Job_168,Frontend Developer,"Scrum, Leadership",0.92,Hired
Candidate_620,"Experienced professional skilled in Java, Deep Learning, Communication, Scrum, Agile.","Java, Deep Learning, Communication, Scrum, Agile",M.Tech,1,Job_24,Backend Developer,"Project Management, SQL, Leadership, Java",0.19,Rejected
Candidate_535,"Experienced professional skilled in Python, Node.js, Deep Learning, Agile, Communication.","Python, Node.js, Deep Learning, Agile, Communication",M.Tech,5,Job_437,Machine Learning Engineer,"Node.js, C++, Deep Learning, SQL",0.5,Shortlisted
Candidate_270,"Experienced professional skilled in Machine Learning, SQL, Scrum, Java, Deep Learning.","Machine Learning, SQL, Scrum, Java, Deep Learning",M.Tech,1,Job_23,Software Engineer,"Scrum, Communication",0.34,Rejected
Candidate_763,"Experienced professional skilled in Scrum, Deep Learning, Node.js, Leadership.","Scrum, Deep Learning, Node.js, Leadership",M.Tech,13,Job_325,Backend Developer,"Java, Node.js, C++, Project Management",0.55,Shortlisted
Candidate_988,"Experienced professional skilled in React, Deep Learning, Machine Learning, Agile.","React, Deep Learning, Machine Learning, Agile",MBA,9,Job_21,Project Manager,"Scrum, Agile",0.66,Shortlisted
Candidate_336,"Experienced professional skilled in Project Management, Deep Learning, Leadership, Scrum.","Project Management, Deep Learning, Leadership, Scrum",MBA,14,Job_386,Frontend Developer,"Machine Learning, Java, Node.js",0.4,Rejected
Candidate_370,"Experienced professional skilled in Deep Learning, Machine Learning, Node.js, SQL.","Deep Learning, Machine Learning, Node.js, SQL",M.Tech,5,Job_272,Data Scientist,"Scrum, Project Management, Java, Leadership, Python",0.2,Rejected
Candidate_631,"Experienced professional skilled in Machine Learning, Leadership, Communication, React, SQL, Java.","Machine Learning, Leadership, Communication, React, SQL, Java",M.Tech,6,Job_193,Project Manager,"Agile, Scrum",0.24,Rejected
Candidate_889,"Experienced professional skilled in Deep Learning, Leadership, Python, Scrum.","Deep Learning, Leadership, Python, Scrum",M.Tech,4,Job_167,Data Scientist,"SQL, C++, Scrum, Java",0.31,Rejected
Candidate_715,"Experienced professional skilled in Agile, C++, Python, Machine Learning, Communication.","Agile, C++, Python, Machine Learning, Communication",B.Tech,4,Job_172,Machine Learning Engineer,"SQL, Agile, Python, Project Management, Machine Learning",0.52,Shortlisted
Candidate_200,"Experienced professional skilled in Deep Learning, React, SQL, Project Management.","Deep Learning, React, SQL, Project Management",B.Sc,3,Job_421,Frontend Developer,"SQL, C++",0.42,Rejected
Candidate_110,"Experienced professional skilled in Communication, Project Management, Node.js.","Communication, Project Management, Node.js",B.Sc,7,Job_30,Frontend Developer,"Project Management, Agile",0.58,Shortlisted
Candidate_163,"Experienced professional skilled in Node.js, Java, Agile.","Node.js, Java, Agile",MBA,10,Job_322,Machine Learning Engineer,"Java, Python, C++, Agile",0.7,Shortlisted
Candidate_29,"Experienced professional skilled in Agile, Project Management, Communication, React, SQL, Node.js.","Agile, Project Management, Communication, React, SQL, Node.js",B.Tech,5,Job_52,Software Engineer,"Machine Learning, React, Deep Learning",0.4,Rejected
Candidate_808,"Experienced professional skilled in Agile, Machine Learning, Deep Learning, Java, Node.js.","Agile, Machine Learning, Deep Learning, Java, Node.js",MBA,11,Job_68,Project Manager,"Python, Communication, Node.js, Project Management, C++",0.52,Shortlisted
Candidate_721,"Experienced professional skilled in Project Management, Deep Learning, C++, SQL, Agile, Node.js.","Project Management, Deep Learning, C++, SQL, Agile, Node.js",B.Tech,15,Job_451,Software Engineer,"Python, SQL",0.7,Shortlisted
Candidate_876,"Experienced professional skilled in Java, Agile, C++, Deep Learning, Node.js, Machine Learning.","Java, Agile, C++, Deep Learning, Node.js, Machine Learning",B.Sc,2,Job_7,Machine Learning Engineer,"Project Management, React",0.08,Rejected
Candidate_968,"Experienced professional skilled in Project Management, Deep Learning, Scrum, Node.js, React, C++.","Project Management, Deep Learning, Scrum, Node.js, React, C++",M.Tech,14,Job_282,Frontend Developer,"Node.js, Deep Learning",1.0,Hired
Candidate_569,"Experienced professional skilled in SQL, Leadership, Agile, Java, C++.","SQL, Leadership, Agile, Java, C++",B.Sc,12,Job_500,Machine Learning Engineer,"Scrum, Agile, Project Management",0.6,Shortlisted
Candidate_307,"Experienced professional skilled in Agile, Python, Machine Learning, C++, Communication.","Agile, Python, Machine Learning, C++, Communication",B.Tech,15,Job_27,Project Manager,"Python, Scrum",0.7,Shortlisted
Candidate_734,"Experienced professional skilled in Project Management, SQL, Leadership.","Project Management, SQL, Leadership",B.Tech,6,Job_387,Project Manager,"Leadership, Scrum, React, Project Management",0.54,Shortlisted
Candidate_985,"Experienced professional skilled in Agile, Java, C++, Python, Machine Learning, Node.js.","Agile, Java, C++, Python, Machine Learning, Node.js",B.Sc,8,Job_210,Frontend Developer,"Java, C++, Project Management, Deep Learning",0.62,Shortlisted
Candidate_140,"Experienced professional skilled in Java, SQL, Machine Learning, Node.js, Communication, C++.","Java, SQL, Machine Learning, Node.js, Communication, C++",B.Sc,15,Job_38,Project Manager,"Java, Agile",0.7,Shortlisted
Candidate_814,"Experienced professional skilled in Project Management, Scrum, Communication, React, Python, Deep Learning.","Project Management, Scrum, Communication, React, Python, Deep Learning",B.Sc,12,Job_28,Software Engineer,"Agile, Project Management",0.7,Shortlisted
Candidate_428,"Experienced professional skilled in Node.js, Java, C++, Project Management, React, Communication.","Node.js, Java, C++, Project Management, React, Communication",M.Sc,12,Job_484,Backend Developer,"Java, C++",1.0,Hired
Candidate_57,"Experienced professional skilled in SQL, React, C++, Node.js.","SQL, React, C++, Node.js",B.Tech,4,Job_233,Frontend Developer,"Leadership, Java, Project Management",0.16,Rejected
Candidate_103,"Experienced professional skilled in Deep Learning, Scrum, SQL, Project Management, Communication.","Deep Learning, Scrum, SQL, Project Management, Communication",B.Sc,14,Job_396,Backend Developer,"Machine Learning, Deep Learning, React, Node.js, Leadership",0.52,Shortlisted
Candidate_479,"Experienced professional skilled in C++, Java, React, Python, Communication, Leadership.","C++, Java, React, Python, Communication, Leadership",B.Sc,2,Job_462,Frontend Developer,"Leadership, React, Node.js, Scrum",0.38,Rejected
Candidate_448,"Experienced professional skilled in Scrum, Deep Learning, Project Management, React.","Scrum, Deep Learning, Project Management, React",M.Tech,14,Job_225,Data Scientist,"Deep Learning, Node.js",0.7,Shortlisted
Candidate_287,"Experienced professional skilled in Python, C++, Leadership, Communication, Project Management.","Python, C++, Leadership, Communication, Project Management",M.Sc,3,Job_381,Software Engineer,"Project Management, Java, SQL, React, C++",0.36,Rejected
Candidate_875,"Experienced professional skilled in Communication, Node.js, Python, React, SQL, Agile.","Communication, Node.js, Python, React, SQL, Agile",M.Tech,6,Job_224,Data Scientist,"Leadership, React",0.54,Shortlisted
Candidate_570,"Experienced professional skilled in C++, Python, Machine Learning, Communication, Deep Learning, Scrum.","C++, Python, Machine Learning, Communication, Deep Learning, Scrum",M.Tech,5,Job_299,Software Engineer,"SQL, Python, Project Management, Machine Learning",0.5,Shortlisted
Candidate_11,"Experienced professional skilled in Agile, Leadership, SQL, React, C++, Communication.","Agile, Leadership, SQL, React, C++, Communication",B.Tech,2,Job_361,Frontend Developer,"Communication, C++, Deep Learning, Java",0.38,Rejected
Candidate_466,"Experienced professional skilled in SQL, Python, Scrum, Java, Project Management.","SQL, Python, Scrum, Java, Project Management",M.Tech,1,Job_89,Data Scientist,"Deep Learning, Communication, React, Python",0.19,Rejected
Candidate_57,"Experienced professional skilled in Agile, Project Management, Communication.","Agile, Project Management, Communication",B.Tech,14,Job_65,Data Scientist,"Java, Scrum, Deep Learning",0.4,Rejected
Candidate_501,"Experienced professional skilled in Agile, Scrum, Python, Communication.","Agile, Scrum, Python, Communication",B.Sc,9,Job_238,Machine Learning Engineer,"SQL, Agile, Python",0.76,Hired
Candidate_930,"Experienced professional skilled in Python, Deep Learning, Java, C++.","Python, Deep Learning, Java, C++",MBA,1,Job_8,Backend Developer,"Leadership, Deep Learning",0.34,Rejected
Candidate_397,"Experienced professional skilled in Java, Communication, Leadership, Python, Scrum.","Java, Communication, Leadership, Python, Scrum",B.Tech,5,Job_429,Data Scientist,"SQL, C++",0.2,Rejected
Candidate_560,"Experienced professional skilled in Node.js, Python, Leadership, Scrum, Machine Learning, Java.","Node.js, Python, Leadership, Scrum, Machine Learning, Java",MBA,7,Job_463,Software Engineer,"SQL, Leadership, C++, Deep Learning",0.43,Rejected
Candidate_66,"Experienced professional skilled in Communication, Machine Learning, Java, Python, Deep Learning.","Communication, Machine Learning, Java, Python, Deep Learning",B.Sc,11,Job_467,Data Scientist,"SQL, Project Management, Deep Learning, React, Leadership",0.52,Shortlisted
Candidate_390,"Experienced professional skilled in Agile, Node.js, React, Deep Learning.","Agile, Node.js, React, Deep Learning",M.Tech,1,Job_111,Frontend Developer,"Project Management, Communication",0.04,Rejected
Candidate_13,"Experienced professional skilled in Python, Communication, Agile.","Python, Communication, Agile",M.Tech,13,Job_114,Data Scientist,"Node.js, Project Management, Deep Learning, React, C++",0.4,Rejected
Candidate_318,"Experienced professional skilled in Communication, Machine Learning, Python, Deep Learning.","Communication, Machine Learning, Python, Deep Learning",M.Sc,14,Job_181,Data Scientist,"C++, Deep Learning, Communication",0.8,Hired
Candidate_805,"Experienced professional skilled in Java, Node.js, Scrum, Deep Learning, React.","Java, Node.js, Scrum, Deep Learning, React",M.Sc,6,Job_244,Project Manager,"Project Management, Deep Learning, Scrum",0.64,Shortlisted
Candidate_345,"Experienced professional skilled in Scrum, Java, Project Management, Deep Learning.","Scrum, Java, Project Management, Deep Learning",MBA,2,Job_442,Data Scientist,"Deep Learning, Leadership",0.38,Rejected
Candidate_811,"Experienced professional skilled in Machine Learning, Python, Leadership, Agile.","Machine Learning, Python, Leadership, Agile",B.Tech,5,Job_162,Machine Learning Engineer,"SQL, Machine Learning, Leadership",0.6,Shortlisted
Candidate_736,"Experienced professional skilled in Scrum, Agile, Python, C++, Deep Learning.","Scrum, Agile, Python, C++, Deep Learning",M.Sc,14,Job_149,Machine Learning Engineer,"Communication, Leadership",0.4,Rejected
Candidate_168,"Experienced professional skilled in Python, Deep Learning, Java, Scrum.","Python, Deep Learning, Java, Scrum",B.Sc,9,Job_313,Frontend Developer,"Node.js, C++",0.36,Rejected
Candidate_149,"Experienced professional skilled in Machine Learning, Python, SQL, Java, Deep Learning.","Machine Learning, Python, SQL, Java, Deep Learning",M.Tech,6,Job_29,Project Manager,"Project Management, Agile, Leadership, C++, SQL",0.36,Rejected
Candidate_920,"Experienced professional skilled in React, Agile, Java, Python, Node.js, C++.","React, Agile, Java, Python, Node.js, C++",M.Sc,1,Job_26,Project Manager,"SQL, Node.js",0.34,Rejected
Candidate_355,"Experienced professional skilled in React, SQL, Communication, Node.js, Leadership.","React, SQL, Communication, Node.js, Leadership",M.Sc,5,Job_351,Backend Developer,"Leadership, Node.js, Communication",0.8,Hired
Candidate_280,"Experienced professional skilled in Python, Leadership, Communication, React, Scrum, Java.","Python, Leadership, Communication, React, Scrum, Java",B.Sc,4,Job_142,Machine Learning Engineer,"Communication, React, Java",0.76,Hired
Candidate_399,"Experienced professional skilled in Node.js, Deep Learning, Project Management, Python, Agile, React.","Node.js, Deep Learning, Project Management, Python, Agile, React",M.Tech,1,Job_276,Machine Learning Engineer,"Scrum, Project Management, Machine Learning",0.24,Rejected
Candidate_514,"Experienced professional skilled in Machine Learning, Node.js, Python, SQL, Leadership.","Machine Learning, Node.js, Python, SQL, Leadership",M.Sc,8,Job_142,Machine Learning Engineer,"Communication, Agile, Machine Learning, Leadership, Scrum",0.56,Shortlisted
Candidate_421,"Experienced professional skilled in Java, Python, Agile, C++.","Java, Python, Agile, C++",M.Tech,8,Job_499,Project Manager,"Python, Deep Learning, Leadership, Project Management",0.47,Rejected
Candidate_610,"Experienced professional skilled in C++, Leadership, Python.","C++, Leadership, Python",B.Sc,4,Job_231,Data Scientist,"Java, SQL",0.16,Rejected
Candidate_40,"Experienced professional skilled in Machine Learning, Agile, Deep Learning, Python, SQL, Node.js.","Machine Learning, Agile, Deep Learning, Python, SQL, Node.js",B.Tech,14,Job_278,Backend Developer,"Project Management, React",0.4,Rejected
Candidate_201,"Experienced professional skilled in Project Management, Scrum, Machine Learning, Python, Node.js, Java.","Project Management, Scrum, Machine Learning, Python, Node.js, Java",MBA,15,Job_11,Frontend Developer,"Scrum, Java, Agile, Deep Learning",0.7,Shortlisted
Candidate_99,"Experienced professional skilled in Deep Learning, Java, C++, Machine Learning, Communication.","Deep Learning, Java, C++, Machine Learning, Communication",M.Tech,8,Job_150,Backend Developer,"Python, Leadership, Agile",0.32,Rejected
Candidate_467,"Experienced professional skilled in Agile, Deep Learning, Machine Learning, Python, Leadership, React.","Agile, Deep Learning, Machine Learning, Python, Leadership, React",B.Sc,6,Job_412,Frontend Developer,"SQL, Python, C++",0.44,Rejected
Candidate_879,"Experienced professional skilled in Python, Project Management, Java, Deep Learning, Machine Learning, Leadership.","Python, Project Management, Java, Deep Learning, Machine Learning, Leadership",M.Tech,15,Job_307,Project Manager,"Machine Learning, Scrum, Agile",0.6,Shortlisted
Candidate_483,"Experienced professional skilled in Scrum, Communication, Agile, Python, React.","Scrum, Communication, Agile, Python, React",B.Sc,12,Job_276,Machine Learning Engineer,"C++, SQL, Node.js",0.4,Rejected
Candidate_804,"Experienced professional skilled in Leadership, Java, C++.","Leadership, Java, C++",MBA,8,Job_192,Software Engineer,"Communication, Leadership, Python, Scrum, Project Management",0.44,Rejected
Candidate_573,"Experienced professional skilled in Agile, SQL, React, Machine Learning, Communication.","Agile, SQL, React, Machine Learning, Communication",B.Sc,5,Job_330,Project Manager,"Deep Learning, C++",0.2,Rejected
Candidate_292,"Experienced professional skilled in Agile, Machine Learning, Python, Project Management, Communication, React.","Agile, Machine Learning, Python, Project Management, Communication, React",M.Sc,15,Job_489,Software Engineer,"Communication, Machine Learning",1.0,Hired
Candidate_842,"Experienced professional skilled in Python, Machine Learning, SQL, Project Management, Communication, Node.js.","Python, Machine Learning, SQL, Project Management, Communication, Node.js",MBA,15,Job_157,Machine Learning Engineer,"C++, Java, Agile",0.4,Rejected
Candidate_763,"Experienced professional skilled in Node.js, Python, Agile, Leadership, SQL.","Node.js, Python, Agile, Leadership, SQL",MBA,7,Job_84,Backend Developer,"Machine Learning, Leadership, Java, SQL",0.58,Shortlisted
Candidate_714,"Experienced professional skilled in Java, React, Project Management, Machine Learning, Node.js, Deep Learning.","Java, React, Project Management, Machine Learning, Node.js, Deep Learning",MBA,2,Job_243,Backend Developer,"Python, Java, Leadership, Communication, Scrum",0.2,Rejected
Candidate_818,"Experienced professional skilled in Leadership, Java, Agile, Machine Learning, Project Management.","Leadership, Java, Agile, Machine Learning, Project Management",B.Tech,12,Job_99,Data Scientist,"Machine Learning, Node.js, Leadership, Communication, Project Management",0.76,Hired
Candidate_172,"Experienced professional skilled in Leadership, Python, Machine Learning, Deep Learning, Scrum.","Leadership, Python, Machine Learning, Deep Learning, Scrum",B.Tech,7,Job_105,Data Scientist,"Communication, Deep Learning, Python",0.68,Shortlisted
Candidate_438,"Experienced professional skilled in Machine Learning, Deep Learning, C++, SQL, Communication, Node.js.","Machine Learning, Deep Learning, C++, SQL, Communication, Node.js",M.Tech,4,Job_34,Frontend Developer,"Scrum, Node.js, Communication, Leadership",0.46,Rejected
Candidate_643,"Experienced professional skilled in Communication, Python, Leadership, Agile, Scrum.","Communication, Python, Leadership, Agile, Scrum",MBA,15,Job_163,Project Manager,"SQL, Project Management, Java",0.4,Rejected
Candidate_889,"Experienced professional skilled in C++, Communication, Node.js, React, Scrum, Agile.","C++, Communication, Node.js, React, Scrum, Agile",B.Tech,5,Job_424,Software Engineer,"SQL, Java, Scrum",0.4,Rejected
Candidate_550,"Experienced professional skilled in Agile, SQL, React, Machine Learning, Communication, C++.","Agile, SQL, React, Machine Learning, Communication, C++",M.Tech,5,Job_253,Project Manager,"React, Project Management, SQL",0.6,Shortlisted
Candidate_977,"Experienced professional skilled in Python, C++, Java, Deep Learning, Agile, Leadership.","Python, C++, Java, Deep Learning, Agile, Leadership",M.Sc,5,Job_303,Machine Learning Engineer,"React, Leadership",0.5,Shortlisted
Candidate_277,"Experienced professional skilled in Agile, SQL, React.","Agile, SQL, React",B.Tech,13,Job_281,Project Manager,"Deep Learning, React, Scrum, Java, SQL",0.64,Shortlisted
Candidate_606,"Experienced professional skilled in Project Management, Agile, Deep Learning, Machine Learning.","Project Management, Agile, Deep Learning, Machine Learning",M.Tech,7,Job_218,Software Engineer,"Java, C++, SQL",0.28,Rejected
Candidate_171,"Experienced professional skilled in Node.js, Deep Learning, Leadership, Project Management, Agile, Machine Learning.","Node.js, Deep Learning, Leadership, Project Management, Agile, Machine Learning",B.Tech,8,Job_461,Data Scientist,"Scrum, Python, SQL, C++",0.32,Rejected
Candidate_725,"Experienced professional skilled in Python, Project Management, Scrum.","Python, Project Management, Scrum",MBA,10,Job_66,Project Manager,"Node.js, SQL",0.4,Rejected
Candidate_369,"Experienced professional skilled in Scrum, React, Agile, Leadership, Java, Deep Learning.","Scrum, React, Agile, Leadership, Java, Deep Learning",B.Tech,14,Job_370,Data Scientist,"C++, Communication, Leadership, Project Management",0.55,Shortlisted
Candidate_184,"Experienced professional skilled in Project Management, Leadership, C++.","Project Management, Leadership, C++",B.Sc,1,Job_296,Project Manager,"Agile, Communication, Leadership, Deep Learning",0.19,Rejected
Candidate_1000,"Experienced professional skilled in Node.js, Machine Learning, SQL, Scrum, Communication, Project Management.","Node.js, Machine Learning, SQL, Scrum, Communication, Project Management",M.Tech,1,Job_313,Frontend Developer,"Machine Learning, SQL, C++, Agile",0.34,Rejected
Candidate_896,"Experienced professional skilled in C++, Java, SQL, Scrum, Leadership, Deep Learning.","C++, Java, SQL, Scrum, Leadership, Deep Learning",M.Sc,1,Job_155,Software Engineer,"Python, Deep Learning, Machine Learning, Node.js",0.19,Rejected
Candidate_22,"Experienced professional skilled in Project Management, Deep Learning, Communication, Scrum, SQL, Python.","Project Management, Deep Learning, Communication, Scrum, SQL, Python",B.Tech,13,Job_227,Backend Developer,"Communication, Leadership, Agile",0.6,Shortlisted
Candidate_676,"Experienced professional skilled in Scrum, Communication, C++, SQL.","Scrum, Communication, C++, SQL",M.Sc,6,Job_43,Machine Learning Engineer,"React, C++, Leadership",0.44,Rejected
Candidate_623,"Experienced professional skilled in Deep Learning, Node.js, SQL, Project Management, Java.","Deep Learning, Node.js, SQL, Project Management, Java",B.Tech,6,Job_441,Backend Developer,"Leadership, Deep Learning, React, Scrum",0.39,Rejected
Candidate_619,"Experienced professional skilled in SQL, Deep Learning, Scrum, Project Management.","SQL, Deep Learning, Scrum, Project Management",B.Tech,11,Job_463,Data Scientist,"Deep Learning, Leadership",0.7,Shortlisted
Candidate_492,"Experienced professional skilled in Java, Communication, Agile, Python, Machine Learning.","Java, Communication, Agile, Python, Machine Learning",B.Sc,11,Job_27,Software Engineer,"Scrum, Python, Node.js, Agile",0.7,Shortlisted
Candidate_242,"Experienced professional skilled in Project Management, Communication, Python, Node.js, C++.","Project Management, Communication, Python, Node.js, C++",B.Tech,15,Job_130,Frontend Developer,"Leadership, Python, SQL, Agile",0.55,Shortlisted
Candidate_97,"Experienced professional skilled in Leadership, Agile, Node.js, Project Management, Scrum.","Leadership, Agile, Node.js, Project Management, Scrum",MBA,8,Job_493,Frontend Developer,"Python, Leadership, Node.js, React, Agile",0.68,Shortlisted
Candidate_428,"Experienced professional skilled in Agile, Leadership, Scrum.","Agile, Leadership, Scrum",MBA,7,Job_402,Software Engineer,"Leadership, Scrum",0.88,Hired
Candidate_118,"Experienced professional skilled in Node.js, Scrum, Machine Learning.","Node.js, Scrum, Machine Learning",B.Sc,12,Job_435,Backend Developer,"Node.js, Python, Communication",0.6,Shortlisted
Candidate_961,"Experienced professional skilled in Leadership, Communication, React, Python, C++.","Leadership, Communication, React, Python, C++",M.Tech,3,Job_290,Frontend Developer,"Java, Machine Learning, C++, Project Management, Python",0.36,Rejected
Candidate_601,"Experienced professional skilled in Node.js, Leadership, Deep Learning.","Node.js, Leadership, Deep Learning",B.Sc,1,Job_477,Software Engineer,"Communication, Deep Learning",0.34,Rejected
Candidate_235,"Experienced professional skilled in Deep Learning, Machine Learning, Java, Agile, Communication.","Deep Learning, Machine Learning, Java, Agile, Communication",B.Sc,13,Job_311,Machine Learning Engineer,"React, Machine Learning",0.7,Shortlisted
Candidate_895,"Experienced professional skilled in Python, React, Machine Learning, SQL.","Python, React, Machine Learning, SQL",M.Tech,4,Job_254,Frontend Developer,"C++, Machine Learning, React",0.56,Shortlisted
Candidate_847,"Experienced professional skilled in Python, Agile, Node.js, SQL.","Python, Agile, Node.js, SQL",B.Sc,10,Job_275,Project Manager,"Communication, React, Project Management, Machine Learning",0.4,Rejected
Candidate_71,"Experienced professional skilled in Deep Learning, Machine Learning, Python, React.","Deep Learning, Machine Learning, Python, React",MBA,6,Job_257,Backend Developer,"Deep Learning, SQL",0.54,Shortlisted
Candidate_473,"Experienced professional skilled in React, Python, SQL, Java, Deep Learning.","React, Python, SQL, Java, Deep Learning",M.Sc,1,Job_387,Software Engineer,"Machine Learning, Node.js",0.04,Rejected
Candidate_47,"Experienced professional skilled in C++, Java, React, SQL, Leadership.","C++, Java, React, SQL, Leadership",MBA,5,Job_490,Frontend Developer,"Scrum, Agile",0.2,Rejected
Candidate_634,"Experienced professional skilled in React, Node.js, Deep Learning, C++.","React, Node.js, Deep Learning, C++",M.Tech,12,Job_354,Data Scientist,"Deep Learning, Scrum, Agile, React, C++",0.76,Hired
Candidate_94,"Experienced professional skilled in Leadership, Project Management, C++, Java, SQL.","Leadership, Project Management, C++, Java, SQL",B.Tech,2,Job_393,Software Engineer,"React, Project Management, SQL, C++, Agile",0.44,Rejected
Candidate_422,"Experienced professional skilled in Node.js, Java, SQL.","Node.js, Java, SQL",M.Tech,13,Job_10,Software Engineer,"C++, Python",0.4,Rejected
Candidate_368,"Experienced professional skilled in Scrum, Agile, Python, Node.js, SQL, Leadership.","Scrum, Agile, Python, Node.js, SQL, Leadership",M.Sc,6,Job_52,Machine Learning Engineer,"Deep Learning, C++, Agile, Scrum, Java",0.48,Rejected
Candidate_214,"Experienced professional skilled in Agile, Leadership, Project Management, SQL, Python.","Agile, Leadership, Project Management, SQL, Python",M.Sc,8,Job_315,Backend Developer,"Scrum, Java, React",0.32,Rejected
Candidate_4,"Experienced professional skilled in Machine Learning, C++, Node.js, Communication.","Machine Learning, C++, Node.js, Communication",M.Tech,8,Job_471,Project Manager,"Agile, Communication, Deep Learning, Node.js",0.62,Shortlisted
Candidate_850,"Experienced professional skilled in Leadership, Scrum, Python, Java, React.","Leadership, Scrum, Python, Java, React",B.Tech,8,Job_464,Machine Learning Engineer,"C++, Deep Learning, Agile, Python",0.47,Rejected
Candidate_198,"Experienced professional skilled in Node.js, Project Management, Python.","Node.js, Project Management, Python",B.Sc,7,Job_459,Frontend Developer,"Leadership, Deep Learning",0.28,Rejected
Candidate_932,"Experienced professional skilled in Project Management, Deep Learning, Java, Scrum, Machine Learning, React.","Project Management, Deep Learning, Java, Scrum, Machine Learning, React",B.Tech,6,Job_232,Frontend Developer,"Java, Leadership, Deep Learning, React, Python",0.6,Shortlisted
Candidate_457,"Experienced professional skilled in Java, Deep Learning, Project Management, Communication.","Java, Deep Learning, Project Management, Communication",B.Tech,10,Job_41,Project Manager,"C++, Agile, Java, Node.js",0.55,Shortlisted
Candidate_423,"Experienced professional skilled in Python, Project Management, SQL, Leadership, Deep Learning, Node.js.","Python, Project Management, SQL, Leadership, Deep Learning, Node.js",M.Sc,4,Job_381,Data Scientist,"Communication, C++",0.16,Rejected
Candidate_666,"Experienced professional skilled in SQL, React, Project Management, Machine Learning.","SQL, React, Project Management, Machine Learning",B.Sc,5,Job_292,Backend Developer,"Python, Project Management, Node.js, Leadership, Agile",0.32,Rejected
Candidate_164,"Experienced professional skilled in Leadership, Node.js, Project Management, Python, Agile, Scrum.","Leadership, Node.js, Project Management, Python, Agile, Scrum",B.Sc,6,Job_259,Project Manager,"Project Management, Python, Node.js, Machine Learning",0.69,Shortlisted
Candidate_977,"Experienced professional skilled in Deep Learning, Project Management, C++, React.","Deep Learning, Project Management, C++, React",MBA,5,Job_335,Software Engineer,"C++, Communication, Scrum",0.4,Rejected
Candidate_444,"Experienced professional skilled in Agile, SQL, Scrum.","Agile, SQL, Scrum",M.Tech,8,Job_493,Software Engineer,"React, Java, Machine Learning",0.32,Rejected
Candidate_1000,"Experienced professional skilled in SQL, Communication, Deep Learning, Machine Learning, Leadership, Agile.","SQL, Communication, Deep Learning, Machine Learning, Leadership, Agile",B.Sc,4,Job_219,Project Manager,"SQL, Leadership, Communication, Machine Learning",0.76,Hired
Candidate_2,"Experienced professional skilled in Agile, React, Project Management, Leadership, Scrum, Python.","Agile, React, Project Management, Leadership, Scrum, Python",B.Tech,14,Job_387,Machine Learning Engineer,"Leadership, Communication",0.7,Shortlisted
Candidate_746,"Experienced professional skilled in Project Management, Deep Learning, C++.","Project Management, Deep Learning, C++",MBA,1,Job_291,Software Engineer,"Agile, SQL, Leadership, Deep Learning",0.19,Rejected
Candidate_533,"Experienced professional skilled in C++, Python, Java, SQL, Communication.","C++, Python, Java, SQL, Communication",B.Sc,4,Job_425,Machine Learning Engineer,"Project Management, SQL, Leadership, Deep Learning, Scrum",0.28,Rejected
Candidate_353,"Experienced professional skilled in Project Management, Scrum, React.","Project Management, Scrum, React",MBA,15,Job_175,Machine Learning Engineer,"Java, SQL",0.4,Rejected
Candidate_660,"Experienced professional skilled in Communication, Project Management, Scrum, Agile.","Communication, Project Management, Scrum, Agile",MBA,14,Job_5,Software Engineer,"Project Management, Machine Learning, Deep Learning",0.6,Shortlisted
Candidate_45,"Experienced professional skilled in Agile, Leadership, C++.","Agile, Leadership, C++",B.Tech,4,Job_388,Machine Learning Engineer,"React, Deep Learning, Project Management",0.16,Rejected
Candidate_313,"Experienced professional skilled in Leadership, C++, SQL, Deep Learning, Machine Learning.","Leadership, C++, SQL, Deep Learning, Machine Learning",M.Sc,15,Job_225,Machine Learning Engineer,"Agile, Communication, Project Management",0.4,Rejected
Candidate_709,"Experienced professional skilled in SQL, Python, Java, React, Node.js.","SQL, Python, Java, React, Node.js",B.Sc,14,Job_108,Frontend Developer,"Node.js, Leadership, C++",0.6,Shortlisted
Candidate_806,"Experienced professional skilled in Scrum, Project Management, Node.js.","Scrum, Project Management, Node.js",B.Tech,12,Job_328,Data Scientist,"Communication, Python, Leadership, Scrum",0.55,Shortlisted
Candidate_737,"Experienced professional skilled in Deep Learning, Scrum, Agile, Communication, Node.js, Machine Learning.","Deep Learning, Scrum, Agile, Communication, Node.js, Machine Learning",M.Tech,7,Job_451,Frontend Developer,"Leadership, Scrum, Deep Learning, SQL, C++",0.52,Shortlisted
Candidate_193,"Experienced professional skilled in Machine Learning, Leadership, Project Management, Agile, Python.","Machine Learning, Leadership, Project Management, Agile, Python",MBA,5,Job_404,Data Scientist,"Python, C++",0.5,Shortlisted
Candidate_836,"Experienced professional skilled in Deep Learning, Scrum, Python, Communication, SQL.","Deep Learning, Scrum, Python, Communication, SQL",MBA,1,Job_102,Software Engineer,"Project Management, Communication, C++, Scrum",0.34,Rejected
Candidate_43,"Experienced professional skilled in C++, Node.js, Project Management.","C++, Node.js, Project Management",M.Sc,3,Job_305,Backend Developer,"Java, SQL, Communication, Agile",0.12,Rejected
Candidate_396,"Experienced professional skilled in Machine Learning, Node.js, React.","Machine Learning, Node.js, React",B.Sc,1,Job_329,Software Engineer,"Agile, Python, Communication, Machine Learning",0.19,Rejected
Candidate_600,"Experienced professional skilled in Scrum, Communication, Agile.","Scrum, Communication, Agile",M.Sc,8,Job_332,Data Scientist,"Machine Learning, Leadership, React",0.32,Rejected
Candidate_385,"Experienced professional skilled in Leadership, C++, Python, Agile.","Leadership, C++, Python, Agile",M.Tech,4,Job_183,Backend Developer,"Node.js, Leadership, Agile",0.56,Shortlisted
Candidate_880,"Experienced professional skilled in Python, Agile, C++, Node.js, Deep Learning, Leadership.","Python, Agile, C++, Node.js, Deep Learning, Leadership",MBA,10,Job_486,Backend Developer,"Python, Communication, C++, Agile",0.85,Hired
Candidate_168,"Experienced professional skilled in SQL, C++, Scrum.","SQL, C++, Scrum",M.Tech,9,Job_186,Frontend Developer,"Node.js, Scrum, Machine Learning, SQL, C++",0.72,Shortlisted
Candidate_735,"Experienced professional skilled in SQL, Project Management, Python.","SQL, Project Management, Python",M.Tech,6,Job_155,Machine Learning Engineer,"Scrum, Node.js, Deep Learning, Leadership, Python",0.36,Rejected
Candidate_344,"Experienced professional skilled in Node.js, Leadership, Machine Learning, C++, Communication, Agile.","Node.js, Leadership, Machine Learning, C++, Communication, Agile",B.Sc,7,Job_358,Data Scientist,"Deep Learning, Communication, Agile",0.68,Shortlisted
Candidate_984,"Experienced professional skilled in Communication, Deep Learning, Machine Learning, Project Management.","Communication, Deep Learning, Machine Learning, Project Management",B.Sc,7,Job_95,Software Engineer,"Machine Learning, Java, React",0.48,Rejected
Candidate_703,"Experienced professional skilled in Python, SQL, Project Management, C++.","Python, SQL, Project Management, C++",MBA,2,Job_171,Project Manager,"Leadership, Java, Machine Learning",0.08,Rejected
Candidate_264,"Experienced professional skilled in Machine Learning, Deep Learning, Node.js, Java, Leadership, SQL.","Machine Learning, Deep Learning, Node.js, Java, Leadership, SQL",B.Sc,6,Job_391,Machine Learning Engineer,"Scrum, Deep Learning, Agile",0.44,Rejected
Candidate_781,"Experienced professional skilled in Python, C++, Deep Learning, Project Management, SQL, Machine Learning.","Python, C++, Deep Learning, Project Management, SQL, Machine Learning",MBA,7,Job_35,Backend Developer,"Java, Python",0.58,Shortlisted
Candidate_472,"Experienced professional skilled in Deep Learning, Scrum, Communication, React.","Deep Learning, Scrum, Communication, React",M.Tech,14,Job_121,Project Manager,"Scrum, Python, Node.js, SQL, React",0.64,Shortlisted
Candidate_789,"Experienced professional skilled in Machine Learning, Java, C++, Python, Deep Learning, Agile.","Machine Learning, Java, C++, Python, Deep Learning, Agile",M.Tech,13,Job_427,Frontend Developer,"React, SQL, Java, Leadership, Agile",0.64,Shortlisted
Candidate_128,"Experienced professional skilled in Node.js, React, C++, Agile.","Node.js, React, C++, Agile",B.Sc,5,Job_305,Software Engineer,"Java, React, Deep Learning",0.4,Rejected
Candidate_262,"Experienced professional skilled in Project Management, Agile, Scrum.","Project Management, Agile, Scrum",M.Tech,4,Job_401,Machine Learning Engineer,"Node.js, Machine Learning, C++",0.16,Rejected
Candidate_319,"Experienced professional skilled in Scrum, SQL, React.","Scrum, SQL, React",M.Tech,11,Job_371,Software Engineer,"Scrum, SQL, Node.js, C++, Python",0.64,Shortlisted
Candidate_903,"Experienced professional skilled in Scrum, Leadership, Communication, Machine Learning, React, Java.","Scrum, Leadership, Communication, Machine Learning, React, Java",M.Tech,1,Job_462,Machine Learning Engineer,"Scrum, C++, Deep Learning, Java, Machine Learning",0.4,Rejected
Candidate_873,"Experienced professional skilled in Python, Machine Learning, React, Communication, Java.","Python, Machine Learning, React, Communication, Java",M.Tech,11,Job_287,Project Manager,"Java, Deep Learning",0.7,Shortlisted
Candidate_626,"Experienced professional skilled in Deep Learning, Communication, Scrum, Machine Learning, React, Project Management.","Deep Learning, Communication, Scrum, Machine Learning, React, Project Management",B.Sc,10,Job_175,Project Manager,"Leadership, Java, Agile, Deep Learning",0.55,Shortlisted
Candidate_451,"Experienced professional skilled in Machine Learning, Scrum, Python.","Machine Learning, Scrum, Python",MBA,13,Job_494,Project Manager,"Leadership, Communication, Agile, Scrum",0.55,Shortlisted
Candidate_55,"Experienced professional skilled in Project Management, Agile, Java, React, Leadership, Scrum.","Project Management, Agile, Java, React, Leadership, Scrum",B.Tech,2,Job_427,Frontend Developer,"Leadership, Machine Learning, Communication",0.28,Rejected
Candidate_880,"Experienced professional skilled in Java, Agile, Machine Learning, Node.js.","Java, Agile, Machine Learning, Node.js",B.Tech,6,Job_185,Machine Learning Engineer,"C++, Communication, Agile, Java, Python",0.48,Rejected
Candidate_524,"Experienced professional skilled in Scrum, Machine Learning, React, Deep Learning, C++.","Scrum, Machine Learning, React, Deep Learning, C++",M.Sc,10,Job_44,Software Engineer,"Deep Learning, Scrum, React, Agile",0.85,Hired
Candidate_286,"Experienced professional skilled in SQL, Scrum, C++, Agile, Machine Learning, React.","SQL, Scrum, C++, Agile, Machine Learning, React",M.Sc,12,Job_14,Data Scientist,"Agile, SQL, Java, C++",0.85,Hired
Candidate_47,"Experienced professional skilled in Communication, Java, Project Management.","Communication, Java, Project Management",M.Sc,5,Job_87,Software Engineer,"Python, Java, React, Project Management",0.5,Shortlisted
Candidate_109,"Experienced professional skilled in React, Java, Node.js, Project Management.","React, Java, Node.js, Project Management",B.Tech,6,Job_205,Backend Developer,"C++, Scrum",0.24,Rejected
Candidate_328,"Experienced professional skilled in Deep Learning, Scrum, Java, C++, Python.","Deep Learning, Scrum, Java, C++, Python",B.Tech,9,Job_51,Software Engineer,"Scrum, Leadership",0.66,Shortlisted
Candidate_345,"Experienced professional skilled in Agile, C++, Machine Learning, Deep Learning, SQL.","Agile, C++, Machine Learning, Deep Learning, SQL",M.Tech,8,Job_320,Software Engineer,"Communication, Project Management, Machine Learning, Agile, Deep Learning",0.68,Shortlisted
Candidate_407,"Experienced professional skilled in Python, C++, Java, SQL.","Python, C++, Java, SQL",MBA,10,Job_354,Software Engineer,"Communication, SQL, Scrum, Project Management, Python",0.64,Shortlisted
Candidate_137,"Experienced professional skilled in React, Leadership, Agile, Scrum.","React, Leadership, Agile, Scrum",M.Sc,12,Job_442,Machine Learning Engineer,"Agile, Deep Learning, SQL, Java, Machine Learning",0.52,Shortlisted
Candidate_705,"Experienced professional skilled in React, Python, Machine Learning, Scrum, Deep Learning, Leadership.","React, Python, Machine Learning, Scrum, Deep Learning, Leadership",M.Tech,1,Job_343,Software Engineer,"SQL, Leadership, Scrum, Machine Learning, Project Management",0.4,Rejected
Candidate_210,"Experienced professional skilled in SQL, C++, Machine Learning, Leadership.","SQL, C++, Machine Learning, Leadership",M.Tech,2,Job_200,Project Manager,"SQL, Scrum, C++, React, Java",0.32,Rejected
Candidate_980,"Experienced professional skilled in Project Management, Communication, Node.js, C++.","Project Management, Communication, Node.js, C++",MBA,5,Job_470,Frontend Developer,"SQL, Agile, Java, Project Management, React",0.32,Rejected
Candidate_803,"Experienced professional skilled in C++, Communication, Python, Deep Learning, Machine Learning.","C++, Communication, Python, Deep Learning, Machine Learning",B.Sc,9,Job_124,Project Manager,"Node.js, Machine Learning, Leadership",0.56,Shortlisted
Candidate_467,"Experienced professional skilled in Deep Learning, Leadership, Java.","Deep Learning, Leadership, Java",B.Sc,11,Job_449,Data Scientist,"React, SQL, Node.js",0.4,Rejected
Candidate_264,"Experienced professional skilled in Communication, C++, Scrum.","Communication, C++, Scrum",M.Sc,11,Job_104,Backend Developer,"C++, Machine Learning",0.7,Shortlisted
Candidate_939,"Experienced professional skilled in Agile, Scrum, React, Python.","Agile, Scrum, React, Python",M.Sc,5,Job_124,Data Scientist,"C++, Java, Deep Learning, Scrum",0.35,Rejected
Candidate_809,"Experienced professional skilled in Deep Learning, Leadership, SQL, Java, React, Agile.","Deep Learning, Leadership, SQL, Java, React, Agile",M.Tech,13,Job_388,Machine Learning Engineer,"Communication, Python, C++, SQL",0.55,Shortlisted
Candidate_625,"Experienced professional skilled in Java, Node.js, Project Management, Scrum, Deep Learning, Leadership.","Java, Node.js, Project Management, Scrum, Deep Learning, Leadership",M.Sc,10,Job_186,Backend Developer,"Deep Learning, React, Node.js, Machine Learning, C++",0.64,Shortlisted
Candidate_258,"Experienced professional skilled in Leadership, Agile, Scrum.","Leadership, Agile, Scrum",MBA,15,Job_16,Machine Learning Engineer,"Python, Communication, React",0.4,Rejected
Candidate_386,"Experienced professional skilled in Communication, Node.js, Deep Learning, Agile, C++, Java.","Communication, Node.js, Deep Learning, Agile, C++, Java",B.Tech,1,Job_236,Machine Learning Engineer,"Node.js, Scrum, Deep Learning",0.44,Rejected
Candidate_851,"Experienced professional skilled in Python, Node.js, Deep Learning.","Python, Node.js, Deep Learning",B.Tech,9,Job_414,Backend Developer,"Deep Learning, Python",0.96,Hired
Candidate_391,"Experienced professional skilled in Agile, Java, Machine Learning, Leadership, React.","Agile, Java, Machine Learning, Leadership, React",M.Tech,13,Job_14,Project Manager,"Python, Scrum, Node.js, Leadership, Java",0.64,Shortlisted
Candidate_609,"Experienced professional skilled in Python, C++, React, Agile, SQL.","Python, C++, React, Agile, SQL",B.Sc,6,Job_487,Backend Developer,"C++, Project Management, Leadership",0.44,Rejected
Candidate_694,"Experienced professional skilled in Deep Learning, Machine Learning, Java, Communication, SQL, Agile.","Deep Learning, Machine Learning, Java, Communication, SQL, Agile",B.Sc,11,Job_102,Project Manager,"Leadership, React, Machine Learning",0.6,Shortlisted
Candidate_34,"Experienced professional skilled in Java, Scrum, Leadership, Communication, Project Management.","Java, Scrum, Leadership, Communication, Project Management",B.Sc,6,Job_82,Frontend Developer,"Project Management, Communication, Python, Leadership, SQL",0.6,Shortlisted
Candidate_180,"Experienced professional skilled in Scrum, Communication, Deep Learning, Project Management, SQL, C++.","Scrum, Communication, Deep Learning, Project Management, SQL, C++",M.Sc,15,Job_99,Backend Developer,"Leadership, Machine Learning, Python",0.4,Rejected
Candidate_37,"Experienced professional skilled in Machine Learning, Communication, Leadership, SQL, Agile, React.","Machine Learning, Communication, Leadership, SQL, Agile, React",MBA,13,Job_267,Software Engineer,"Agile, Leadership, C++, React, Machine Learning",0.88,Hired
Candidate_376,"Experienced professional skilled in Communication, Project Management, Node.js, Agile, Scrum, React.","Communication, Project Management, Node.js, Agile, Scrum, React",M.Tech,11,Job_287,Machine Learning Engineer,"Deep Learning, Leadership, React, Java, Communication",0.64,Shortlisted
Candidate_829,"Experienced professional skilled in Leadership, Deep Learning, Project Management, Java, C++.","Leadership, Deep Learning, Project Management, Java, C++",B.Tech,4,Job_320,Backend Developer,"Node.js, Agile, Leadership",0.36,Rejected
Candidate_914,"Experienced professional skilled in Scrum, Communication, React, Node.js.","Scrum, Communication, React, Node.js",B.Tech,4,Job_107,Data Scientist,"Scrum, Project Management, Communication, Deep Learning",0.46,Rejected
Candidate_475,"Experienced professional skilled in Machine Learning, C++, Communication, Scrum, Agile.","Machine Learning, C++, Communication, Scrum, Agile",MBA,8,Job_218,Software Engineer,"Project Management, Java, Agile",0.52,Shortlisted
Candidate_835,"Experienced professional skilled in React, Python, Java, Project Management, Communication, Agile.","React, Python, Java, Project Management, Communication, Agile",B.Sc,1,Job_494,Project Manager,"C++, Agile, Project Management, SQL, Deep Learning",0.28,Rejected
Candidate_363,"Experienced professional skilled in Deep Learning, React, Agile, Node.js.","Deep Learning, React, Agile, Node.js",B.Tech,4,Job_327,Backend Developer,"Machine Learning, Project Management, Python",0.16,Rejected
Candidate_413,"Experienced professional skilled in Node.js, SQL, Machine Learning, Project Management, C++, Scrum.","Node.js, SQL, Machine Learning, Project Management, C++, Scrum",M.Sc,2,Job_385,Project Manager,"Python, Project Management, Communication, Node.js, React",0.32,Rejected
Candidate_427,"Experienced professional skilled in C++, Java, Communication, Scrum, React.","C++, Java, Communication, Scrum, React",B.Tech,12,Job_398,Data Scientist,"Leadership, Agile, Machine Learning, Deep Learning",0.4,Rejected
Candidate_434,"Experienced professional skilled in Machine Learning, Java, C++, Scrum.","Machine Learning, Java, C++, Scrum",B.Tech,13,Job_151,Software Engineer,"SQL, Python, React",0.4,Rejected
Candidate_658,"Experienced professional skilled in Project Management, Deep Learning, C++, React, Machine Learning.","Project Management, Deep Learning, C++, React, Machine Learning",B.Tech,15,Job_142,Backend Developer,"React, Scrum, Python, Project Management, Communication",0.64,Shortlisted
Candidate_294,"Experienced professional skilled in Python, Leadership, Node.js, Communication.","Python, Leadership, Node.js, Communication",B.Sc,1,Job_108,Project Manager,"C++, Node.js",0.34,Rejected
Candidate_554,"Experienced professional skilled in Project Management, Communication, C++, Java.","Project Management, Communication, C++, Java",M.Tech,14,Job_497,Project Manager,"Machine Learning, C++",0.7,Shortlisted
Candidate_965,"Experienced professional skilled in Project Management, Python, SQL, Deep Learning, C++, Leadership.","Project Management, Python, SQL, Deep Learning, C++, Leadership",M.Tech,1,Job_404,Data Scientist,"React, Leadership, Java",0.24,Rejected
Candidate_203,"Experienced professional skilled in Communication, Java, React, SQL, Scrum.","Communication, Java, React, SQL, Scrum",M.Tech,11,Job_317,Machine Learning Engineer,"React, Java, Project Management, Leadership",0.7,Shortlisted
Candidate_303,"Experienced professional skilled in Deep Learning, Machine Learning, SQL.","Deep Learning, Machine Learning, SQL",B.Sc,13,Job_272,Data Scientist,"Deep Learning, Communication, Leadership, C++, Machine Learning",0.64,Shortlisted
Candidate_768,"Experienced professional skilled in Leadership, Node.js, Python, Communication, Java.","Leadership, Node.js, Python, Communication, Java",B.Sc,14,Job_373,Machine Learning Engineer,"Scrum, Agile, React, Project Management",0.4,Rejected
Candidate_822,"Experienced professional skilled in React, Agile, Scrum, C++.","React, Agile, Scrum, C++",M.Sc,12,Job_49,Project Manager,"SQL, Python, Agile",0.6,Shortlisted
Candidate_968,"Experienced professional skilled in SQL, Agile, React, Scrum, Deep Learning, Python.","SQL, Agile, React, Scrum, Deep Learning, Python",B.Sc,7,Job_216,Software Engineer,"Agile, Scrum, Communication",0.68,Shortlisted
Candidate_430,"Experienced professional skilled in Java, Deep Learning, React.","Java, Deep Learning, React",B.Tech,8,Job_498,Software Engineer,"Java, Deep Learning, Agile, Scrum, Project Management",0.56,Shortlisted
Candidate_934,"Experienced professional skilled in Project Management, Leadership, Agile, Python, Communication.","Project Management, Leadership, Agile, Python, Communication",B.Tech,1,Job_274,Software Engineer,"Leadership, Python, Java",0.44,Rejected
Candidate_920,"Experienced professional skilled in Scrum, Java, Deep Learning, Python.","Scrum, Java, Deep Learning, Python",M.Sc,14,Job_221,Data Scientist,"C++, SQL, Scrum",0.6,Shortlisted
Candidate_121,"Experienced professional skilled in Deep Learning, C++, Scrum, Machine Learning, Leadership, SQL.","Deep Learning, C++, Scrum, Machine Learning, Leadership, SQL",M.Tech,8,Job_216,Data Scientist,"Agile, Machine Learning",0.62,Shortlisted
Candidate_313,"Experienced professional skilled in C++, Node.js, React.","C++, Node.js, React",B.Sc,1,Job_148,Data Scientist,"Scrum, Python, Java",0.04,Rejected
Candidate_221,"Experienced professional skilled in React, Leadership, Deep Learning, Project Management.","React, Leadership, Deep Learning, Project Management",M.Tech,8,Job_201,Project Manager,"React, C++, Scrum, Project Management",0.62,Shortlisted
Candidate_435,"Experienced professional skilled in Node.js, Agile, React, Deep Learning, Leadership, Scrum.","Node.js, Agile, React, Deep Learning, Leadership, Scrum",B.Tech,13,Job_70,Software Engineer,"Agile, React, Java",0.8,Hired
Candidate_557,"Experienced professional skilled in Project Management, Agile, Deep Learning, Scrum, Java, SQL.","Project Management, Agile, Deep Learning, Scrum, Java, SQL",B.Tech,7,Job_321,Data Scientist,"SQL, Communication",0.58,Shortlisted
Candidate_997,"Experienced professional skilled in Project Management, Node.js, SQL, Scrum, React, Agile.","Project Management, Node.js, SQL, Scrum, React, Agile",B.Tech,9,Job_121,Data Scientist,"React, Agile, Leadership",0.76,Hired
Candidate_881,"Experienced professional skilled in SQL, Python, C++, Deep Learning, Communication, React.","SQL, Python, C++, Deep Learning, Communication, React",B.Sc,1,Job_487,Backend Developer,"Deep Learning, SQL, Scrum, React",0.49,Rejected
Candidate_495,"Experienced professional skilled in Machine Learning, Java, Node.js.","Machine Learning, Java, Node.js",MBA,15,Job_299,Software Engineer,"Project Management, Java",0.7,Shortlisted
Candidate_85,"Experienced professional skilled in Communication, C++, Deep Learning, Python.","Communication, C++, Deep Learning, Python",B.Sc,12,Job_457,Data Scientist,"Python, Machine Learning, Deep Learning, Project Management",0.7,Shortlisted
Candidate_375,"Experienced professional skilled in Deep Learning, Java, Python, SQL, Scrum.","Deep Learning, Java, Python, SQL, Scrum",M.Tech,6,Job_467,Backend Developer,"Machine Learning, Python, Agile",0.44,Rejected
Candidate_547,"Experienced professional skilled in Leadership, Deep Learning, Agile.","Leadership, Deep Learning, Agile",M.Tech,5,Job_154,Software Engineer,"Node.js, Project Management, Leadership",0.4,Rejected
Candidate_878,"Experienced professional skilled in Communication, Java, Python, Leadership.","Communication, Java, Python, Leadership",MBA,13,Job_136,Project Manager,"Project Management, Node.js",0.4,Rejected
Candidate_551,"Experienced professional skilled in C++, Node.js, Machine Learning, Java, Agile, Python.","C++, Node.js, Machine Learning, Java, Agile, Python",M.Tech,1,Job_5,Machine Learning Engineer,"Project Management, React",0.04,Rejected
Candidate_423,"Experienced professional skilled in Leadership, Deep Learning, Scrum, React, Java, SQL.","Leadership, Deep Learning, Scrum, React, Java, SQL",B.Sc,3,Job_465,Project Manager,"Node.js, C++, Scrum, Agile, React",0.36,Rejected
Candidate_224,"Experienced professional skilled in Communication, Agile, React, Leadership, Python, Machine Learning.","Communication, Agile, React, Leadership, Python, Machine Learning",M.Tech,3,Job_307,Backend Developer,"Deep Learning, Leadership",0.42,Rejected
Candidate_471,"Experienced professional skilled in Communication, Leadership, C++, Project Management.","Communication, Leadership, C++, Project Management",B.Tech,6,Job_484,Project Manager,"Communication, Java, Node.js",0.44,Rejected
Candidate_186,"Experienced professional skilled in Node.js, SQL, Machine Learning, C++.","Node.js, SQL, Machine Learning, C++",B.Tech,3,Job_299,Software Engineer,"Project Management, Scrum, Machine Learning",0.32,Rejected
Candidate_351,"Experienced professional skilled in Project Management, Deep Learning, Node.js, Python.","Project Management, Deep Learning, Node.js, Python",B.Sc,15,Job_354,Frontend Developer,"SQL, Agile, Deep Learning",0.6,Shortlisted
Candidate_998,"Experienced professional skilled in Machine Learning, Leadership, C++, React.","Machine Learning, Leadership, C++, React",B.Sc,10,Job_58,Backend Developer,"Agile, React, Machine Learning, Communication",0.7,Shortlisted
Candidate_165,"Experienced professional skilled in Java, Agile, Communication, Leadership.","Java, Agile, Communication, Leadership",B.Tech,10,Job_122,Project Manager,"Agile, Machine Learning",0.7,Shortlisted
Candidate_365,"Experienced professional skilled in Python, Leadership, Agile, Node.js.","Python, Leadership, Agile, Node.js",M.Sc,3,Job_298,Software Engineer,"C++, Project Management, React, Leadership",0.27,Rejected
Candidate_504,"Experienced professional skilled in Deep Learning, Communication, Agile.","Deep Learning, Communication, Agile",M.Sc,4,Job_143,Software Engineer,"Project Management, C++, Leadership, Scrum",0.16,Rejected
Candidate_676,"Experienced professional skilled in Agile, Python, Deep Learning.","Agile, Python, Deep Learning",M.Sc,10,Job_46,Machine Learning Engineer,"SQL, React, Python, Java",0.55,Shortlisted
Candidate_604,"Experienced professional skilled in React, Agile, Leadership.","React, Agile, Leadership",MBA,5,Job_200,Machine Learning Engineer,"Node.js, React",0.5,Shortlisted
Candidate_505,"Experienced professional skilled in React, Scrum, Machine Learning, Leadership, Python.","React, Scrum, Machine Learning, Leadership, Python",B.Sc,14,Job_314,Frontend Developer,"Communication, Java, C++, Project Management, Agile",0.4,Rejected
Candidate_312,"Experienced professional skilled in Machine Learning, Project Management, React, Python, SQL.","Machine Learning, Project Management, React, Python, SQL",MBA,7,Job_343,Backend Developer,"Project Management, Agile",0.58,Shortlisted
Candidate_135,"Experienced professional skilled in React, Java, Python, Node.js.","React, Java, Python, Node.js",B.Sc,15,Job_476,Data Scientist,"React, Java",1.0,Hired
Candidate_85,"Experienced professional skilled in C++, Leadership, Java.","C++, Leadership, Java",M.Tech,13,Job_437,Software Engineer,"C++, Java, React",0.8,Hired
Candidate_410,"Experienced professional skilled in Java, Project Management, React, Leadership, Machine Learning.","Java, Project Management, React, Leadership, Machine Learning",B.Sc,6,Job_118,Machine Learning Engineer,"Communication, Leadership, SQL, Java",0.54,Shortlisted
Candidate_804,"Experienced professional skilled in SQL, Deep Learning, Scrum, Machine Learning.","SQL, Deep Learning, Scrum, Machine Learning",MBA,12,Job_14,Software Engineer,"Leadership, Scrum, Python, React",0.55,Shortlisted
Candidate_492,"Experienced professional skilled in Python, React, Node.js.","Python, React, Node.js",B.Sc,7,Job_43,Data Scientist,"Communication, Node.js",0.58,Shortlisted
Candidate_655,"Experienced professional skilled in Leadership, Deep Learning, Java, Scrum, Agile, Machine Learning.","Leadership, Deep Learning, Java, Scrum, Agile, Machine Learning",B.Sc,12,Job_243,Frontend Developer,"Machine Learning, Leadership",1.0,Hired
Candidate_405,"Experienced professional skilled in React, SQL, Agile, Java.","React, SQL, Agile, Java",B.Sc,13,Job_247,Data Scientist,"Machine Learning, Java",0.7,Shortlisted
Candidate_530,"Experienced professional skilled in Java, Scrum, C++, React, Leadership, Machine Learning.","Java, Scrum, C++, React, Leadership, Machine Learning",MBA,9,Job_72,Frontend Developer,"C++, Python, Machine Learning",0.76,Hired
Candidate_78,"Experienced professional skilled in Project Management, Deep Learning, Scrum, Communication, Agile.","Project Management, Deep Learning, Scrum, Communication, Agile",M.Tech,4,Job_174,Project Manager,"Java, React, Node.js, C++, Communication",0.28,Rejected
Candidate_323,"Experienced professional skilled in Deep Learning, React, Project Management.","Deep Learning, React, Project Management",M.Tech,9,Job_375,Frontend Developer,"SQL, Machine Learning, React",0.56,Shortlisted
Candidate_822,"Experienced professional skilled in Project Management, React, Communication.","Project Management, React, Communication",M.Tech,7,Job_80,Backend Developer,"Agile, Deep Learning",0.28,Rejected
Candidate_88,"Experienced professional skilled in Agile, Machine Learning, Python.","Agile, Machine Learning, Python",MBA,2,Job_367,Frontend Developer,"C++, Python, Leadership, React",0.23,Rejected
Candidate_566,"Experienced professional skilled in Python, Project Management, Agile, Scrum, Java, Machine Learning.","Python, Project Management, Agile, Scrum, Java, Machine Learning",B.Sc,13,Job_411,Backend Developer,"SQL, Machine Learning, Leadership, React, Node.js",0.52,Shortlisted
Candidate_254,"Experienced professional skilled in Python, Java, Project Management.","Python, Java, Project Management",M.Sc,8,Job_436,Software Engineer,"Java, React",0.62,Shortlisted
Candidate_701,"Experienced professional skilled in Deep Learning, Communication, C++, SQL, Scrum, Agile.","Deep Learning, Communication, C++, SQL, Scrum, Agile",B.Sc,3,Job_138,Backend Developer,"Agile, Python, Machine Learning",0.32,Rejected
Candidate_275,"Experienced professional skilled in Java, SQL, Node.js, Agile, React.","Java, SQL, Node.js, Agile, React",M.Sc,9,Job_113,Data Scientist,"SQL, Communication",0.66,Shortlisted
Candidate_351,"Experienced professional skilled in Project Management, Leadership, SQL, Agile.","Project Management, Leadership, SQL, Agile",MBA,15,Job_212,Project Manager,"C++, React",0.4,Rejected
Candidate_478,"Experienced professional skilled in Python, React, Java, Scrum, Deep Learning.","Python, React, Java, Scrum, Deep Learning",B.Tech,5,Job_280,Machine Learning Engineer,"Node.js, Agile, SQL, Scrum",0.35,Rejected
Candidate_823,"Experienced professional skilled in Scrum, C++, Deep Learning.","Scrum, C++, Deep Learning",B.Tech,5,Job_443,Software Engineer,"React, Python",0.2,Rejected
Candidate_530,"Experienced professional skilled in Node.js, Leadership, Python, Java, SQL, React.","Node.js, Leadership, Python, Java, SQL, React",B.Sc,7,Job_410,Software Engineer,"Project Management, Agile, Scrum",0.28,Rejected
Candidate_103,"Experienced professional skilled in Java, Leadership, Machine Learning, Python, Deep Learning, React.","Java, Leadership, Machine Learning, Python, Deep Learning, React",MBA,12,Job_132,Project Manager,"React, Java, Agile",0.8,Hired
Candidate_137,"Experienced professional skilled in Machine Learning, Agile, Python, React, SQL.","Machine Learning, Agile, Python, React, SQL",B.Sc,8,Job_268,Machine Learning Engineer,"SQL, Project Management, C++, Node.js, Scrum",0.44,Rejected
Candidate_816,"Experienced professional skilled in Scrum, Leadership, Project Management, SQL, Java.","Scrum, Leadership, Project Management, SQL, Java",M.Sc,3,Job_156,Backend Developer,"Project Management, Node.js, Deep Learning, SQL, Java",0.48,Rejected
Candidate_484,"Experienced professional skilled in SQL, Node.js, Java, Leadership.","SQL, Node.js, Java, Leadership",B.Tech,8,Job_145,Frontend Developer,"Leadership, Communication, React, SQL, Project Management",0.56,Shortlisted
Candidate_418,"Experienced professional skilled in Python, SQL, Deep Learning, React, Machine Learning.","Python, SQL, Deep Learning, React, Machine Learning",M.Tech,7,Job_352,Backend Developer,"Agile, Project Management, Scrum, React, SQL",0.52,Shortlisted
Candidate_541,"Experienced professional skilled in SQL, C++, Scrum, Java, Node.js.","SQL, C++, Scrum, Java, Node.js",B.Sc,5,Job_53,Project Manager,"Agile, Python, C++, Java, Node.js",0.56,Shortlisted
Candidate_68,"Experienced professional skilled in Project Management, Java, Scrum, React, Machine Learning, Node.js.","Project Management, Java, Scrum, React, Machine Learning, Node.js",B.Tech,2,Job_331,Backend Developer,"SQL, Scrum, Project Management, Communication",0.38,Rejected
Candidate_172,"Experienced professional skilled in Communication, Node.js, Machine Learning.","Communication, Node.js, Machine Learning",M.Sc,13,Job_430,Project Manager,"Python, Deep Learning",0.4,Rejected
Candidate_188,"Experienced professional skilled in C++, Project Management, Machine Learning, Deep Learning.","C++, Project Management, Machine Learning, Deep Learning",B.Sc,9,Job_44,Data Scientist,"Project Management, Leadership, SQL, React, Python",0.48,Rejected
Candidate_974,"Experienced professional skilled in Communication, Scrum, Node.js, Java.","Communication, Scrum, Node.js, Java",M.Tech,11,Job_475,Backend Developer,"Python, Leadership",0.4,Rejected
Candidate_391,"Experienced professional skilled in Project Management, Machine Learning, Node.js, Agile, Communication, React.","Project Management, Machine Learning, Node.js, Agile, Communication, React",B.Tech,10,Job_80,Machine Learning Engineer,"Communication, Agile, Deep Learning, Machine Learning",0.85,Hired
Candidate_725,"Experienced professional skilled in Communication, Node.js, Java, React, SQL, Python.","Communication, Node.js, Java, React, SQL, Python",B.Tech,8,Job_442,Data Scientist,"C++, Machine Learning, Agile, SQL, Node.js",0.56,Shortlisted
Candidate_559,"Experienced professional skilled in Scrum, SQL, Java, Node.js, React.","Scrum, SQL, Java, Node.js, React",M.Sc,15,Job_188,Software Engineer,"Leadership, Python, Communication, Scrum, Java",0.64,Shortlisted
Candidate_820,"Experienced professional skilled in SQL, Project Management, Python.","SQL, Project Management, Python",M.Tech,3,Job_348,Backend Developer,"React, Leadership",0.12,Rejected
Candidate_957,"Experienced professional skilled in Scrum, Python, Java, Agile.","Scrum, Python, Java, Agile",M.Tech,10,Job_324,Data Scientist,"Java, Agile, Leadership",0.8,Hired
Candidate_412,"Experienced professional skilled in React, Leadership, Node.js, Project Management.","React, Leadership, Node.js, Project Management",M.Sc,11,Job_265,Data Scientist,"SQL, Java, Scrum, Machine Learning",0.4,Rejected
Candidate_750,"Experienced professional skilled in React, Deep Learning, Machine Learning, Python, Agile, Leadership.","React, Deep Learning, Machine Learning, Python, Agile, Leadership",M.Tech,13,Job_433,Machine Learning Engineer,"Node.js, SQL, Project Management, Machine Learning",0.55,Shortlisted
Candidate_928,"Experienced professional skilled in Communication, Deep Learning, SQL, Project Management.","Communication, Deep Learning, SQL, Project Management",MBA,15,Job_412,Software Engineer,"Agile, SQL, C++",0.6,Shortlisted
Candidate_407,"Experienced professional skilled in Leadership, SQL, C++, Node.js, Python, Deep Learning.","Leadership, SQL, C++, Node.js, Python, Deep Learning",MBA,12,Job_436,Backend Developer,"Deep Learning, SQL, Machine Learning, Leadership",0.85,Hired
Candidate_985,"Experienced professional skilled in C++, Deep Learning, Agile, Python.","C++, Deep Learning, Agile, Python",B.Sc,1,Job_301,Project Manager,"Java, Machine Learning, Project Management, Deep Learning",0.19,Rejected
Candidate_460,"Experienced professional skilled in Project Management, Machine Learning, Python, Leadership.","Project Management, Machine Learning, Python, Leadership",B.Sc,11,Job_284,Data Scientist,"Agile, Java, Machine Learning, C++, Leadership",0.64,Shortlisted
Candidate_414,"Experienced professional skilled in Node.js, SQL, Deep Learning, Communication.","Node.js, SQL, Deep Learning, Communication",M.Sc,2,Job_268,Machine Learning Engineer,"Communication, Leadership, React",0.28,Rejected
Candidate_624,"Experienced professional skilled in Machine Learning, Leadership, Deep Learning, Agile, Scrum, Project Management.","Machine Learning, Leadership, Deep Learning, Agile, Scrum, Project Management",B.Tech,6,Job_267,Project Manager,"Node.js, Machine Learning, Java",0.44,Rejected
Candidate_352,"Experienced professional skilled in Python, Scrum, Agile, Leadership, SQL, C++.","Python, Scrum, Agile, Leadership, SQL, C++",MBA,8,Job_147,Software Engineer,"Scrum, Machine Learning",0.62,Shortlisted
Candidate_42,"Experienced professional skilled in Agile, Java, React.","Agile, Java, React",M.Tech,10,Job_224,Machine Learning Engineer,"Project Management, Node.js, Java, SQL",0.55,Shortlisted
Candidate_431,"Experienced professional skilled in SQL, Deep Learning, Java, Agile, Communication, Scrum.","SQL, Deep Learning, Java, Agile, Communication, Scrum",B.Tech,8,Job_353,Frontend Developer,"Python, Leadership, Project Management, React",0.32,Rejected
Candidate_586,"Experienced professional skilled in SQL, Python, Scrum, Leadership.","SQL, Python, Scrum, Leadership",B.Tech,7,Job_40,Frontend Developer,"Communication, Node.js, Python",0.48,Rejected
Candidate_146,"Experienced professional skilled in Node.js, Python, Java, Leadership, SQL, Agile.","Node.js, Python, Java, Leadership, SQL, Agile",MBA,15,Job_56,Machine Learning Engineer,"Scrum, Java, React",0.6,Shortlisted
Candidate_722,"Experienced professional skilled in Deep Learning, Java, Communication, Node.js, Machine Learning, SQL.","Deep Learning, Java, Communication, Node.js, Machine Learning, SQL",B.Sc,6,Job_297,Backend Developer,"Deep Learning, C++, Machine Learning, Agile, SQL",0.6,Shortlisted
Candidate_627,"Experienced professional skilled in Node.js, Communication, Agile.","Node.js, Communication, Agile",MBA,6,Job_461,Project Manager,"Machine Learning, Agile, Communication, React, Deep Learning",0.48,Rejected
Candidate_830,"Experienced professional skilled in Machine Learning, Communication, C++, React, Project Management, Python.","Machine Learning, Communication, C++, React, Project Management, Python",M.Sc,14,Job_449,Backend Developer,"React, Deep Learning, SQL",0.6,Shortlisted
Candidate_739,"Experienced professional skilled in Node.js, Deep Learning, Python, React.","Node.js, Deep Learning, Python, React",B.Sc,6,Job_158,Frontend Developer,"SQL, Java, React, Agile",0.39,Rejected
Candidate_616,"Experienced professional skilled in C++, SQL, Communication, Java, Python.","C++, SQL, Communication, Java, Python",M.Tech,9,Job_81,Software Engineer,"Java, Node.js, Communication, Machine Learning, React",0.6,Shortlisted
Candidate_41,"Experienced professional skilled in Python, SQL, C++, Leadership, Agile.","Python, SQL, C++, Leadership, Agile",M.Sc,5,Job_56,Frontend Developer,"Deep Learning, Project Management, Leadership, Machine Learning",0.35,Rejected
Candidate_16,"Experienced professional skilled in Project Management, Node.js, Machine Learning, Deep Learning, C++.","Project Management, Node.js, Machine Learning, Deep Learning, C++",MBA,11,Job_7,Machine Learning Engineer,"Scrum, C++, Project Management, Machine Learning, Java",0.76,Hired
Candidate_30,"Experienced professional skilled in Java, Communication, React, Agile, Project Management, Machine Learning.","Java, Communication, React, Agile, Project Management, Machine Learning",MBA,11,Job_496,Backend Developer,"Project Management, Python, Machine Learning, Scrum, Deep Learning",0.64,Shortlisted
Candidate_584,"Experienced professional skilled in Leadership, Project Management, Python, Node.js.","Leadership, Project Management, Python, Node.js",M.Tech,5,Job_306,Backend Developer,"Deep Learning, SQL, Python, Node.js",0.5,Shortlisted
Candidate_657,"Experienced professional skilled in Python, Java, Machine Learning, Node.js.","Python, Java, Machine Learning, Node.js",B.Tech,7,Job_232,Software Engineer,"Communication, React, Scrum, Java, C++",0.4,Rejected
Candidate_899,"Experienced professional skilled in Agile, Java, Deep Learning.","Agile, Java, Deep Learning",M.Sc,7,Job_272,Software Engineer,"Node.js, Machine Learning, Deep Learning, Leadership",0.43,Rejected
Candidate_409,"Experienced professional skilled in C++, Communication, Project Management, Scrum.","C++, Communication, Project Management, Scrum",MBA,9,Job_180,Project Manager,"C++, Node.js, Agile",0.56,Shortlisted
Candidate_891,"Experienced professional skilled in React, Java, Node.js, SQL.","React, Java, Node.js, SQL",M.Sc,2,Job_156,Machine Learning Engineer,"Agile, Scrum, React, Java",0.38,Rejected
Candidate_596,"Experienced professional skilled in Node.js, Java, Python, Project Management, SQL.","Node.js, Java, Python, Project Management, SQL",M.Tech,9,Job_173,Project Manager,"Scrum, C++, Python",0.56,Shortlisted
Candidate_511,"Experienced professional skilled in Communication, Project Management, C++, Leadership, Machine Learning, SQL.","Communication, Project Management, C++, Leadership, Machine Learning, SQL",MBA,10,Job_492,Software Engineer,"Communication, Agile, React, SQL, Deep Learning",0.64,Shortlisted
Candidate_138,"Experienced professional skilled in Deep Learning, Python, SQL, Agile, React.","Deep Learning, Python, SQL, Agile, React",M.Sc,12,Job_351,Backend Developer,"Deep Learning, Agile, Python, Leadership",0.85,Hired
Candidate_248,"Experienced professional skilled in Project Management, C++, Scrum, React, Machine Learning, Deep Learning.","Project Management, C++, Scrum, React, Machine Learning, Deep Learning",MBA,4,Job_315,Project Manager,"Node.js, C++",0.46,Rejected
Candidate_881,"Experienced professional skilled in Leadership, Node.js, Deep Learning.","Leadership, Node.js, Deep Learning",M.Tech,3,Job_346,Software Engineer,"Machine Learning, Node.js, React, C++",0.27,Rejected
Candidate_870,"Experienced professional skilled in C++, Java, Node.js.","C++, Java, Node.js",M.Tech,14,Job_139,Software Engineer,"Agile, Leadership, Deep Learning",0.4,Rejected
Candidate_465,"Experienced professional skilled in Agile, Node.js, Python.","Agile, Node.js, Python",M.Tech,4,Job_55,Data Scientist,"Node.js, SQL, C++, React",0.31,Rejected
Candidate_833,"Experienced professional skilled in Machine Learning, SQL, Leadership.","Machine Learning, SQL, Leadership",M.Sc,6,Job_203,Data Scientist,"Python, React, Project Management",0.24,Rejected
Candidate_2,"Experienced professional skilled in Project Management, SQL, Java, Agile, Communication.","Project Management, SQL, Java, Agile, Communication",B.Tech,5,Job_89,Backend Developer,"Python, React",0.2,Rejected
Candidate_9,"Experienced professional skilled in SQL, Machine Learning, Scrum, Deep Learning, Leadership, Project Management.","SQL, Machine Learning, Scrum, Deep Learning, Leadership, Project Management",MBA,12,Job_399,Frontend Developer,"Communication, Java, Python, React, Machine Learning",0.52,Shortlisted
Candidate_351,"Experienced professional skilled in React, Node.js, SQL.","React, Node.js, SQL",MBA,10,Job_22,Backend Developer,"Scrum, Communication, Node.js",0.6,Shortlisted
Candidate_360,"Experienced professional skilled in Project Management, Agile, Communication, Scrum, SQL, React.","Project Management, Agile, Communication, Scrum, SQL, React",M.Tech,2,Job_475,Project Manager,"Leadership, Python, Agile, SQL",0.38,Rejected
Candidate_826,"Experienced professional skilled in Project Management, Python, Agile, Machine Learning.","Project Management, Python, Agile, Machine Learning",B.Sc,9,Job_301,Software Engineer,"Machine Learning, Python, Leadership",0.76,Hired
Candidate_481,"Experienced professional skilled in Node.js, Python, Machine Learning, Project Management.","Node.js, Python, Machine Learning, Project Management",B.Sc,8,Job_442,Machine Learning Engineer,"React, Agile, Scrum, Leadership, Node.js",0.44,Rejected
Candidate_65,"Experienced professional skilled in Leadership, Project Management, React, Agile.","Leadership, Project Management, React, Agile",B.Tech,13,Job_393,Software Engineer,"Communication, Node.js, Deep Learning, Agile, Java",0.52,Shortlisted
Candidate_112,"Experienced professional skilled in Machine Learning, C++, Communication.","Machine Learning, C++, Communication",B.Tech,10,Job_281,Machine Learning Engineer,"Agile, Java",0.4,Rejected
Candidate_106,"Experienced professional skilled in Machine Learning, Node.js, Java, Scrum, Agile.","Machine Learning, Node.js, Java, Scrum, Agile",MBA,13,Job_242,Backend Developer,"Node.js, Project Management, SQL",0.6,Shortlisted
Candidate_570,"Experienced professional skilled in Python, Machine Learning, Project Management, C++, Agile, Leadership.","Python, Machine Learning, Project Management, C++, Agile, Leadership",M.Sc,6,Job_183,Project Manager,"Deep Learning, Python, C++",0.64,Shortlisted
Candidate_882,"Experienced professional skilled in Java, Communication, React, Node.js, Project Management, Agile.","Java, Communication, React, Node.js, Project Management, Agile",MBA,2,Job_9,Software Engineer,"Machine Learning, Java",0.38,Rejected
Candidate_932,"Experienced professional skilled in Java, React, Node.js.","Java, React, Node.js",B.Sc,5,Job_360,Project Manager,"Node.js, Scrum, Project Management",0.4,Rejected
Candidate_822,"Experienced professional skilled in Python, Java, Deep Learning, Leadership.","Python, Java, Deep Learning, Leadership",B.Tech,8,Job_301,Data Scientist,"Deep Learning, Python, SQL, Node.js",0.62,Shortlisted
Candidate_984,"Experienced professional skilled in Agile, React, Java, SQL.","Agile, React, Java, SQL",MBA,12,Job_410,Software Engineer,"Node.js, Scrum, Agile, Project Management",0.55,Shortlisted
Candidate_711,"Experienced professional skilled in SQL, Project Management, Python, Communication.","SQL, Project Management, Python, Communication",MBA,7,Job_496,Data Scientist,"Machine Learning, SQL, React",0.48,Rejected
Candidate_896,"Experienced professional skilled in Python, Machine Learning, Leadership.","Python, Machine Learning, Leadership",M.Sc,11,Job_138,Software Engineer,"Python, Communication",0.7,Shortlisted
Candidate_927,"Experienced professional skilled in Machine Learning, C++, Deep Learning, Scrum, Communication, SQL.","Machine Learning, C++, Deep Learning, Scrum, Communication, SQL",M.Tech,12,Job_395,Data Scientist,"Java, C++, Scrum, React, Node.js",0.64,Shortlisted
Candidate_879,"Experienced professional skilled in Python, Leadership, Node.js.","Python, Leadership, Node.js",B.Sc,11,Job_197,Software Engineer,"React, Leadership",0.7,Shortlisted
Candidate_610,"Experienced professional skilled in Java, Leadership, Python, Communication.","Java, Leadership, Python, Communication",M.Tech,11,Job_23,Backend Developer,"Java, Communication, C++, Scrum, Project Management",0.64,Shortlisted
Candidate_83,"Experienced professional skilled in SQL, Project Management, Node.js.","SQL, Project Management, Node.js",B.Sc,4,Job_465,Project Manager,"C++, SQL, Scrum, React",0.31,Rejected
Candidate_728,"Experienced professional skilled in Deep Learning, C++, Scrum, Agile, SQL, React.","Deep Learning, C++, Scrum, Agile, SQL, React",B.Tech,11,Job_361,Software Engineer,"Agile, React, Communication, SQL, Node.js",0.76,Hired
Candidate_761,"Experienced professional skilled in Python, Communication, React, Java, Deep Learning.","Python, Communication, React, Java, Deep Learning",MBA,12,Job_32,Frontend Developer,"Agile, React",0.7,Shortlisted
Candidate_89,"Experienced professional skilled in Node.js, Leadership, React, Machine Learning.","Node.js, Leadership, React, Machine Learning",B.Tech,1,Job_79,Software Engineer,"Node.js, React, Machine Learning",0.64,Shortlisted
Candidate_290,"Experienced professional skilled in Leadership, Communication, Python.","Leadership, Communication, Python",M.Tech,3,Job_379,Data Scientist,"Leadership, Communication, Deep Learning, Python, Agile",0.48,Rejected
Candidate_312,"Experienced professional skilled in Agile, Python, React.","Agile, Python, React",M.Sc,9,Job_46,Project Manager,"Machine Learning, Java, React, C++, SQL",0.48,Rejected
Candidate_743,"Experienced professional skilled in C++, React, Java, Deep Learning, Project Management, Scrum.","C++, React, Java, Deep Learning, Project Management, Scrum",B.Tech,13,Job_337,Data Scientist,"Agile, Deep Learning, Machine Learning, Leadership, Node.js",0.52,Shortlisted
Candidate_63,"Experienced professional skilled in SQL, Machine Learning, Java.","SQL, Machine Learning, Java",B.Sc,10,Job_375,Machine Learning Engineer,"Machine Learning, Agile, Scrum, Communication",0.55,Shortlisted
Candidate_620,"Experienced professional skilled in Deep Learning, Project Management, Scrum, Agile, Python, SQL.","Deep Learning, Project Management, Scrum, Agile, Python, SQL",B.Sc,11,Job_120,Machine Learning Engineer,"C++, Communication, Project Management",0.6,Shortlisted
Candidate_880,"Experienced professional skilled in C++, Agile, Java.","C++, Agile, Java",B.Tech,10,Job_25,Machine Learning Engineer,"React, Communication",0.4,Rejected
Candidate_219,"Experienced professional skilled in Machine Learning, Communication, Java.","Machine Learning, Communication, Java",M.Sc,9,Job_426,Backend Developer,"Java, Deep Learning, Machine Learning, Communication, Node.js",0.72,Shortlisted
Candidate_251,"Experienced professional skilled in Machine Learning, Python, Java, SQL, C++, Node.js.","Machine Learning, Python, Java, SQL, C++, Node.js",B.Sc,8,Job_328,Frontend Developer,"C++, Machine Learning",0.92,Hired
Candidate_780,"Experienced professional skilled in C++, Node.js, SQL, Scrum, Python.","C++, Node.js, SQL, Scrum, Python",M.Tech,14,Job_448,Data Scientist,"SQL, Deep Learning, Communication, C++, React",0.64,Shortlisted
Candidate_413,"Experienced professional skilled in Machine Learning, Java, Leadership, Scrum, Communication.","Machine Learning, Java, Leadership, Scrum, Communication",B.Sc,7,Job_67,Project Manager,"Python, Machine Learning",0.58,Shortlisted
Candidate_308,"Experienced professional skilled in C++, Communication, Java, Leadership, Project Management.","C++, Communication, Java, Leadership, Project Management",M.Tech,5,Job_73,Backend Developer,"Leadership, Communication, Node.js",0.6,Shortlisted
Candidate_796,"Experienced professional skilled in Machine Learning, Project Management, Node.js, Agile, React, Java.","Machine Learning, Project Management, Node.js, Agile, React, Java",M.Tech,1,Job_107,Project Manager,"Communication, Python, Deep Learning, C++",0.04,Rejected
Candidate_254,"Experienced professional skilled in React, Java, Deep Learning.","React, Java, Deep Learning",MBA,7,Job_356,Software Engineer,"React, Leadership, SQL",0.48,Rejected
Candidate_45,"Experienced professional skilled in React, Agile, Machine Learning, Project Management.","React, Agile, Machine Learning, Project Management",B.Tech,7,Job_480,Data Scientist,"Leadership, Scrum, Project Management, React",0.58,Shortlisted
Candidate_686,"Experienced professional skilled in Leadership, Communication, React, Python, Machine Learning, Node.js.","Leadership, Communication, React, Python, Machine Learning, Node.js",M.Tech,5,Job_198,Machine Learning Engineer,"C++, Machine Learning",0.5,Shortlisted
Candidate_832,"Experienced professional skilled in React, Leadership, Scrum, Agile, Communication.","React, Leadership, Scrum, Agile, Communication",B.Tech,9,Job_395,Frontend Developer,"Deep Learning, Scrum, Communication, SQL, Java",0.6,Shortlisted
Candidate_780,"Experienced professional skilled in C++, Scrum, React, Node.js, Communication.","C++, Scrum, React, Node.js, Communication",M.Tech,2,Job_478,Data Scientist,"C++, React, Deep Learning",0.48,Rejected
Candidate_480,"Experienced professional skilled in Scrum, React, Machine Learning, Deep Learning, Python, C++.","Scrum, React, Machine Learning, Deep Learning, Python, C++",MBA,8,Job_208,Machine Learning Engineer,"React, Machine Learning",0.92,Hired
Candidate_205,"Experienced professional skilled in Scrum, SQL, Agile, Node.js, Python, React.","Scrum, SQL, Agile, Node.js, Python, React",B.Tech,6,Job_14,Software Engineer,"Communication, Node.js, Java",0.44,Rejected
Candidate_650,"Experienced professional skilled in Node.js, React, Agile, SQL.","Node.js, React, Agile, SQL",B.Sc,3,Job_93,Project Manager,"Node.js, SQL",0.72,Shortlisted
Candidate_646,"Experienced professional skilled in Leadership, C++, Scrum, Project Management, Communication.","Leadership, C++, Scrum, Project Management, Communication",M.Sc,9,Job_442,Frontend Developer,"SQL, Java",0.36,Rejected
Candidate_8,"Experienced professional skilled in Machine Learning, React, Java, C++, Node.js.","Machine Learning, React, Java, C++, Node.js",B.Sc,11,Job_446,Software Engineer,"Leadership, Java, Agile",0.6,Shortlisted
Candidate_726,"Experienced professional skilled in Python, SQL, Deep Learning.","Python, SQL, Deep Learning",MBA,11,Job_408,Software Engineer,"SQL, Agile, Deep Learning, Machine Learning",0.7,Shortlisted
Candidate_61,"Experienced professional skilled in Agile, Deep Learning, Project Management.","Agile, Deep Learning, Project Management",B.Tech,11,Job_385,Backend Developer,"C++, Java, Leadership",0.4,Rejected
Candidate_838,"Experienced professional skilled in C++, Project Management, Deep Learning, Java, SQL.","C++, Project Management, Deep Learning, Java, SQL",MBA,4,Job_122,Backend Developer,"Node.js, C++, Machine Learning",0.36,Rejected
Candidate_423,"Experienced professional skilled in Node.js, Machine Learning, Java, Agile.","Node.js, Machine Learning, Java, Agile",M.Tech,1,Job_488,Frontend Developer,"Communication, Deep Learning",0.04,Rejected
Candidate_117,"Experienced professional skilled in Machine Learning, Communication, Scrum, Agile, Node.js, C++.","Machine Learning, Communication, Scrum, Agile, Node.js, C++",B.Tech,4,Job_75,Data Scientist,"Python, SQL",0.16,Rejected
Candidate_510,"Experienced professional skilled in Agile, Node.js, C++, SQL, Scrum.","Agile, Node.js, C++, SQL, Scrum",B.Tech,4,Job_105,Project Manager,"C++, React",0.46,Rejected
Candidate_125,"Experienced professional skilled in Machine Learning, Project Management, React, Leadership, Java, Node.js.","Machine Learning, Project Management, React, Leadership, Java, Node.js",MBA,4,Job_375,Project Manager,"C++, Project Management, Agile, React, Java",0.52,Shortlisted
Candidate_810,"Experienced professional skilled in Communication, Deep Learning, Leadership, Scrum, Python.","Communication, Deep Learning, Leadership, Scrum, Python",M.Tech,13,Job_500,Project Manager,"React, Leadership, Scrum, Deep Learning, Machine Learning",0.76,Hired
Candidate_74,"Experienced professional skilled in Scrum, C++, Java.","Scrum, C++, Java",B.Sc,15,Job_335,Project Manager,"Java, Project Management, C++, Leadership, Deep Learning",0.64,Shortlisted
Candidate_678,"Experienced professional skilled in Agile, Java, Project Management, React, C++, Communication.","Agile, Java, Project Management, React, C++, Communication",MBA,2,Job_371,Software Engineer,"Agile, Communication",0.68,Shortlisted
Candidate_692,"Experienced professional skilled in Node.js, Scrum, Machine Learning, Python.","Node.js, Scrum, Machine Learning, Python",MBA,4,Job_440,Backend Developer,"Communication, Leadership, Node.js, Deep Learning, Java",0.28,Rejected
Candidate_97,"Experienced professional skilled in Java, Scrum, Machine Learning, Project Management, C++.","Java, Scrum, Machine Learning, Project Management, C++",M.Tech,14,Job_410,Frontend Developer,"C++, Machine Learning, Scrum, Node.js",0.85,Hired
Candidate_748,"Experienced professional skilled in C++, React, Deep Learning, Java, SQL.","C++, React, Deep Learning, Java, SQL",MBA,2,Job_345,Software Engineer,"Scrum, React",0.38,Rejected
Candidate_875,"Experienced professional skilled in Communication, React, SQL, Scrum.","Communication, React, SQL, Scrum",B.Sc,7,Job_24,Frontend Developer,"SQL, Scrum, C++, Deep Learning, Node.js",0.52,Shortlisted
Candidate_275,"Experienced professional skilled in SQL, React, Machine Learning, Java, C++, Leadership.","SQL, React, Machine Learning, Java, C++, Leadership",B.Sc,4,Job_88,Software Engineer,"Scrum, Deep Learning",0.16,Rejected
Candidate_765,"Experienced professional skilled in Communication, Project Management, Machine Learning.","Communication, Project Management, Machine Learning",B.Tech,6,Job_104,Machine Learning Engineer,"Scrum, Python, Project Management",0.44,Rejected
Candidate_648,"Experienced professional skilled in Java, SQL, C++, Python, Machine Learning, React.","Java, SQL, C++, Python, Machine Learning, React",M.Tech,3,Job_356,Data Scientist,"Agile, Leadership, Machine Learning, Java",0.42,Rejected
Candidate_214,"Experienced professional skilled in Agile, Node.js, C++, Machine Learning, React, SQL.","Agile, Node.js, C++, Machine Learning, React, SQL",M.Sc,8,Job_172,Data Scientist,"Communication, C++",0.62,Shortlisted
Candidate_242,"Experienced professional skilled in Agile, Project Management, SQL, Python.","Agile, Project Management, SQL, Python",B.Sc,4,Job_208,Project Manager,"Java, Scrum, Machine Learning, Project Management",0.31,Rejected
Candidate_369,"Experienced professional skilled in Project Management, Deep Learning, Java, SQL, Python, React.","Project Management, Deep Learning, Java, SQL, Python, React",M.Sc,11,Job_391,Project Manager,"Agile, Project Management, Node.js",0.6,Shortlisted
Candidate_459,"Experienced professional skilled in Agile, Leadership, Machine Learning, SQL.","Agile, Leadership, Machine Learning, SQL",B.Tech,3,Job_205,Data Scientist,"Communication, Node.js, C++",0.12,Rejected
Candidate_144,"Experienced professional skilled in Python, Leadership, Scrum, Node.js.","Python, Leadership, Scrum, Node.js",M.Sc,14,Job_16,Project Manager,"Python, Communication, Project Management, Agile",0.55,Shortlisted
Candidate_779,"Experienced professional skilled in Agile, React, SQL, Machine Learning, Communication.","Agile, React, SQL, Machine Learning, Communication",M.Tech,2,Job_240,Software Engineer,"Python, C++, React, Machine Learning",0.38,Rejected
Candidate_202,"Experienced professional skilled in Scrum, Communication, Leadership, C++, Deep Learning, Python.","Scrum, Communication, Leadership, C++, Deep Learning, Python",B.Tech,6,Job_142,Machine Learning Engineer,"Communication, SQL, Python",0.64,Shortlisted
Candidate_404,"Experienced professional skilled in Leadership, Communication, Machine Learning, Python.","Leadership, Communication, Machine Learning, Python",B.Tech,14,Job_406,Software Engineer,"SQL, Scrum, Leadership, Agile",0.55,Shortlisted
Candidate_920,"Experienced professional skilled in Leadership, Python, Scrum, SQL, Machine Learning.","Leadership, Python, Scrum, SQL, Machine Learning",MBA,7,Job_491,Machine Learning Engineer,"Communication, Python, Agile",0.48,Rejected
Candidate_634,"Experienced professional skilled in Node.js, SQL, C++, Agile.","Node.js, SQL, C++, Agile",MBA,8,Job_61,Backend Developer,"SQL, Communication, Java",0.52,Shortlisted
Candidate_394,"Experienced professional skilled in Java, C++, Deep Learning.","Java, C++, Deep Learning",M.Tech,10,Job_22,Backend Developer,"Leadership, Python",0.4,Rejected
Candidate_175,"Experienced professional skilled in Deep Learning, SQL, React, Leadership, Node.js.","Deep Learning, SQL, React, Leadership, Node.js",M.Tech,3,Job_213,Machine Learning Engineer,"SQL, Project Management, Communication",0.32,Rejected
Candidate_887,"Experienced professional skilled in React, Communication, C++, Machine Learning, Python, Agile.","React, Communication, C++, Machine Learning, Python, Agile",M.Tech,9,Job_69,Project Manager,"Python, Deep Learning, Scrum, Machine Learning, C++",0.72,Shortlisted
Candidate_771,"Experienced professional skilled in Project Management, Machine Learning, C++, Leadership, Node.js, Deep Learning.","Project Management, Machine Learning, C++, Leadership, Node.js, Deep Learning",B.Tech,13,Job_305,Machine Learning Engineer,"Project Management, SQL",0.7,Shortlisted
Candidate_570,"Experienced professional skilled in Python, Agile, Leadership, Scrum, Node.js.","Python, Agile, Leadership, Scrum, Node.js",M.Sc,6,Job_11,Frontend Developer,"Communication, Project Management, Agile",0.44,Rejected
Candidate_837,"Experienced professional skilled in Leadership, Agile, Node.js, Machine Learning.","Leadership, Agile, Node.js, Machine Learning",B.Sc,5,Job_421,Software Engineer,"Communication, React, Leadership, Machine Learning, Scrum",0.44,Rejected
Candidate_910,"Experienced professional skilled in Deep Learning, Project Management, Communication, Python, C++, Scrum.","Deep Learning, Project Management, Communication, Python, C++, Scrum",MBA,2,Job_9,Software Engineer,"Scrum, C++, Communication, SQL",0.53,Shortlisted
Candidate_37,"Experienced professional skilled in Project Management, Scrum, Java, C++.","Project Management, Scrum, Java, C++",MBA,10,Job_226,Machine Learning Engineer,"Communication, Scrum, Project Management, Python, Leadership",0.64,Shortlisted
Candidate_165,"Experienced professional skilled in Python, SQL, Project Management, Machine Learning, React.","Python, SQL, Project Management, Machine Learning, React",B.Tech,15,Job_448,Data Scientist,"Leadership, Deep Learning, Python, Java, Machine Learning",0.64,Shortlisted
Candidate_294,"Experienced professional skilled in Java, SQL, Communication, React.","Java, SQL, Communication, React",M.Tech,12,Job_225,Backend Developer,"React, Project Management",0.7,Shortlisted
Candidate_838,"Experienced professional skilled in Node.js, Leadership, React, Java.","Node.js, Leadership, React, Java",MBA,9,Job_24,Frontend Developer,"Leadership, Communication, Agile, Machine Learning, Project Management",0.48,Rejected
Candidate_42,"Experienced professional skilled in Java, Leadership, Deep Learning, Node.js, Python.","Java, Leadership, Deep Learning, Node.js, Python",MBA,4,Job_401,Machine Learning Engineer,"Node.js, C++",0.46,Rejected
Candidate_976,"Experienced professional skilled in Agile, Project Management, SQL, Python.","Agile, Project Management, SQL, Python",MBA,8,Job_447,Project Manager,"Agile, Communication, Python, Deep Learning, SQL",0.68,Shortlisted
Candidate_332,"Experienced professional skilled in SQL, Scrum, Leadership, Java, Node.js.","SQL, Scrum, Leadership, Java, Node.js",B.Tech,11,Job_470,Frontend Developer,"Project Management, SQL, Java",0.8,Hired
Candidate_352,"Experienced professional skilled in SQL, C++, Agile.","SQL, C++, Agile",B.Sc,3,Job_474,Machine Learning Engineer,"Java, Scrum, Communication, C++, Leadership",0.24,Rejected
Candidate_868,"Experienced professional skilled in Java, Python, C++, SQL, Project Management.","Java, Python, C++, SQL, Project Management",B.Tech,12,Job_454,Data Scientist,"Project Management, Communication, Node.js, Deep Learning",0.55,Shortlisted
Candidate_42,"Experienced professional skilled in SQL, React, Java.","SQL, React, Java",B.Sc,6,Job_286,Frontend Developer,"Java, Deep Learning",0.54,Shortlisted
Candidate_111,"Experienced professional skilled in Java, Node.js, Deep Learning.","Java, Node.js, Deep Learning",B.Sc,9,Job_387,Software Engineer,"Agile, Scrum, Communication, Machine Learning",0.36,Rejected
Candidate_384,"Experienced professional skilled in Node.js, Scrum, Agile, Project Management, SQL, Deep Learning.","Node.js, Scrum, Agile, Project Management, SQL, Deep Learning",B.Tech,6,Job_255,Backend Developer,"Leadership, Machine Learning, Node.js, C++, React",0.36,Rejected
Candidate_522,"Experienced professional skilled in React, Communication, SQL, Leadership, Project Management.","React, Communication, SQL, Leadership, Project Management",M.Tech,12,Job_248,Software Engineer,"Scrum, Project Management, Deep Learning, React, Agile",0.64,Shortlisted
Candidate_895,"Experienced professional skilled in Agile, Scrum, Java.","Agile, Scrum, Java",B.Tech,11,Job_122,Data Scientist,"Node.js, React",0.4,Rejected
Candidate_806,"Experienced professional skilled in Java, Scrum, Deep Learning, Python, SQL.","Java, Scrum, Deep Learning, Python, SQL",MBA,12,Job_17,Frontend Developer,"Machine Learning, Leadership, Agile, Communication",0.4,Rejected
Candidate_707,"Experienced professional skilled in Python, Project Management, Leadership.","Python, Project Management, Leadership",MBA,10,Job_373,Frontend Developer,"Machine Learning, Deep Learning",0.4,Rejected
Candidate_641,"Experienced professional skilled in Machine Learning, Scrum, Node.js, Deep Learning, Project Management, Communication.","Machine Learning, Scrum, Node.js, Deep Learning, Project Management, Communication",M.Tech,13,Job_177,Data Scientist,"Machine Learning, Node.js, Java, Python",0.7,Shortlisted
Candidate_855,"Experienced professional skilled in Python, Machine Learning, Deep Learning, Project Management, Agile, C++.","Python, Machine Learning, Deep Learning, Project Management, Agile, C++",M.Tech,12,Job_24,Project Manager,"Node.js, Agile, Deep Learning, Python",0.85,Hired
Candidate_574,"Experienced professional skilled in Node.js, React, Project Management.","Node.js, React, Project Management",MBA,9,Job_425,Backend Developer,"Python, Node.js, Java, Project Management, Agile",0.6,Shortlisted
Candidate_686,"Experienced professional skilled in Scrum, React, Leadership, Communication, Java.","Scrum, React, Leadership, Communication, Java",B.Tech,13,Job_331,Project Manager,"Python, Scrum, Communication",0.8,Hired
Candidate_915,"Experienced professional skilled in Agile, Python, Java, Communication, Scrum, Leadership.","Agile, Python, Java, Communication, Scrum, Leadership",B.Sc,6,Job_20,Project Manager,"Python, React, Leadership",0.64,Shortlisted
Candidate_392,"Experienced professional skilled in Agile, Scrum, Python.","Agile, Scrum, Python",M.Tech,9,Job_3,Machine Learning Engineer,"Node.js, Machine Learning, SQL, Project Management",0.36,Rejected
Candidate_535,"Experienced professional skilled in React, Python, Scrum, SQL, Machine Learning.","React, Python, Scrum, SQL, Machine Learning",MBA,7,Job_425,Machine Learning Engineer,"Communication, Python, React, Scrum",0.73,Shortlisted
Candidate_12,"Experienced professional skilled in Java, C++, Python, Project Management.","Java, C++, Python, Project Management",B.Tech,1,Job_75,Backend Developer,"Leadership, Agile",0.04,Rejected
Candidate_375,"Experienced professional skilled in Node.js, Scrum, Leadership.","Node.js, Scrum, Leadership",M.Sc,9,Job_183,Data Scientist,"SQL, Machine Learning, Communication, Deep Learning, Node.js",0.48,Rejected
Candidate_374,"Experienced professional skilled in Leadership, Agile, Python, Communication.","Leadership, Agile, Python, Communication",M.Tech,5,Job_437,Frontend Developer,"Python, Deep Learning, React, Scrum",0.35,Rejected
Candidate_946,"Experienced professional skilled in C++, Python, Scrum, Machine Learning, React.","C++, Python, Scrum, Machine Learning, React",M.Tech,3,Job_10,Software Engineer,"Machine Learning, Communication, Node.js",0.32,Rejected
Candidate_477,"Experienced professional skilled in Scrum, Machine Learning, SQL, Leadership, Java, Node.js.","Scrum, Machine Learning, SQL, Leadership, Java, Node.js",MBA,13,Job_494,Machine Learning Engineer,"C++, Leadership, React, Python, Project Management",0.52,Shortlisted
Candidate_630,"Experienced professional skilled in Project Management, Scrum, Leadership, Agile, SQL, Machine Learning.","Project Management, Scrum, Leadership, Agile, SQL, Machine Learning",B.Sc,11,Job_45,Project Manager,"Machine Learning, Deep Learning, Node.js, C++",0.55,Shortlisted
Candidate_246,"Experienced professional skilled in SQL, Node.js, Java.","SQL, Node.js, Java",M.Sc,3,Job_39,Data Scientist,"React, Leadership, C++",0.12,Rejected
Candidate_236,"Experienced professional skilled in Machine Learning, Node.js, Deep Learning, Python, React.","Machine Learning, Node.js, Deep Learning, Python, React",M.Tech,9,Job_424,Project Manager,"Deep Learning, SQL",0.66,Shortlisted
Candidate_900,"Experienced professional skilled in Communication, Deep Learning, Java.","Communication, Deep Learning, Java",M.Tech,1,Job_353,Frontend Developer,"Communication, Leadership, Deep Learning, Agile, Scrum",0.28,Rejected
Candidate_121,"Experienced professional skilled in Node.js, Java, Agile, Deep Learning, React, Leadership.","Node.js, Java, Agile, Deep Learning, React, Leadership",MBA,9,Job_338,Project Manager,"SQL, Node.js",0.66,Shortlisted
Candidate_705,"Experienced professional skilled in Project Management, Node.js, Agile, Scrum, Deep Learning, React.","Project Management, Node.js, Agile, Scrum, Deep Learning, React",B.Tech,13,Job_489,Machine Learning Engineer,"Leadership, Java, Scrum, Machine Learning, React",0.64,Shortlisted
Candidate_398,"Experienced professional skilled in Node.js, C++, Java.","Node.js, C++, Java",MBA,15,Job_78,Software Engineer,"SQL, Communication, Scrum",0.4,Rejected
Candidate_4,"Experienced professional skilled in Communication, Python, C++.","Communication, Python, C++",B.Tech,1,Job_147,Data Scientist,"Python, Machine Learning, Java, Project Management, Agile",0.16,Rejected
Candidate_631,"Experienced professional skilled in Machine Learning, Project Management, C++, Agile, React.","Machine Learning, Project Management, C++, Agile, React",M.Sc,10,Job_472,Data Scientist,"Leadership, C++, React, Project Management",0.85,Hired
Candidate_106,"Experienced professional skilled in Leadership, Agile, Python.","Leadership, Agile, Python",B.Tech,7,Job_138,Data Scientist,"SQL, Deep Learning",0.28,Rejected
Candidate_144,"Experienced professional skilled in Leadership, Java, Node.js.","Leadership, Java, Node.js",M.Tech,2,Job_94,Project Manager,"Project Management, SQL, Deep Learning, React",0.08,Rejected
Candidate_22,"Experienced professional skilled in Agile, Machine Learning, Communication, Scrum, React.","Agile, Machine Learning, Communication, Scrum, React",B.Sc,15,Job_346,Project Manager,"Leadership, SQL, Node.js, C++",0.4,Rejected
Candidate_805,"Experienced professional skilled in Project Management, Leadership, Scrum, React.","Project Management, Leadership, Scrum, React",MBA,7,Job_35,Project Manager,"Agile, Scrum, C++, Java",0.43,Rejected
Candidate_162,"Experienced professional skilled in C++, Deep Learning, Communication, Node.js, Java.","C++, Deep Learning, Communication, Node.js, Java",B.Sc,11,Job_341,Backend Developer,"Python, React",0.4,Rejected
Candidate_835,"Experienced professional skilled in React, C++, Agile, Project Management, Communication.","React, C++, Agile, Project Management, Communication",B.Tech,6,Job_114,Data Scientist,"React, Java, Machine Learning",0.44,Rejected
Candidate_766,"Experienced professional skilled in Node.js, Java, Leadership, Communication, C++.","Node.js, Java, Leadership, Communication, C++",B.Tech,5,Job_29,Data Scientist,"React, Node.js",0.5,Shortlisted
Candidate_274,"Experienced professional skilled in Leadership, Agile, Node.js, Scrum, C++, Deep Learning.","Leadership, Agile, Node.js, Scrum, C++, Deep Learning",B.Sc,6,Job_154,Machine Learning Engineer,"Leadership, Project Management, Java",0.44,Rejected
Candidate_714,"Experienced professional skilled in Agile, Java, Leadership, Node.js, React.","Agile, Java, Leadership, Node.js, React",M.Sc,6,Job_333,Software Engineer,"Agile, Python",0.54,Shortlisted
Candidate_45,"Experienced professional skilled in Python, React, Agile, Communication, SQL.","Python, React, Agile, Communication, SQL",M.Sc,2,Job_119,Project Manager,"Java, Scrum",0.08,Rejected
Candidate_310,"Experienced professional skilled in Communication, SQL, Machine Learning.","Communication, SQL, Machine Learning",M.Sc,1,Job_450,Machine Learning Engineer,"Agile, React, C++",0.04,Rejected
Candidate_19,"Experienced professional skilled in Agile, Python, Node.js.","Agile, Python, Node.js",B.Sc,9,Job_280,Project Manager,"Node.js, Agile, SQL",0.76,Hired
Candidate_482,"Experienced professional skilled in C++, React, Node.js, Leadership.","C++, React, Node.js, Leadership",B.Tech,11,Job_94,Frontend Developer,"SQL, Scrum, Leadership, Node.js",0.7,Shortlisted
Candidate_139,"Experienced professional skilled in Agile, Machine Learning, SQL, Deep Learning, Scrum.","Agile, Machine Learning, SQL, Deep Learning, Scrum",B.Sc,13,Job_327,Project Manager,"Deep Learning, Scrum, C++, Java, Machine Learning",0.76,Hired
Candidate_188,"Experienced professional skilled in Scrum, SQL, React.","Scrum, SQL, React",M.Sc,5,Job_344,Software Engineer,"Machine Learning, Deep Learning, Agile, Scrum",0.35,Rejected
Candidate_393,"Experienced professional skilled in Java, Machine Learning, Leadership, Python, Communication.","Java, Machine Learning, Leadership, Python, Communication",MBA,13,Job_32,Project Manager,"Java, SQL, Leadership, Node.js, Communication",0.76,Hired
Candidate_38,"Experienced professional skilled in Communication, Agile, SQL, C++, Scrum, Python.","Communication, Agile, SQL, C++, Scrum, Python",MBA,6,Job_213,Data Scientist,"Python, C++, Communication, Agile",0.84,Hired
Candidate_852,"Experienced professional skilled in Node.js, React, Java, Project Management, C++.","Node.js, React, Java, Project Management, C++",B.Sc,3,Job_216,Frontend Developer,"React, Machine Learning, Python",0.32,Rejected
Candidate_691,"Experienced professional skilled in Node.js, C++, Project Management, Leadership.","Node.js, C++, Project Management, Leadership",B.Tech,15,Job_458,Software Engineer,"Leadership, SQL, Deep Learning, Project Management",0.7,Shortlisted
Candidate_203,"Experienced professional skilled in Scrum, Leadership, Node.js, Java.","Scrum, Leadership, Node.js, Java",B.Tech,8,Job_286,Backend Developer,"C++, Deep Learning, SQL, React",0.32,Rejected
Candidate_322,"Experienced professional skilled in Communication, C++, React, Deep Learning.","Communication, C++, React, Deep Learning",B.Tech,14,Job_135,Project Manager,"Deep Learning, Java",0.7,Shortlisted
Candidate_551,"Experienced professional skilled in C++, Python, Communication, Node.js, SQL, Machine Learning.","C++, Python, Communication, Node.js, SQL, Machine Learning",M.Sc,2,Job_130,Software Engineer,"Machine Learning, Python, Java, Deep Learning",0.38,Rejected
Candidate_204,"Experienced professional skilled in Agile, SQL, React, Leadership, Machine Learning.","Agile, SQL, React, Leadership, Machine Learning",M.Sc,14,Job_52,Data Scientist,"React, SQL",1.0,Hired
Candidate_166,"Experienced professional skilled in Deep Learning, Java, Python, Communication, React.","Deep Learning, Java, Python, Communication, React",B.Sc,14,Job_479,Frontend Developer,"Leadership, React, C++, Deep Learning",0.7,Shortlisted
Candidate_833,"Experienced professional skilled in SQL, Communication, React, Java.","SQL, Communication, React, Java",B.Tech,1,Job_332,Software Engineer,"C++, Deep Learning, Scrum, Python",0.04,Rejected
Candidate_842,"Experienced professional skilled in Project Management, React, Python, SQL, Scrum, Java.","Project Management, React, Python, SQL, Scrum, Java",B.Sc,1,Job_79,Backend Developer,"Machine Learning, React, Leadership, Node.js, Python",0.28,Rejected
Candidate_533,"Experienced professional skilled in Node.js, React, Java, Machine Learning, Project Management, SQL.","Node.js, React, Java, Machine Learning, Project Management, SQL",M.Sc,5,Job_392,Frontend Developer,"SQL, React, Communication",0.6,Shortlisted
Candidate_13,"Experienced professional skilled in Scrum, Python, SQL, Node.js, Machine Learning.","Scrum, Python, SQL, Node.js, Machine Learning",B.Sc,14,Job_261,Project Manager,"SQL, Node.js, React, Agile",0.7,Shortlisted
Candidate_521,"Experienced professional skilled in Project Management, Python, Communication, Agile.","Project Management, Python, Communication, Agile",B.Sc,3,Job_315,Backend Developer,"Java, Agile",0.42,Rejected
Candidate_471,"Experienced professional skilled in Communication, Node.js, Machine Learning, Project Management, Python.","Communication, Node.js, Machine Learning, Project Management, Python",M.Sc,9,Job_165,Backend Developer,"SQL, Node.js",0.66,Shortlisted
Candidate_66,"Experienced professional skilled in SQL, Machine Learning, Communication, Node.js.","SQL, Machine Learning, Communication, Node.js",B.Tech,15,Job_394,Backend Developer,"C++, Deep Learning, Agile",0.4,Rejected
Candidate_948,"Experienced professional skilled in C++, Communication, Leadership, Scrum.","C++, Communication, Leadership, Scrum",M.Sc,2,Job_275,Backend Developer,"Java, Machine Learning, Scrum, Deep Learning",0.23,Rejected
Candidate_526,"Experienced professional skilled in C++, Java, Scrum, Python, Node.js, Leadership.","C++, Java, Scrum, Python, Node.js, Leadership",M.Sc,3,Job_419,Frontend Developer,"SQL, Leadership, Agile",0.32,Rejected
Candidate_774,"Experienced professional skilled in Java, SQL, Agile.","Java, SQL, Agile",M.Tech,15,Job_54,Machine Learning Engineer,"Leadership, Scrum",0.4,Rejected
Candidate_763,"Experienced professional skilled in C++, Scrum, Leadership, Machine Learning, Agile.","C++, Scrum, Leadership, Machine Learning, Agile",MBA,14,Job_147,Data Scientist,"Python, Deep Learning, Machine Learning",0.6,Shortlisted
Candidate_588,"Experienced professional skilled in Python, SQL, Scrum.","Python, SQL, Scrum",B.Sc,9,Job_440,Software Engineer,"Communication, Deep Learning, Python",0.56,Shortlisted
Candidate_177,"Experienced professional skilled in Scrum, Leadership, Deep Learning, Machine Learning, Python.","Scrum, Leadership, Deep Learning, Machine Learning, Python",B.Sc,2,Job_394,Backend Developer,"Node.js, Python",0.38,Rejected
Candidate_303,"Experienced professional skilled in Python, Communication, Machine Learning, Node.js, C++.","Python, Communication, Machine Learning, Node.js, C++",M.Sc,12,Job_311,Machine Learning Engineer,"Machine Learning, Project Management, Java",0.6,Shortlisted
Candidate_262,"Experienced professional skilled in Python, Machine Learning, React, Java.","Python, Machine Learning, React, Java",M.Sc,1,Job_272,Software Engineer,"Python, Machine Learning, Deep Learning, React",0.49,Rejected
Candidate_891,"Experienced professional skilled in Node.js, C++, Leadership, Communication.","Node.js, C++, Leadership, Communication",B.Tech,3,Job_304,Software Engineer,"Python, Java, Agile, Machine Learning",0.12,Rejected
Candidate_743,"Experienced professional skilled in Python, SQL, Project Management, React, C++, Scrum.","Python, SQL, Project Management, React, C++, Scrum",B.Tech,3,Job_84,Frontend Developer,"Deep Learning, C++, Agile, Machine Learning",0.27,Rejected
Candidate_124,"Experienced professional skilled in Scrum, Communication, Deep Learning, SQL.","Scrum, Communication, Deep Learning, SQL",MBA,15,Job_465,Frontend Developer,"Scrum, Communication",1.0,Hired
Candidate_705,"Experienced professional skilled in SQL, Communication, Machine Learning, Node.js, React.","SQL, Communication, Machine Learning, Node.js, React",M.Sc,8,Job_20,Backend Developer,"Python, Leadership, C++, Java",0.32,Rejected
Candidate_746,"Experienced professional skilled in Scrum, SQL, Node.js, Agile.","Scrum, SQL, Node.js, Agile",MBA,12,Job_365,Data Scientist,"React, Leadership, C++",0.4,Rejected
Candidate_768,"Experienced professional skilled in Python, Node.js, Project Management.","Python, Node.js, Project Management",M.Tech,1,Job_35,Machine Learning Engineer,"Agile, Leadership, C++, Scrum",0.04,Rejected
Candidate_408,"Experienced professional skilled in React, Deep Learning, SQL, Python, Project Management.","React, Deep Learning, SQL, Python, Project Management",M.Sc,9,Job_77,Frontend Developer,"Scrum, Communication, Machine Learning",0.36,Rejected
Candidate_147,"Experienced professional skilled in SQL, Java, Python, Node.js, Communication, Machine Learning.","SQL, Java, Python, Node.js, Communication, Machine Learning",B.Sc,8,Job_262,Software Engineer,"Scrum, Project Management, C++, Deep Learning",0.32,Rejected
Candidate_816,"Experienced professional skilled in Communication, Agile, Machine Learning, React, Scrum, Project Management.","Communication, Agile, Machine Learning, React, Scrum, Project Management",M.Tech,14,Job_314,Software Engineer,"React, Python, Communication, Deep Learning",0.7,Shortlisted
Candidate_472,"Experienced professional skilled in Python, Project Management, Scrum, React, SQL, Java.","Python, Project Management, Scrum, React, SQL, Java",M.Sc,5,Job_268,Backend Developer,"SQL, Node.js, Agile",0.4,Rejected
Candidate_341,"Experienced professional skilled in C++, Project Management, SQL.","C++, Project Management, SQL",B.Sc,12,Job_160,Backend Developer,"Python, Machine Learning",0.4,Rejected
Candidate_787,"Experienced professional skilled in Project Management, SQL, Agile, Communication, Deep Learning.","Project Management, SQL, Agile, Communication, Deep Learning",MBA,14,Job_403,Data Scientist,"Machine Learning, Java, Node.js, Python",0.4,Rejected
Candidate_761,"Experienced professional skilled in Java, Deep Learning, Node.js, Scrum.","Java, Deep Learning, Node.js, Scrum",M.Sc,4,Job_12,Project Manager,"Scrum, Communication, C++, Machine Learning",0.31,Rejected
Candidate_139,"Experienced professional skilled in Scrum, React, Python, Deep Learning, C++, Leadership.","Scrum, React, Python, Deep Learning, C++, Leadership",B.Sc,11,Job_235,Project Manager,"Node.js, Java",0.4,Rejected
Candidate_958,"Experienced professional skilled in Python, Leadership, SQL, React, Scrum.","Python, Leadership, SQL, React, Scrum",B.Tech,13,Job_344,Machine Learning Engineer,"Agile, React, Leadership",0.8,Hired
Candidate_828,"Experienced professional skilled in Deep Learning, Python, Node.js, React, Leadership, Machine Learning.","Deep Learning, Python, Node.js, React, Leadership, Machine Learning",B.Tech,11,Job_319,Frontend Developer,"Scrum, Machine Learning",0.7,Shortlisted
Candidate_133,"Experienced professional skilled in Machine Learning, Agile, Communication.","Machine Learning, Agile, Communication",B.Sc,15,Job_103,Frontend Developer,"Scrum, Python, Communication, Leadership",0.55,Shortlisted
Candidate_678,"Experienced professional skilled in Machine Learning, Scrum, Node.js, Java, Communication, Leadership.","Machine Learning, Scrum, Node.js, Java, Communication, Leadership",B.Sc,8,Job_279,Data Scientist,"Machine Learning, Scrum",0.92,Hired
Candidate_407,"Experienced professional skilled in Deep Learning, C++, React, Scrum, Leadership.","Deep Learning, C++, React, Scrum, Leadership",B.Sc,10,Job_380,Machine Learning Engineer,"C++, Agile",0.7,Shortlisted
Candidate_156,"Experienced professional skilled in React, Scrum, Node.js, Agile, SQL, Leadership.","React, Scrum, Node.js, Agile, SQL, Leadership",MBA,10,Job_61,Data Scientist,"Deep Learning, Agile",0.7,Shortlisted
Candidate_635,"Experienced professional skilled in C++, Scrum, React, Communication, Python, Java.","C++, Scrum, React, Communication, Python, Java",M.Tech,5,Job_151,Software Engineer,"Machine Learning, SQL, React, Node.js",0.35,Rejected
Candidate_109,"Experienced professional skilled in Deep Learning, C++, Node.js, Project Management, Python.","Deep Learning, C++, Node.js, Project Management, Python",B.Sc,9,Job_298,Backend Developer,"React, Deep Learning",0.66,Shortlisted
Candidate_899,"Experienced professional skilled in Project Management, Python, Communication, Machine Learning.","Project Management, Python, Communication, Machine Learning",MBA,13,Job_76,Backend Developer,"SQL, Communication, React, Java",0.55,Shortlisted
Candidate_91,"Experienced professional skilled in Node.js, Machine Learning, Java, React, Leadership, Scrum.","Node.js, Machine Learning, Java, React, Leadership, Scrum",M.Sc,2,Job_479,Software Engineer,"Project Management, C++, Leadership",0.28,Rejected
Candidate_704,"Experienced professional skilled in Project Management, Leadership, Node.js, Agile, Java, C++.","Project Management, Leadership, Node.js, Agile, Java, C++",B.Sc,13,Job_170,Project Manager,"React, Project Management",0.7,Shortlisted
Candidate_616,"Experienced professional skilled in Machine Learning, Project Management, C++, Communication.","Machine Learning, Project Management, C++, Communication",B.Tech,7,Job_91,Backend Developer,"Leadership, React",0.28,Rejected
Candidate_27,"Experienced professional skilled in Agile, SQL, Machine Learning, Deep Learning, Project Management, Java.","Agile, SQL, Machine Learning, Deep Learning, Project Management, Java",M.Sc,14,Job_276,Machine Learning Engineer,"Machine Learning, React, Scrum, Java, Agile",0.76,Hired
Candidate_273,"Experienced professional skilled in Machine Learning, C++, React, Deep Learning, Communication.","Machine Learning, C++, React, Deep Learning, Communication",M.Tech,2,Job_285,Data Scientist,"Python, Communication, SQL, Deep Learning, Project Management",0.32,Rejected
Candidate_667,"Experienced professional skilled in Java, Deep Learning, React, Communication.","Java, Deep Learning, React, Communication",M.Sc,6,Job_60,Machine Learning Engineer,"React, Node.js, Java, Leadership",0.54,Shortlisted
Candidate_45,"Experienced professional skilled in Leadership, Agile, Machine Learning, Java.","Leadership, Agile, Machine Learning, Java",MBA,10,Job_201,Software Engineer,"Agile, SQL",0.7,Shortlisted
Candidate_370,"Experienced professional skilled in Scrum, React, Python.","Scrum, React, Python",MBA,8,Job_179,Data Scientist,"Project Management, Leadership",0.32,Rejected
Candidate_589,"Experienced professional skilled in Deep Learning, SQL, Scrum, Leadership, Java.","Deep Learning, SQL, Scrum, Leadership, Java",B.Sc,6,Job_49,Software Engineer,"Communication, Machine Learning, React, Python",0.24,Rejected
Candidate_732,"Experienced professional skilled in Node.js, Project Management, SQL, Leadership.","Node.js, Project Management, SQL, Leadership",M.Tech,5,Job_117,Machine Learning Engineer,"Deep Learning, React, Project Management, SQL",0.5,Shortlisted
Candidate_235,"Experienced professional skilled in Machine Learning, Deep Learning, Java.","Machine Learning, Deep Learning, Java",B.Tech,15,Job_451,Software Engineer,"Agile, Java",0.7,Shortlisted
Candidate_225,"Experienced professional skilled in Leadership, Project Management, Java, Deep Learning, Agile, Scrum.","Leadership, Project Management, Java, Deep Learning, Agile, Scrum",MBA,4,Job_27,Machine Learning Engineer,"SQL, Machine Learning, Communication, Node.js",0.16,Rejected
Candidate_991,"Experienced professional skilled in Python, SQL, C++, Java, React, Node.js.","Python, SQL, C++, Java, React, Node.js",M.Tech,8,Job_378,Machine Learning Engineer,"React, Deep Learning, Agile",0.52,Shortlisted
Candidate_156,"Experienced professional skilled in Leadership, Communication, Project Management, Node.js, Agile.","Leadership, Communication, Project Management, Node.js, Agile",M.Tech,5,Job_204,Software Engineer,"Project Management, Deep Learning, C++",0.4,Rejected
Candidate_598,"Experienced professional skilled in Python, Node.js, React, C++.","Python, Node.js, React, C++",M.Tech,8,Job_246,Backend Developer,"React, SQL, Agile",0.52,Shortlisted
Candidate_430,"Experienced professional skilled in Communication, React, Machine Learning, Java, Agile, Python.","Communication, React, Machine Learning, Java, Agile, Python",M.Sc,6,Job_445,Frontend Developer,"Node.js, Deep Learning, C++",0.24,Rejected
Candidate_670,"Experienced professional skilled in Java, SQL, Leadership.","Java, SQL, Leadership",B.Sc,15,Job_216,Data Scientist,"Communication, Leadership, Machine Learning, Agile, Node.js",0.52,Shortlisted
Candidate_329,"Experienced professional skilled in Machine Learning, React, Project Management, Leadership, SQL.","Machine Learning, React, Project Management, Leadership, SQL",M.Sc,14,Job_162,Software Engineer,"Node.js, React, Python",0.6,Shortlisted
Candidate_292,"Experienced professional skilled in Scrum, Communication, Node.js, Deep Learning, SQL, Python.","Scrum, Communication, Node.js, Deep Learning, SQL, Python",B.Tech,4,Job_35,Machine Learning Engineer,"Scrum, Leadership, Deep Learning, Machine Learning, Communication",0.52,Shortlisted
Candidate_8,"Experienced professional skilled in Node.js, React, Java.","Node.js, React, Java",B.Sc,5,Job_160,Software Engineer,"Leadership, Project Management",0.2,Rejected
Candidate_390,"Experienced professional skilled in Python, Node.js, Agile.","Python, Node.js, Agile",M.Sc,5,Job_326,Machine Learning Engineer,"React, Deep Learning",0.2,Rejected
Candidate_484,"Experienced professional skilled in Agile, Machine Learning, Scrum, React, Project Management, SQL.","Agile, Machine Learning, Scrum, React, Project Management, SQL",MBA,13,Job_48,Data Scientist,"C++, Python, Scrum, Agile, Node.js",0.64,Shortlisted
Candidate_781,"Experienced professional skilled in Scrum, SQL, Java, C++.","Scrum, SQL, Java, C++",MBA,9,Job_230,Machine Learning Engineer,"React, Deep Learning, Leadership, SQL, C++",0.6,Shortlisted
Candidate_334,"Experienced professional skilled in Leadership, Communication, Machine Learning, C++, Agile, SQL.","Leadership, Communication, Machine Learning, C++, Agile, SQL",M.Tech,3,Job_152,Data Scientist,"Project Management, Python",0.12,Rejected
Candidate_374,"Experienced professional skilled in React, C++, Agile, Project Management.","React, C++, Agile, Project Management",MBA,1,Job_75,Machine Learning Engineer,"Project Management, Deep Learning, Python, Machine Learning, Scrum",0.16,Rejected
Candidate_694,"Experienced professional skilled in Leadership, React, SQL, Node.js.","Leadership, React, SQL, Node.js",M.Sc,11,Job_234,Machine Learning Engineer,"Communication, Machine Learning, Leadership, React",0.7,Shortlisted
Candidate_836,"Experienced professional skilled in Node.js, Java, Agile.","Node.js, Java, Agile",M.Tech,13,Job_71,Project Manager,"SQL, Deep Learning",0.4,Rejected
Candidate_168,"Experienced professional skilled in SQL, Agile, Leadership, C++, React, Node.js.","SQL, Agile, Leadership, C++, React, Node.js",M.Tech,14,Job_20,Machine Learning Engineer,"Leadership, C++, Project Management",0.8,Hired
Candidate_709,"Experienced professional skilled in Scrum, C++, Python, Communication, React, Leadership.","Scrum, C++, Python, Communication, React, Leadership",M.Sc,12,Job_410,Data Scientist,"Machine Learning, React, Communication, Agile",0.7,Shortlisted
Candidate_622,"Experienced professional skilled in Project Management, Communication, Java, Scrum, SQL, Deep Learning.","Project Management, Communication, Java, Scrum, SQL, Deep Learning",B.Tech,10,Job_304,Data Scientist,"Agile, Deep Learning, Project Management",0.8,Hired
Candidate_43,"Experienced professional skilled in Communication, Java, Scrum, Project Management.","Communication, Java, Scrum, Project Management",B.Tech,10,Job_131,Machine Learning Engineer,"React, Python, Scrum",0.6,Shortlisted
Candidate_982,"Experienced professional skilled in Machine Learning, Communication, Python, Agile, SQL.","Machine Learning, Communication, Python, Agile, SQL",B.Sc,1,Job_115,Project Manager,"Deep Learning, C++, Scrum, Communication, SQL",0.28,Rejected
Candidate_425,"Experienced professional skilled in Java, Leadership, Agile.","Java, Leadership, Agile",B.Sc,9,Job_490,Frontend Developer,"Node.js, Leadership, Project Management, Scrum, Communication",0.48,Rejected
Candidate_588,"Experienced professional skilled in Leadership, Agile, React, Project Management, C++, Java.","Leadership, Agile, React, Project Management, C++, Java",B.Sc,9,Job_47,Software Engineer,"Java, Agile, Node.js, Project Management, Scrum",0.72,Shortlisted
Candidate_963,"Experienced professional skilled in Project Management, Communication, Node.js, C++.","Project Management, Communication, Node.js, C++",M.Sc,6,Job_490,Machine Learning Engineer,"Node.js, Scrum, React, Deep Learning, Machine Learning",0.36,Rejected
Candidate_760,"Experienced professional skilled in React, Python, Agile, Node.js.","React, Python, Agile, Node.js",M.Sc,10,Job_433,Data Scientist,"Python, Java",0.7,Shortlisted
Candidate_319,"Experienced professional skilled in Agile, Java, Communication, Deep Learning.","Agile, Java, Communication, Deep Learning",M.Tech,14,Job_496,Data Scientist,"Deep Learning, SQL, C++",0.6,Shortlisted
Candidate_87,"Experienced professional skilled in SQL, Machine Learning, Agile, Communication, C++, React.","SQL, Machine Learning, Agile, Communication, C++, React",MBA,14,Job_227,Frontend Developer,"C++, Java, Communication",0.8,Hired
Candidate_435,"Experienced professional skilled in Leadership, C++, Python, Project Management, SQL.","Leadership, C++, Python, Project Management, SQL",M.Tech,14,Job_25,Backend Developer,"Machine Learning, Project Management, Java, React, Node.js",0.52,Shortlisted
Candidate_622,"Experienced professional skilled in Project Management, SQL, Agile, Machine Learning, Leadership, Communication.","Project Management, SQL, Agile, Machine Learning, Leadership, Communication",B.Sc,5,Job_440,Project Manager,"Node.js, Agile, Java, React",0.35,Rejected
Candidate_932,"Experienced professional skilled in C++, SQL, Leadership, Project Management.","C++, SQL, Leadership, Project Management",M.Tech,4,Job_38,Backend Developer,"Python, Agile, Scrum, Deep Learning",0.16,Rejected
Candidate_883,"Experienced professional skilled in Project Management, Agile, Scrum, Java, Python, C++.","Project Management, Agile, Scrum, Java, Python, C++",MBA,5,Job_205,Machine Learning Engineer,"Node.js, Machine Learning, Leadership",0.2,Rejected
Candidate_911,"Experienced professional skilled in C++, Deep Learning, Scrum, Java, SQL.","C++, Deep Learning, Scrum, Java, SQL",B.Tech,3,Job_332,Data Scientist,"Python, Node.js, Leadership, Machine Learning",0.12,Rejected
Candidate_446,"Experienced professional skilled in SQL, Python, Communication, Java.","SQL, Python, Communication, Java",M.Sc,11,Job_249,Project Manager,"Project Management, Deep Learning, SQL, C++",0.55,Shortlisted
Candidate_442,"Experienced professional skilled in Java, Scrum, Communication.","Java, Scrum, Communication",M.Tech,13,Job_403,Data Scientist,"React, C++, Agile, Deep Learning",0.4,Rejected
Candidate_760,"Experienced professional skilled in Scrum, React, Node.js, SQL, Agile, Project Management.","Scrum, React, Node.js, SQL, Agile, Project Management",MBA,15,Job_333,Data Scientist,"Java, Node.js",0.7,Shortlisted
Candidate_533,"Experienced professional skilled in C++, Agile, Node.js, Deep Learning.","C++, Agile, Node.js, Deep Learning",B.Tech,9,Job_343,Frontend Developer,"Python, Machine Learning, Communication, C++",0.51,Shortlisted
Candidate_100,"Experienced professional skilled in Communication, C++, React, SQL, Java, Deep Learning.","Communication, C++, React, SQL, Java, Deep Learning",B.Sc,7,Job_291,Frontend Developer,"Project Management, SQL, Java, Python",0.58,Shortlisted
Candidate_727,"Experienced professional skilled in Deep Learning, Python, Machine Learning, Communication, SQL.","Deep Learning, Python, Machine Learning, Communication, SQL",M.Tech,13,Job_408,Machine Learning Engineer,"React, Node.js, Deep Learning, Project Management, Scrum",0.52,Shortlisted
Candidate_981,"Experienced professional skilled in Communication, Leadership, Agile.","Communication, Leadership, Agile",MBA,14,Job_18,Backend Developer,"Java, SQL, React, Node.js",0.4,Rejected
Candidate_590,"Experienced professional skilled in Machine Learning, Project Management, Leadership, Communication, Deep Learning.","Machine Learning, Project Management, Leadership, Communication, Deep Learning",M.Sc,2,Job_271,Frontend Developer,"Leadership, Agile, Scrum, Java",0.23,Rejected
Candidate_601,"Experienced professional skilled in Deep Learning, Project Management, C++, Leadership.","Deep Learning, Project Management, C++, Leadership",M.Tech,4,Job_475,Data Scientist,"Scrum, Leadership, Java",0.36,Rejected
Candidate_227,"Experienced professional skilled in Machine Learning, C++, Deep Learning, SQL, Communication, Leadership.","Machine Learning, C++, Deep Learning, SQL, Communication, Leadership",M.Sc,10,Job_258,Data Scientist,"Java, Deep Learning, Machine Learning, Communication, SQL",0.88,Hired
Candidate_187,"Experienced professional skilled in Node.js, Project Management, Deep Learning, Machine Learning, Communication.","Node.js, Project Management, Deep Learning, Machine Learning, Communication",B.Tech,12,Job_263,Machine Learning Engineer,"C++, Leadership, Machine Learning",0.6,Shortlisted
Candidate_507,"Experienced professional skilled in Machine Learning, Leadership, Deep Learning, Python, C++, Project Management.","Machine Learning, Leadership, Deep Learning, Python, C++, Project Management",MBA,10,Job_420,Project Manager,"Java, SQL",0.4,Rejected
Candidate_130,"Experienced professional skilled in C++, Communication, Agile, Leadership.","C++, Communication, Agile, Leadership",B.Sc,14,Job_197,Machine Learning Engineer,"Communication, Machine Learning, Agile, Deep Learning",0.7,Shortlisted
Candidate_205,"Experienced professional skilled in Java, Project Management, Communication, Node.js.","Java, Project Management, Communication, Node.js",B.Tech,6,Job_314,Frontend Developer,"Communication, Node.js, Project Management, React, Scrum",0.6,Shortlisted
Candidate_967,"Experienced professional skilled in Node.js, Scrum, Agile, Communication, Python, React.","Node.js, Scrum, Agile, Communication, Python, React",B.Tech,1,Job_422,Data Scientist,"Python, Node.js, Machine Learning, Project Management, Agile",0.4,Rejected
Candidate_859,"Experienced professional skilled in C++, Deep Learning, Communication, Agile.","C++, Deep Learning, Communication, Agile",M.Tech,3,Job_480,Software Engineer,"Java, React, Node.js",0.12,Rejected
Candidate_612,"Experienced professional skilled in React, SQL, Project Management, C++, Node.js.","React, SQL, Project Management, C++, Node.js",MBA,7,Job_443,Project Manager,"Python, Java, C++, React",0.58,Shortlisted
Candidate_921,"Experienced professional skilled in Python, React, Communication, Scrum, Deep Learning, Project Management.","Python, React, Communication, Scrum, Deep Learning, Project Management",MBA,8,Job_88,Backend Developer,"Machine Learning, Java, Project Management, Deep Learning",0.62,Shortlisted
Candidate_819,"Experienced professional skilled in Python, React, Leadership, Scrum, Java.","Python, React, Leadership, Scrum, Java",M.Tech,7,Job_318,Data Scientist,"Deep Learning, C++",0.28,Rejected
Candidate_577,"Experienced professional skilled in Scrum, SQL, Project Management.","Scrum, SQL, Project Management",M.Tech,10,Job_226,Software Engineer,"Python, Project Management, Deep Learning, Communication",0.55,Shortlisted
Candidate_867,"Experienced professional skilled in Communication, C++, React.","Communication, C++, React",M.Sc,11,Job_431,Software Engineer,"Deep Learning, Agile, C++, Scrum, React",0.64,Shortlisted
Candidate_67,"Experienced professional skilled in Java, Deep Learning, Python, Communication, Project Management, C++.","Java, Deep Learning, Python, Communication, Project Management, C++",B.Tech,11,Job_276,Frontend Developer,"Python, C++, Project Management, Scrum",0.85,Hired
Candidate_489,"Experienced professional skilled in Project Management, Python, Java, C++, SQL.","Project Management, Python, Java, C++, SQL",B.Sc,1,Job_20,Backend Developer,"Python, Scrum, C++, Agile, React",0.28,Rejected
Candidate_58,"Experienced professional skilled in Scrum, Leadership, Java.","Scrum, Leadership, Java",M.Tech,3,Job_135,Backend Developer,"Project Management, Communication",0.12,Rejected
Candidate_652,"Experienced professional skilled in Java, Node.js, Communication, Scrum, Python, Leadership.","Java, Node.js, Communication, Scrum, Python, Leadership",M.Sc,13,Job_500,Data Scientist,"Scrum, SQL, C++, Communication",0.7,Shortlisted
Candidate_761,"Experienced professional skilled in Communication, Project Management, C++, SQL.","Communication, Project Management, C++, SQL",M.Tech,15,Job_465,Machine Learning Engineer,"React, Machine Learning, Leadership, Node.js",0.4,Rejected
Candidate_790,"Experienced professional skilled in Java, Deep Learning, Python, React, Agile.","Java, Deep Learning, Python, React, Agile",B.Tech,2,Job_143,Data Scientist,"Agile, Project Management, Java, Deep Learning, C++",0.44,Rejected
Candidate_761,"Experienced professional skilled in Node.js, React, Agile.","Node.js, React, Agile",B.Tech,15,Job_97,Project Manager,"SQL, Leadership, Deep Learning, Node.js",0.55,Shortlisted
Candidate_148,"Experienced professional skilled in Node.js, Deep Learning, C++.","Node.js, Deep Learning, C++",B.Sc,14,Job_161,Project Manager,"C++, Project Management, Agile",0.6,Shortlisted
Candidate_234,"Experienced professional skilled in C++, Node.js, Agile.","C++, Node.js, Agile",B.Sc,7,Job_18,Software Engineer,"Project Management, Communication",0.28,Rejected
Candidate_198,"Experienced professional skilled in Python, Node.js, Java.","Python, Node.js, Java",MBA,15,Job_105,Machine Learning Engineer,"SQL, Machine Learning, Agile",0.4,Rejected
Candidate_455,"Experienced professional skilled in Machine Learning, Agile, Scrum, C++, Leadership, Project Management.","Machine Learning, Agile, Scrum, C++, Leadership, Project Management",MBA,7,Job_348,Machine Learning Engineer,"C++, SQL, Leadership, Communication",0.58,Shortlisted
Candidate_757,"Experienced professional skilled in SQL, Project Management, C++, Node.js, Python.","SQL, Project Management, C++, Node.js, Python",M.Sc,7,Job_168,Software Engineer,"Node.js, React",0.58,Shortlisted
Candidate_133,"Experienced professional skilled in Communication, Node.js, SQL, Scrum, Machine Learning.","Communication, Node.js, SQL, Scrum, Machine Learning",M.Tech,5,Job_75,Data Scientist,"Deep Learning, C++, React, Communication, Java",0.32,Rejected
Candidate_644,"Experienced professional skilled in SQL, Scrum, Python, Node.js, Project Management.","SQL, Scrum, Python, Node.js, Project Management",B.Sc,5,Job_223,Project Manager,"Node.js, SQL",0.8,Hired
Candidate_435,"Experienced professional skilled in Project Management, Python, React.","Project Management, Python, React",MBA,14,Job_443,Backend Developer,"React, Leadership, Communication, Machine Learning, Deep Learning",0.52,Shortlisted
Candidate_418,"Experienced professional skilled in Project Management, Python, Deep Learning, Java, React.","Project Management, Python, Deep Learning, Java, React",B.Tech,13,Job_143,Machine Learning Engineer,"React, Deep Learning, Node.js",0.8,Hired
Candidate_635,"Experienced professional skilled in Python, Node.js, C++, Project Management, Scrum.","Python, Node.js, C++, Project Management, Scrum",B.Sc,12,Job_208,Backend Developer,"Agile, Leadership, Scrum",0.6,Shortlisted
Candidate_828,"Experienced professional skilled in Python, React, Project Management, Leadership, Java, Deep Learning.","Python, React, Project Management, Leadership, Java, Deep Learning",M.Tech,12,Job_489,Machine Learning Engineer,"Scrum, Deep Learning, SQL, Python, Agile",0.64,Shortlisted
Candidate_505,"Experienced professional skilled in Node.js, React, Leadership, Python.","Node.js, React, Leadership, Python",MBA,2,Job_105,Machine Learning Engineer,"Node.js, React, Deep Learning",0.48,Rejected
Candidate_281,"Experienced professional skilled in Scrum, Agile, React, Deep Learning, Python, C++.","Scrum, Agile, React, Deep Learning, Python, C++",B.Tech,13,Job_385,Machine Learning Engineer,"Scrum, SQL, Deep Learning",0.8,Hired
Candidate_297,"Experienced professional skilled in Machine Learning, Project Management, Node.js, Deep Learning, React.","Machine Learning, Project Management, Node.js, Deep Learning, React",B.Tech,3,Job_225,Project Manager,"C++, Node.js, Java",0.32,Rejected
Candidate_406,"Experienced professional skilled in Java, Machine Learning, SQL.","Java, Machine Learning, SQL",MBA,13,Job_368,Backend Developer,"Scrum, Project Management, SQL, C++",0.55,Shortlisted
Candidate_25,"Experienced professional skilled in Node.js, Leadership, Java, Scrum, Machine Learning, Agile.","Node.js, Leadership, Java, Scrum, Machine Learning, Agile",MBA,7,Job_241,Data Scientist,"Communication, Scrum",0.58,Shortlisted
Candidate_963,"Experienced professional skilled in Project Management, Python, Communication, Java, Machine Learning, Node.js.","Project Management, Python, Communication, Java, Machine Learning, Node.js",B.Tech,15,Job_436,Project Manager,"Project Management, React, Java",0.8,Hired
Candidate_885,"Experienced professional skilled in Deep Learning, C++, Project Management, Agile, Scrum.","Deep Learning, C++, Project Management, Agile, Scrum",M.Sc,2,Job_450,Software Engineer,"Leadership, Deep Learning, C++, Scrum",0.53,Shortlisted
Candidate_856,"Experienced professional skilled in Node.js, Deep Learning, C++, Project Management.","Node.js, Deep Learning, C++, Project Management",B.Sc,15,Job_129,Frontend Developer,"Project Management, Agile, React",0.6,Shortlisted
Candidate_835,"Experienced professional skilled in Machine Learning, Communication, Leadership, SQL, Scrum.","Machine Learning, Communication, Leadership, SQL, Scrum",MBA,8,Job_328,Project Manager,"Java, Project Management, Deep Learning, Python, React",0.32,Rejected
Candidate_191,"Experienced professional skilled in Node.js, React, Scrum, Machine Learning, Leadership, Python.","Node.js, React, Scrum, Machine Learning, Leadership, Python",B.Tech,6,Job_401,Software Engineer,"Java, Communication, Leadership",0.44,Rejected
Candidate_40,"Experienced professional skilled in React, Scrum, C++.","React, Scrum, C++",M.Tech,8,Job_224,Data Scientist,"Machine Learning, SQL, Java, Leadership, Deep Learning",0.32,Rejected
Candidate_178,"Experienced professional skilled in Java, C++, Project Management, Python.","Java, C++, Project Management, Python",B.Sc,10,Job_335,Backend Developer,"Python, Project Management, Node.js, React, Agile",0.64,Shortlisted
Candidate_15,"Experienced professional skilled in C++, React, Deep Learning, Agile, Java.","C++, React, Deep Learning, Agile, Java",MBA,8,Job_267,Data Scientist,"Java, Communication, React",0.72,Shortlisted
Candidate_196,"Experienced professional skilled in Deep Learning, C++, Communication, Agile.","Deep Learning, C++, Communication, Agile",B.Tech,12,Job_204,Data Scientist,"React, Communication, SQL, Python",0.55,Shortlisted
Candidate_917,"Experienced professional skilled in Machine Learning, Python, Java, Node.js.","Machine Learning, Python, Java, Node.js",B.Tech,3,Job_441,Data Scientist,"Agile, Project Management, Deep Learning, Machine Learning",0.27,Rejected
Candidate_652,"Experienced professional skilled in SQL, Agile, Leadership, Node.js.","SQL, Agile, Leadership, Node.js",M.Tech,15,Job_373,Frontend Developer,"Scrum, Java, Project Management, React",0.4,Rejected
Candidate_343,"Experienced professional skilled in Machine Learning, Python, Java, SQL, Agile, React.","Machine Learning, Python, Java, SQL, Agile, React",MBA,6,Job_246,Frontend Developer,"React, Communication, Java, Leadership, Node.js",0.48,Rejected
Candidate_548,"Experienced professional skilled in React, Leadership, Python, Machine Learning.","React, Leadership, Python, Machine Learning",B.Sc,13,Job_450,Backend Developer,"C++, Python",0.7,Shortlisted
Candidate_692,"Experienced professional skilled in Project Management, React, Agile, Scrum, SQL, Deep Learning.","Project Management, React, Agile, Scrum, SQL, Deep Learning",B.Tech,13,Job_62,Machine Learning Engineer,"Project Management, Machine Learning, Scrum",0.8,Hired
Candidate_755,"Experienced professional skilled in React, Python, Deep Learning, Node.js, C++.","React, Python, Deep Learning, Node.js, C++",M.Tech,12,Job_107,Data Scientist,"Communication, SQL, Project Management",0.4,Rejected
Candidate_721,"Experienced professional skilled in Leadership, C++, SQL, React, Deep Learning.","Leadership, C++, SQL, React, Deep Learning",MBA,1,Job_18,Data Scientist,"Python, Agile, Java",0.04,Rejected
Candidate_19,"Experienced professional skilled in SQL, Project Management, C++.","SQL, Project Management, C++",B.Sc,15,Job_244,Software Engineer,"Scrum, Leadership, Communication, SQL",0.55,Shortlisted
Candidate_452,"Experienced professional skilled in Java, C++, Project Management.","Java, C++, Project Management",MBA,10,Job_67,Software Engineer,"Java, Machine Learning, React",0.6,Shortlisted
Candidate_655,"Experienced professional skilled in React, Agile, Python, Machine Learning.","React, Agile, Python, Machine Learning",M.Sc,14,Job_88,Project Manager,"Deep Learning, Java",0.4,Rejected
Candidate_349,"Experienced professional skilled in Java, SQL, Leadership, Python, Deep Learning, C++.","Java, SQL, Leadership, Python, Deep Learning, C++",B.Tech,2,Job_363,Machine Learning Engineer,"React, SQL",0.38,Rejected
Candidate_610,"Experienced professional skilled in Node.js, SQL, Python.","Node.js, SQL, Python",M.Tech,5,Job_250,Backend Developer,"Machine Learning, Scrum, Leadership",0.2,Rejected
Candidate_569,"Experienced professional skilled in Scrum, Java, React, Communication, Machine Learning.","Scrum, Java, React, Communication, Machine Learning",B.Sc,7,Job_325,Project Manager,"Machine Learning, Deep Learning, Communication, C++",0.58,Shortlisted
Candidate_946,"Experienced professional skilled in Leadership, Agile, React, Node.js, Machine Learning.","Leadership, Agile, React, Node.js, Machine Learning",M.Sc,10,Job_218,Machine Learning Engineer,"Scrum, Communication, Python, SQL",0.4,Rejected
Candidate_716,"Experienced professional skilled in Scrum, Leadership, React, Node.js, Project Management.","Scrum, Leadership, React, Node.js, Project Management",M.Tech,12,Job_187,Machine Learning Engineer,"Project Management, SQL, Deep Learning, Machine Learning",0.55,Shortlisted
Candidate_621,"Experienced professional skilled in Java, Communication, Deep Learning, SQL, Python, Agile.","Java, Communication, Deep Learning, SQL, Python, Agile",B.Tech,9,Job_289,Machine Learning Engineer,"Communication, Machine Learning",0.66,Shortlisted
Candidate_634,"Experienced professional skilled in Scrum, Java, Machine Learning, Leadership, Communication, React.","Scrum, Java, Machine Learning, Leadership, Communication, React",M.Sc,9,Job_482,Data Scientist,"Communication, Scrum",0.96,Hired
Candidate_356,"Experienced professional skilled in React, SQL, Java, Leadership.","React, SQL, Java, Leadership",B.Sc,10,Job_363,Frontend Developer,"Deep Learning, React, SQL, Machine Learning, Agile",0.64,Shortlisted
Candidate_814,"Experienced professional skilled in Node.js, Leadership, Scrum, SQL.","Node.js, Leadership, Scrum, SQL",MBA,9,Job_253,Frontend Developer,"Project Management, Leadership, Deep Learning",0.56,Shortlisted
Candidate_988,"Experienced professional skilled in Node.js, Scrum, Leadership, C++, Project Management.","Node.js, Scrum, Leadership, C++, Project Management",M.Sc,10,Job_303,Software Engineer,"SQL, Leadership, C++, React",0.7,Shortlisted
Candidate_700,"Experienced professional skilled in Node.js, Deep Learning, React, Machine Learning, Agile, Communication.","Node.js, Deep Learning, React, Machine Learning, Agile, Communication",B.Tech,10,Job_420,Machine Learning Engineer,"React, Project Management",0.7,Shortlisted
Candidate_381,"Experienced professional skilled in Deep Learning, Python, Java.","Deep Learning, Python, Java",B.Tech,8,Job_141,Frontend Developer,"SQL, Project Management, Communication",0.32,Rejected
Candidate_194,"Experienced professional skilled in Node.js, C++, Project Management.","Node.js, C++, Project Management",M.Tech,15,Job_13,Project Manager,"Project Management, React, Deep Learning",0.6,Shortlisted
Candidate_870,"Experienced professional skilled in Java, Scrum, Python, Leadership, React.","Java, Scrum, Python, Leadership, React",M.Sc,4,Job_303,Machine Learning Engineer,"Project Management, Python, C++, Leadership, Machine Learning",0.4,Rejected
Candidate_853,"Experienced professional skilled in Deep Learning, Scrum, React.","Deep Learning, Scrum, React",M.Tech,9,Job_36,Project Manager,"Agile, Leadership, Machine Learning, Node.js",0.36,Rejected
Candidate_751,"Experienced professional skilled in SQL, Java, Scrum.","SQL, Java, Scrum",M.Sc,10,Job_356,Project Manager,"Node.js, Machine Learning",0.4,Rejected
Candidate_175,"Experienced professional skilled in Scrum, Node.js, Project Management.","Scrum, Node.js, Project Management",MBA,15,Job_300,Machine Learning Engineer,"Machine Learning, Deep Learning",0.4,Rejected
Candidate_796,"Experienced professional skilled in C++, Machine Learning, Communication.","C++, Machine Learning, Communication",M.Tech,7,Job_348,Backend Developer,"Deep Learning, SQL",0.28,Rejected
Candidate_353,"Experienced professional skilled in Java, SQL, Project Management, Communication, Agile.","Java, SQL, Project Management, Communication, Agile",MBA,5,Job_172,Project Manager,"Python, Communication, C++",0.4,Rejected
Candidate_583,"Experienced professional skilled in Communication, SQL, Java, Project Management, Scrum, Agile.","Communication, SQL, Java, Project Management, Scrum, Agile",M.Sc,10,Job_355,Data Scientist,"Project Management, Agile, Python, C++",0.7,Shortlisted
Candidate_961,"Experienced professional skilled in Communication, Leadership, React.","Communication, Leadership, React",B.Sc,6,Job_238,Backend Developer,"Project Management, SQL, C++",0.24,Rejected
Candidate_712,"Experienced professional skilled in Node.js, React, Python, Deep Learning, Leadership.","Node.js, React, Python, Deep Learning, Leadership",MBA,11,Job_337,Machine Learning Engineer,"C++, Project Management, Leadership, React",0.7,Shortlisted
Candidate_781,"Experienced professional skilled in Project Management, React, Agile, Java.","Project Management, React, Agile, Java",B.Tech,2,Job_73,Frontend Developer,"Communication, SQL, Project Management",0.28,Rejected
Candidate_157,"Experienced professional skilled in Machine Learning, Project Management, C++, Java, Deep Learning, SQL.","Machine Learning, Project Management, C++, Java, Deep Learning, SQL",M.Tech,5,Job_344,Project Manager,"Python, Leadership, Machine Learning, Java, C++",0.56,Shortlisted
Candidate_90,"Experienced professional skilled in Agile, Node.js, Leadership, Scrum, Python, SQL.","Agile, Node.js, Leadership, Scrum, Python, SQL",M.Tech,9,Job_145,Backend Developer,"C++, Leadership, React, Scrum",0.66,Shortlisted
Candidate_183,"Experienced professional skilled in Leadership, C++, Java, Node.js.","Leadership, C++, Java, Node.js",B.Sc,11,Job_332,Backend Developer,"Agile, Node.js, Communication",0.6,Shortlisted
Candidate_537,"Experienced professional skilled in Deep Learning, Node.js, Python, Agile, Communication.","Deep Learning, Node.js, Python, Agile, Communication",M.Sc,15,Job_165,Frontend Developer,"Deep Learning, React, Python",0.8,Hired
Candidate_511,"Experienced professional skilled in Node.js, C++, Agile, SQL.","Node.js, C++, Agile, SQL",B.Sc,11,Job_481,Frontend Developer,"Java, Deep Learning, Communication, C++",0.55,Shortlisted
Candidate_156,"Experienced professional skilled in Java, SQL, React, Machine Learning, Leadership, Python.","Java, SQL, React, Machine Learning, Leadership, Python",M.Tech,6,Job_370,Data Scientist,"Leadership, Python, Java, Deep Learning, Agile",0.6,Shortlisted
Candidate_921,"Experienced professional skilled in Scrum, Deep Learning, Node.js, Communication, C++.","Scrum, Deep Learning, Node.js, Communication, C++",B.Tech,9,Job_129,Machine Learning Engineer,"Communication, Scrum",0.96,Hired
Candidate_405,"Experienced professional skilled in Deep Learning, Communication, Python.","Deep Learning, Communication, Python",MBA,5,Job_411,Software Engineer,"Node.js, Deep Learning, Java",0.4,Rejected
Candidate_494,"Experienced professional skilled in SQL, Project Management, React, C++, Scrum, Machine Learning.","SQL, Project Management, React, C++, Scrum, Machine Learning",M.Tech,12,Job_388,Project Manager,"Leadership, Machine Learning, SQL, Project Management, Communication",0.76,Hired
Candidate_644,"Experienced professional skilled in Python, Communication, Agile.","Python, Communication, Agile",B.Tech,12,Job_376,Project Manager,"SQL, React, Node.js, Communication, Leadership",0.52,Shortlisted
Candidate_768,"Experienced professional skilled in Java, Project Management, React.","Java, Project Management, React",MBA,13,Job_355,Frontend Developer,"Agile, Communication",0.4,Rejected
Candidate_150,"Experienced professional skilled in Deep Learning, Machine Learning, Agile, Project Management, React.","Deep Learning, Machine Learning, Agile, Project Management, React",M.Sc,4,Job_314,Frontend Developer,"Java, C++, Agile, Communication",0.31,Rejected
Candidate_838,"Experienced professional skilled in SQL, Node.js, Python, C++, Agile.","SQL, Node.js, Python, C++, Agile",B.Tech,6,Job_437,Software Engineer,"Agile, Leadership, Node.js, Project Management",0.54,Shortlisted
Candidate_173,"Experienced professional skilled in Node.js, Project Management, Machine Learning, Scrum, React.","Node.js, Project Management, Machine Learning, Scrum, React",B.Sc,9,Job_189,Backend Developer,"Communication, SQL, Agile, C++, Machine Learning",0.48,Rejected
Candidate_242,"Experienced professional skilled in Python, Agile, Communication, Java, SQL.","Python, Agile, Communication, Java, SQL",M.Tech,6,Job_166,Data Scientist,"Java, Deep Learning",0.54,Shortlisted
Candidate_482,"Experienced professional skilled in C++, SQL, Leadership, Python.","C++, SQL, Leadership, Python",B.Sc,11,Job_275,Machine Learning Engineer,"Scrum, Machine Learning, React, Communication, C++",0.52,Shortlisted
Candidate_360,"Experienced professional skilled in C++, Node.js, SQL, React, Agile, Machine Learning.","C++, Node.js, SQL, React, Agile, Machine Learning",B.Tech,12,Job_319,Software Engineer,"Node.js, SQL, C++, Python, Scrum",0.76,Hired
Candidate_395,"Experienced professional skilled in SQL, React, Java, Project Management.","SQL, React, Java, Project Management",B.Tech,11,Job_151,Software Engineer,"Agile, Machine Learning, Python",0.4,Rejected
Candidate_296,"Experienced professional skilled in Communication, Python, Scrum.","Communication, Python, Scrum",M.Sc,5,Job_49,Software Engineer,"Leadership, Agile, Project Management, Node.js",0.2,Rejected
Candidate_150,"Experienced professional skilled in Communication, Deep Learning, SQL, Node.js, Machine Learning, Java.","Communication, Deep Learning, SQL, Node.js, Machine Learning, Java",B.Sc,10,Job_459,Data Scientist,"Machine Learning, Agile",0.7,Shortlisted
Candidate_318,"Experienced professional skilled in Communication, SQL, Deep Learning, Node.js, Python, Scrum.","Communication, SQL, Deep Learning, Node.js, Python, Scrum",B.Sc,13,Job_444,Software Engineer,"Scrum, Communication, SQL, C++, Machine Learning",0.76,Hired
Candidate_191,"Experienced professional skilled in Java, Project Management, Leadership.","Java, Project Management, Leadership",M.Sc,5,Job_6,Project Manager,"Agile, SQL, Python",0.2,Rejected
Candidate_139,"Experienced professional skilled in Python, C++, Project Management, Deep Learning, SQL, Agile.","Python, C++, Project Management, Deep Learning, SQL, Agile",B.Tech,15,Job_480,Machine Learning Engineer,"React, Java, Project Management",0.6,Shortlisted
Candidate_961,"Experienced professional skilled in Scrum, Deep Learning, React.","Scrum, Deep Learning, React",B.Sc,4,Job_2,Frontend Developer,"React, Machine Learning, Project Management, Node.js, Deep Learning",0.4,Rejected
Candidate_810,"Experienced professional skilled in React, Java, C++, Python.","React, Java, C++, Python",M.Sc,12,Job_436,Project Manager,"Scrum, Project Management, SQL",0.4,Rejected
Candidate_465,"Experienced professional skilled in Scrum, Agile, Leadership, React, Deep Learning.","Scrum, Agile, Leadership, React, Deep Learning",M.Tech,12,Job_347,Frontend Developer,"React, Node.js, Project Management, Communication, Machine Learning",0.52,Shortlisted
Candidate_792,"Experienced professional skilled in C++, Java, Deep Learning, React, Project Management.","C++, Java, Deep Learning, React, Project Management",B.Sc,13,Job_144,Frontend Developer,"Node.js, Machine Learning, React, C++, Communication",0.64,Shortlisted
Candidate_903,"Experienced professional skilled in Java, Project Management, Leadership, SQL, React.","Java, Project Management, Leadership, SQL, React",MBA,3,Job_456,Software Engineer,"Agile, SQL, Leadership, Node.js, Deep Learning",0.36,Rejected
Candidate_537,"Experienced professional skilled in Communication, React, Java, Deep Learning, Scrum.","Communication, React, Java, Deep Learning, Scrum",B.Tech,12,Job_227,Software Engineer,"Java, Deep Learning",1.0,Hired
Candidate_146,"Experienced professional skilled in Scrum, Communication, Java.","Scrum, Communication, Java",B.Sc,14,Job_326,Project Manager,"Deep Learning, React, Node.js, Project Management",0.4,Rejected
Candidate_1000,"Experienced professional skilled in SQL, Python, Agile.","SQL, Python, Agile",M.Sc,5,Job_143,Project Manager,"Agile, Project Management",0.5,Shortlisted
Candidate_855,"Experienced professional skilled in Node.js, C++, Project Management, Communication, Java.","Node.js, C++, Project Management, Communication, Java",M.Sc,15,Job_109,Software Engineer,"Deep Learning, Python, Communication, Scrum",0.55,Shortlisted
Candidate_899,"Experienced professional skilled in React, Machine Learning, Leadership, Project Management, Deep Learning.","React, Machine Learning, Leadership, Project Management, Deep Learning",MBA,14,Job_160,Frontend Developer,"Node.js, Scrum, Leadership, Python, Project Management",0.64,Shortlisted
Candidate_190,"Experienced professional skilled in SQL, Project Management, Communication, Machine Learning.","SQL, Project Management, Communication, Machine Learning",MBA,3,Job_451,Data Scientist,"Communication, Scrum, Python, Project Management, Node.js",0.36,Rejected
Candidate_418,"Experienced professional skilled in SQL, Project Management, React, Scrum, Communication, Java.","SQL, Project Management, React, Scrum, Communication, Java",M.Sc,11,Job_130,Project Manager,"Agile, Node.js, Communication, Deep Learning, Leadership",0.52,Shortlisted
Candidate_937,"Experienced professional skilled in Leadership, SQL, C++, Project Management, Agile, Python.","Leadership, SQL, C++, Project Management, Agile, Python",M.Sc,7,Job_248,Data Scientist,"React, C++, Project Management, Agile",0.73,Shortlisted
Candidate_651,"Experienced professional skilled in Machine Learning, Java, C++, Communication.","Machine Learning, Java, C++, Communication",B.Sc,5,Job_185,Project Manager,"Python, Machine Learning, C++",0.6,Shortlisted
Candidate_591,"Experienced professional skilled in Java, Scrum, Deep Learning, Node.js, Machine Learning.","Java, Scrum, Deep Learning, Node.js, Machine Learning",MBA,15,Job_246,Frontend Developer,"SQL, Project Management",0.4,Rejected
Candidate_523,"Experienced professional skilled in Project Management, Agile, Deep Learning, SQL, React, Machine Learning.","Project Management, Agile, Deep Learning, SQL, React, Machine Learning",MBA,11,Job_498,Frontend Developer,"Deep Learning, React, Project Management, Scrum",0.85,Hired
Candidate_95,"Experienced professional skilled in Communication, Project Management, Node.js.","Communication, Project Management, Node.js",M.Tech,6,Job_347,Software Engineer,"C++, Agile, Node.js, Scrum, Communication",0.48,Rejected
Candidate_700,"Experienced professional skilled in Project Management, Scrum, C++, Python, Machine Learning, Java.","Project Management, Scrum, C++, Python, Machine Learning, Java",B.Sc,14,Job_351,Backend Developer,"React, Project Management, Communication",0.6,Shortlisted
Candidate_858,"Experienced professional skilled in Communication, Machine Learning, Python.","Communication, Machine Learning, Python",B.Sc,2,Job_247,Software Engineer,"Java, Communication, Agile",0.28,Rejected
Candidate_615,"Experienced professional skilled in Deep Learning, Scrum, Java, Leadership, Agile.","Deep Learning, Scrum, Java, Leadership, Agile",MBA,5,Job_64,Data Scientist,"SQL, Scrum, Java",0.6,Shortlisted
Candidate_737,"Experienced professional skilled in Java, SQL, Scrum, Machine Learning, Deep Learning, React.","Java, SQL, Scrum, Machine Learning, Deep Learning, React",B.Tech,6,Job_268,Backend Developer,"Deep Learning, Machine Learning, Communication",0.64,Shortlisted
Candidate_156,"Experienced professional skilled in Communication, Leadership, Agile, Deep Learning.","Communication, Leadership, Agile, Deep Learning",B.Sc,9,Job_259,Frontend Developer,"Java, Project Management, Machine Learning, React, Agile",0.48,Rejected
Candidate_610,"Experienced professional skilled in Machine Learning, Leadership, Agile, Scrum, Java, Project Management.","Machine Learning, Leadership, Agile, Scrum, Java, Project Management",M.Sc,13,Job_161,Project Manager,"SQL, Agile, Communication",0.6,Shortlisted
Candidate_323,"Experienced professional skilled in Agile, React, Project Management.","Agile, React, Project Management",B.Sc,6,Job_144,Data Scientist,"Leadership, Deep Learning, Python, Machine Learning",0.24,Rejected
Candidate_837,"Experienced professional skilled in Scrum, Communication, Leadership, Agile.","Scrum, Communication, Leadership, Agile",M.Sc,7,Job_423,Software Engineer,"Project Management, React, Python, Node.js",0.28,Rejected
Candidate_747,"Experienced professional skilled in Node.js, Java, C++, Scrum, Deep Learning.","Node.js, Java, C++, Scrum, Deep Learning",M.Tech,5,Job_310,Project Manager,"Machine Learning, Python, Java, C++, Scrum",0.56,Shortlisted
Candidate_538,"Experienced professional skilled in Python, Leadership, C++, React, Agile.","Python, Leadership, C++, React, Agile",MBA,9,Job_72,Software Engineer,"Agile, Leadership",0.96,Hired
Candidate_137,"Experienced professional skilled in Deep Learning, C++, Machine Learning, Communication, Python, Scrum.","Deep Learning, C++, Machine Learning, Communication, Python, Scrum",M.Tech,10,Job_62,Backend Developer,"C++, SQL, Machine Learning",0.8,Hired
Candidate_378,"Experienced professional skilled in Deep Learning, Node.js, Java.","Deep Learning, Node.js, Java",M.Tech,1,Job_201,Frontend Developer,"Node.js, Deep Learning, C++, Machine Learning",0.34,Rejected
Candidate_160,"Experienced professional skilled in Deep Learning, Leadership, React.","Deep Learning, Leadership, React",MBA,9,Job_348,Project Manager,"SQL, Node.js, Communication, Python, Machine Learning",0.36,Rejected
Candidate_615,"Experienced professional skilled in Python, Project Management, Java, SQL, C++, Scrum.","Python, Project Management, Java, SQL, C++, Scrum",MBA,15,Job_22,Machine Learning Engineer,"Communication, Node.js",0.4,Rejected
Candidate_68,"Experienced professional skilled in Project Management, Deep Learning, C++, Python, Leadership, Java.","Project Management, Deep Learning, C++, Python, Leadership, Java",MBA,3,Job_143,Machine Learning Engineer,"Scrum, Communication, Python, Project Management, Java",0.48,Rejected
Candidate_914,"Experienced professional skilled in Node.js, SQL, Machine Learning, Deep Learning, C++.","Node.js, SQL, Machine Learning, Deep Learning, C++",B.Tech,3,Job_457,Software Engineer,"Project Management, Leadership",0.12,Rejected
Candidate_722,"Experienced professional skilled in Machine Learning, Python, Deep Learning.","Machine Learning, Python, Deep Learning",MBA,8,Job_147,Data Scientist,"React, Scrum, Node.js",0.32,Rejected
Candidate_109,"Experienced professional skilled in Communication, Leadership, Project Management, SQL, Machine Learning.","Communication, Leadership, Project Management, SQL, Machine Learning",B.Tech,6,Job_184,Software Engineer,"Agile, Machine Learning",0.54,Shortlisted
Candidate_973,"Experienced professional skilled in Leadership, Machine Learning, Node.js, React, Python.","Leadership, Machine Learning, Node.js, React, Python",M.Tech,14,Job_125,Data Scientist,"Java, C++",0.4,Rejected
Candidate_640,"Experienced professional skilled in Agile, Scrum, Node.js.","Agile, Scrum, Node.js",B.Sc,14,Job_397,Data Scientist,"Communication, C++, Deep Learning, Agile",0.55,Shortlisted
Candidate_518,"Experienced professional skilled in Node.js, Project Management, Deep Learning.","Node.js, Project Management, Deep Learning",M.Sc,9,Job_159,Backend Developer,"SQL, React",0.36,Rejected
Candidate_390,"Experienced professional skilled in Java, Leadership, Machine Learning, C++.","Java, Leadership, Machine Learning, C++",MBA,7,Job_41,Machine Learning Engineer,"Node.js, Project Management, Deep Learning, SQL, Leadership",0.4,Rejected
Candidate_522,"Experienced professional skilled in Node.js, SQL, Agile, C++, Deep Learning, Project Management.","Node.js, SQL, Agile, C++, Deep Learning, Project Management",M.Sc,6,Job_229,Software Engineer,"React, Python, Project Management",0.44,Rejected
Candidate_786,"Experienced professional skilled in Leadership, C++, Project Management.","Leadership, C++, Project Management",M.Tech,1,Job_190,Machine Learning Engineer,"React, Agile",0.04,Rejected
Candidate_925,"Experienced professional skilled in React, Node.js, SQL, C++, Deep Learning.","React, Node.js, SQL, C++, Deep Learning",B.Tech,5,Job_32,Data Scientist,"Deep Learning, Node.js, SQL, Project Management, Agile",0.56,Shortlisted
Candidate_420,"Experienced professional skilled in React, Project Management, Communication, Deep Learning, Machine Learning, Scrum.","React, Project Management, Communication, Deep Learning, Machine Learning, Scrum",M.Sc,7,Job_160,Machine Learning Engineer,"C++, SQL",0.28,Rejected
Candidate_389,"Experienced professional skilled in Node.js, Machine Learning, Agile, React, Project Management.","Node.js, Machine Learning, Agile, React, Project Management",MBA,11,Job_494,Machine Learning Engineer,"React, SQL, Scrum, Machine Learning, Communication",0.64,Shortlisted
Candidate_330,"Experienced professional skilled in Machine Learning, SQL, Java, Communication.","Machine Learning, SQL, Java, Communication",B.Tech,2,Job_464,Machine Learning Engineer,"Project Management, Scrum, Node.js, React",0.08,Rejected
Candidate_324,"Experienced professional skilled in Agile, SQL, Python, Machine Learning, Node.js.","Agile, SQL, Python, Machine Learning, Node.js",B.Sc,7,Job_449,Frontend Developer,"Python, Java",0.58,Shortlisted
Candidate_660,"Experienced professional skilled in Node.js, Deep Learning, SQL, Python, React.","Node.js, Deep Learning, SQL, Python, React",M.Tech,1,Job_137,Machine Learning Engineer,"Python, Scrum, SQL, Machine Learning, Project Management",0.28,Rejected
Candidate_359,"Experienced professional skilled in Leadership, Agile, Deep Learning, Node.js, Python, Communication.","Leadership, Agile, Deep Learning, Node.js, Python, Communication",M.Sc,5,Job_411,Project Manager,"C++, Node.js, Agile, Scrum, Java",0.44,Rejected
Candidate_282,"Experienced professional skilled in Machine Learning, Leadership, SQL, Node.js.","Machine Learning, Leadership, SQL, Node.js",B.Tech,11,Job_6,Frontend Developer,"Communication, Node.js, C++, Agile, Java",0.52,Shortlisted
Candidate_914,"Experienced professional skilled in Agile, React, C++.","Agile, React, C++",MBA,8,Job_498,Project Manager,"Machine Learning, C++, Project Management",0.52,Shortlisted
Candidate_771,"Experienced professional skilled in Java, Agile, Machine Learning.","Java, Agile, Machine Learning",B.Tech,14,Job_88,Project Manager,"React, C++",0.4,Rejected
Candidate_670,"Experienced professional skilled in Leadership, Communication, Java, Deep Learning.","Leadership, Communication, Java, Deep Learning",M.Tech,10,Job_423,Machine Learning Engineer,"Scrum, Leadership, Agile, React",0.55,Shortlisted
Candidate_235,"Experienced professional skilled in Machine Learning, Project Management, Communication, Scrum.","Machine Learning, Project Management, Communication, Scrum",MBA,1,Job_415,Software Engineer,"C++, Node.js, Java, Deep Learning, SQL",0.04,Rejected
Candidate_370,"Experienced professional skilled in Java, React, C++, Machine Learning.","Java, React, C++, Machine Learning",M.Tech,11,Job_173,Frontend Developer,"Node.js, Agile, Machine Learning, SQL",0.55,Shortlisted
Candidate_888,"Experienced professional skilled in Leadership, SQL, Project Management, Deep Learning.","Leadership, SQL, Project Management, Deep Learning",B.Sc,13,Job_120,Software Engineer,"Scrum, Project Management, SQL, Java",0.7,Shortlisted
Candidate_140,"Experienced professional skilled in Scrum, Node.js, Machine Learning.","Scrum, Node.js, Machine Learning",M.Sc,8,Job_136,Machine Learning Engineer,"SQL, Machine Learning, Agile, Java",0.47,Rejected
Candidate_459,"Experienced professional skilled in Deep Learning, Machine Learning, React.","Deep Learning, Machine Learning, React",B.Tech,3,Job_383,Machine Learning Engineer,"Leadership, Deep Learning",0.42,Rejected
Candidate_969,"Experienced professional skilled in React, Java, Leadership.","React, Java, Leadership",B.Sc,5,Job_12,Software Engineer,"SQL, Deep Learning",0.2,Rejected
Candidate_909,"Experienced professional skilled in Agile, Java, Project Management, Scrum, Node.js, Machine Learning.","Agile, Java, Project Management, Scrum, Node.js, Machine Learning",B.Sc,1,Job_58,Project Manager,"Machine Learning, Communication, Scrum, SQL, React",0.28,Rejected
Candidate_789,"Experienced professional skilled in Agile, Project Management, Leadership, Deep Learning, Scrum.","Agile, Project Management, Leadership, Deep Learning, Scrum",B.Sc,1,Job_204,Software Engineer,"Leadership, Machine Learning, C++, React, Java",0.16,Rejected
Candidate_151,"Experienced professional skilled in C++, Agile, SQL, Machine Learning, Leadership.","C++, Agile, SQL, Machine Learning, Leadership",MBA,4,Job_316,Frontend Developer,"React, Communication, Scrum, C++",0.31,Rejected
Candidate_623,"Experienced professional skilled in Node.js, Project Management, Machine Learning, React, Java.","Node.js, Project Management, Machine Learning, React, Java",M.Sc,3,Job_193,Project Manager,"Leadership, React",0.42,Rejected
Candidate_489,"Experienced professional skilled in Communication, Java, SQL.","Communication, Java, SQL",B.Sc,1,Job_241,Backend Developer,"React, Deep Learning, Scrum, Machine Learning, Python",0.04,Rejected
Candidate_184,"Experienced professional skilled in Python, C++, React, Project Management, Leadership.","Python, C++, React, Project Management, Leadership",M.Sc,7,Job_59,Machine Learning Engineer,"SQL, Java, Scrum",0.28,Rejected
Candidate_479,"Experienced professional skilled in Machine Learning, Node.js, React.","Machine Learning, Node.js, React",M.Sc,6,Job_259,Software Engineer,"Communication, C++, Leadership, Deep Learning",0.24,Rejected
Candidate_786,"Experienced professional skilled in Project Management, Python, Leadership, React, C++, Machine Learning.","Project Management, Python, Leadership, React, C++, Machine Learning",M.Sc,13,Job_117,Data Scientist,"React, Node.js, Project Management",0.8,Hired
Candidate_93,"Experienced professional skilled in SQL, Scrum, Node.js.","SQL, Scrum, Node.js",M.Sc,5,Job_73,Software Engineer,"Machine Learning, Scrum",0.5,Shortlisted
Candidate_680,"Experienced professional skilled in Machine Learning, SQL, React, Python, Deep Learning, C++.","Machine Learning, SQL, React, Python, Deep Learning, C++",M.Tech,4,Job_327,Backend Developer,"Scrum, Leadership, Agile",0.16,Rejected
Candidate_540,"Experienced professional skilled in SQL, Scrum, Project Management.","SQL, Scrum, Project Management",M.Sc,3,Job_387,Software Engineer,"SQL, Machine Learning",0.42,Rejected
Candidate_630,"Experienced professional skilled in Communication, Node.js, React, Agile, Project Management, C++.","Communication, Node.js, React, Agile, Project Management, C++",B.Tech,7,Job_88,Project Manager,"SQL, Deep Learning",0.28,Rejected
Candidate_452,"Experienced professional skilled in Machine Learning, Java, Node.js, Python, Agile, Project Management.","Machine Learning, Java, Node.js, Python, Agile, Project Management",B.Sc,6,Job_290,Backend Developer,"C++, Communication",0.24,Rejected
Candidate_262,"Experienced professional skilled in Scrum, SQL, Agile.","Scrum, SQL, Agile",M.Sc,2,Job_278,Machine Learning Engineer,"React, SQL, Project Management",0.28,Rejected
Candidate_458,"Experienced professional skilled in React, SQL, Java.","React, SQL, Java",B.Tech,15,Job_218,Frontend Developer,"Java, C++, Machine Learning, Project Management",0.55,Shortlisted
Candidate_530,"Experienced professional skilled in Communication, Node.js, Scrum.","Communication, Node.js, Scrum",B.Sc,14,Job_45,Backend Developer,"Python, Java, Scrum, SQL",0.55,Shortlisted
Candidate_921,"Experienced professional skilled in SQL, Communication, Java, Project Management, Machine Learning.","SQL, Communication, Java, Project Management, Machine Learning",M.Sc,5,Job_277,Software Engineer,"Agile, Node.js, Python, React, Scrum",0.2,Rejected
Candidate_485,"Experienced professional skilled in Communication, React, Deep Learning, Agile, Machine Learning.","Communication, React, Deep Learning, Agile, Machine Learning",MBA,3,Job_8,Frontend Developer,"C++, Scrum, Node.js, SQL",0.12,Rejected
Candidate_595,"Experienced professional skilled in Scrum, SQL, Python, Agile, Machine Learning, Node.js.","Scrum, SQL, Python, Agile, Machine Learning, Node.js",MBA,15,Job_412,Backend Developer,"Communication, Java, SQL",0.6,Shortlisted
Candidate_11,"Experienced professional skilled in Agile, React, Leadership, Java.","Agile, React, Leadership, Java",B.Sc,1,Job_278,Machine Learning Engineer,"Communication, Leadership, React, Node.js",0.34,Rejected
Candidate_864,"Experienced professional skilled in Project Management, Communication, SQL, React, Deep Learning.","Project Management, Communication, SQL, React, Deep Learning",M.Sc,9,Job_163,Frontend Developer,"Deep Learning, Communication, Project Management, Agile, Node.js",0.72,Shortlisted
Candidate_412,"Experienced professional skilled in Communication, Python, Agile, C++, Java, Leadership.","Communication, Python, Agile, C++, Java, Leadership",B.Tech,6,Job_350,Project Manager,"Agile, Machine Learning, Java, Communication",0.69,Shortlisted
Candidate_77,"Experienced professional skilled in Node.js, Leadership, Agile, Project Management.","Node.js, Leadership, Agile, Project Management",MBA,5,Job_219,Machine Learning Engineer,"Scrum, Project Management, React, C++, Leadership",0.44,Rejected
Candidate_878,"Experienced professional skilled in Node.js, Project Management, Communication.","Node.js, Project Management, Communication",B.Sc,15,Job_129,Machine Learning Engineer,"Scrum, Java, React, Agile",0.4,Rejected
Candidate_693,"Experienced professional skilled in Deep Learning, React, SQL, Communication, Python.","Deep Learning, React, SQL, Communication, Python",B.Tech,15,Job_195,Backend Developer,"Project Management, Scrum, C++, React, Java",0.52,Shortlisted
Candidate_688,"Experienced professional skilled in Scrum, Deep Learning, Communication, React, SQL.","Scrum, Deep Learning, Communication, React, SQL",M.Tech,4,Job_489,Data Scientist,"Java, C++",0.16,Rejected
Candidate_325,"Experienced professional skilled in Communication, SQL, React, Leadership.","Communication, SQL, React, Leadership",MBA,9,Job_461,Machine Learning Engineer,"Project Management, React, C++, Agile",0.51,Shortlisted
Candidate_570,"Experienced professional skilled in C++, Project Management, React.","C++, Project Management, React",B.Tech,1,Job_131,Backend Developer,"C++, Deep Learning, Machine Learning, Project Management",0.34,Rejected
Candidate_266,"Experienced professional skilled in React, Machine Learning, Java, Scrum.","React, Machine Learning, Java, Scrum",MBA,15,Job_450,Machine Learning Engineer,"Python, Scrum, Project Management, Agile, Communication",0.52,Shortlisted
Candidate_502,"Experienced professional skilled in SQL, C++, Java, Communication.","SQL, C++, Java, Communication",B.Sc,7,Job_387,Machine Learning Engineer,"Leadership, Deep Learning, Java, Python",0.43,Rejected
Candidate_299,"Experienced professional skilled in Agile, Leadership, Machine Learning.","Agile, Leadership, Machine Learning",B.Tech,15,Job_328,Backend Developer,"Project Management, SQL, Agile",0.6,Shortlisted
Candidate_165,"Experienced professional skilled in Scrum, Java, Communication.","Scrum, Java, Communication",B.Tech,15,Job_22,Data Scientist,"React, Java, Python, Project Management, Communication",0.64,Shortlisted
Candidate_192,"Experienced professional skilled in Machine Learning, Scrum, Agile, Deep Learning.","Machine Learning, Scrum, Agile, Deep Learning",M.Tech,8,Job_197,Software Engineer,"Leadership, Scrum",0.62,Shortlisted
Candidate_769,"Experienced professional skilled in Deep Learning, Leadership, Communication, SQL, Scrum.","Deep Learning, Leadership, Communication, SQL, Scrum",M.Sc,3,Job_305,Backend Developer,"Project Management, Agile, Communication, Java",0.27,Rejected
Candidate_392,"Experienced professional skilled in Communication, Agile, Python, Machine Learning, Node.js.","Communication, Agile, Python, Machine Learning, Node.js",B.Tech,6,Job_105,Project Manager,"C++, Python",0.54,Shortlisted
Candidate_434,"Experienced professional skilled in Project Management, React, Scrum, Node.js.","Project Management, React, Scrum, Node.js",B.Sc,14,Job_337,Data Scientist,"Node.js, Machine Learning",0.7,Shortlisted
Candidate_608,"Experienced professional skilled in Node.js, Deep Learning, SQL.","Node.js, Deep Learning, SQL",M.Sc,13,Job_187,Data Scientist,"Project Management, C++, Communication, Deep Learning, Leadership",0.52,Shortlisted
Candidate_785,"Experienced professional skilled in Machine Learning, Project Management, Python, React.","Machine Learning, Project Management, Python, React",B.Sc,9,Job_228,Machine Learning Engineer,"Project Management, SQL, Machine Learning, Agile",0.66,Shortlisted
Candidate_36,"Experienced professional skilled in Leadership, React, Scrum, Project Management, Machine Learning.","Leadership, React, Scrum, Project Management, Machine Learning",B.Tech,13,Job_184,Project Manager,"Agile, Java, C++",0.4,Rejected
Candidate_137,"Experienced professional skilled in Communication, Machine Learning, Deep Learning.","Communication, Machine Learning, Deep Learning",B.Sc,13,Job_107,Software Engineer,"React, Machine Learning, Communication, Scrum, Agile",0.64,Shortlisted
Candidate_676,"Experienced professional skilled in Project Management, Agile, Python.","Project Management, Agile, Python",B.Tech,3,Job_424,Frontend Developer,"C++, Python, Node.js, Machine Learning, React",0.24,Rejected
Candidate_379,"Experienced professional skilled in React, Deep Learning, Scrum, Node.js, Machine Learning, Java.","React, Deep Learning, Scrum, Node.js, Machine Learning, Java",M.Tech,15,Job_485,Machine Learning Engineer,"React, C++, Scrum, Machine Learning, Agile",0.76,Hired
Candidate_273,"Experienced professional skilled in Communication, Deep Learning, Agile.","Communication, Deep Learning, Agile",M.Sc,4,Job_58,Data Scientist,"Deep Learning, C++, Scrum",0.36,Rejected
Candidate_268,"Experienced professional skilled in Project Management, SQL, Machine Learning.","Project Management, SQL, Machine Learning",MBA,9,Job_264,Backend Developer,"Machine Learning, Node.js, React",0.56,Shortlisted
Candidate_231,"Experienced professional skilled in Deep Learning, Project Management, Machine Learning, Java.","Deep Learning, Project Management, Machine Learning, Java",B.Sc,10,Job_72,Software Engineer,"Java, Node.js",0.7,Shortlisted
Candidate_828,"Experienced professional skilled in Machine Learning, React, Deep Learning.","Machine Learning, React, Deep Learning",M.Tech,7,Job_74,Software Engineer,"Agile, Leadership, Deep Learning",0.48,Rejected
Candidate_459,"Experienced professional skilled in Java, C++, Agile, Project Management, Python.","Java, C++, Agile, Project Management, Python",B.Sc,13,Job_57,Software Engineer,"Communication, Python, Java",0.8,Hired
Candidate_365,"Experienced professional skilled in Leadership, C++, SQL, Java, Deep Learning.","Leadership, C++, SQL, Java, Deep Learning",M.Sc,9,Job_477,Frontend Developer,"Python, Leadership, Agile, Project Management, React",0.48,Rejected
Candidate_182,"Experienced professional skilled in SQL, Python, Communication.","SQL, Python, Communication",B.Sc,5,Job_26,Project Manager,"C++, Agile, Leadership",0.2,Rejected
Candidate_5,"Experienced professional skilled in Python, Node.js, React, Machine Learning.","Python, Node.js, React, Machine Learning",B.Sc,15,Job_103,Frontend Developer,"SQL, Leadership, Project Management, Node.js, Python",0.64,Shortlisted
Candidate_912,"Experienced professional skilled in Scrum, Machine Learning, C++, Project Management.","Scrum, Machine Learning, C++, Project Management",M.Sc,5,Job_247,Frontend Developer,"Machine Learning, Deep Learning",0.5,Shortlisted
Candidate_661,"Experienced professional skilled in Java, React, Leadership, Node.js, Agile.","Java, React, Leadership, Node.js, Agile",M.Tech,3,Job_243,Machine Learning Engineer,"Java, SQL",0.42,Rejected
Candidate_747,"Experienced professional skilled in SQL, Communication, Machine Learning, Agile, Deep Learning.","SQL, Communication, Machine Learning, Agile, Deep Learning",MBA,1,Job_419,Project Manager,"Agile, Machine Learning",0.64,Shortlisted
Candidate_858,"Experienced professional skilled in Deep Learning, Python, Java, SQL, React.","Deep Learning, Python, Java, SQL, React",MBA,5,Job_207,Backend Developer,"Node.js, Leadership",0.2,Rejected
Candidate_227,"Experienced professional skilled in Communication, Machine Learning, React, Project Management, Java.","Communication, Machine Learning, React, Project Management, Java",B.Tech,4,Job_127,Software Engineer,"Machine Learning, Agile, Deep Learning",0.36,Rejected
Candidate_855,"Experienced professional skilled in Machine Learning, Leadership, Scrum, Communication, Python.","Machine Learning, Leadership, Scrum, Communication, Python",B.Tech,7,Job_204,Backend Developer,"Machine Learning, Python, Java, SQL, C++",0.52,Shortlisted
Candidate_23,"Experienced professional skilled in Python, Project Management, C++, Communication, Scrum, Node.js.","Python, Project Management, C++, Communication, Scrum, Node.js",B.Sc,11,Job_381,Frontend Developer,"Node.js, Agile, SQL, React, Communication",0.64,Shortlisted
Candidate_221,"Experienced professional skilled in Node.js, Agile, Python, Project Management.","Node.js, Agile, Python, Project Management",B.Tech,14,Job_349,Backend Developer,"SQL, Node.js",0.7,Shortlisted
Candidate_282,"Experienced professional skilled in Agile, Communication, Leadership, Python, SQL.","Agile, Communication, Leadership, Python, SQL",M.Sc,9,Job_144,Data Scientist,"Scrum, Project Management, Node.js",0.36,Rejected
Candidate_83,"Experienced professional skilled in Machine Learning, SQL, Python, Agile, Communication.","Machine Learning, SQL, Python, Agile, Communication",MBA,4,Job_327,Frontend Developer,"React, Communication, Agile, Java, Node.js",0.4,Rejected
Candidate_606,"Experienced professional skilled in React, C++, Machine Learning, Node.js, Java, Deep Learning.","React, C++, Machine Learning, Node.js, Java, Deep Learning",B.Tech,8,Job_94,Backend Developer,"Deep Learning, Leadership, React, Project Management",0.62,Shortlisted
Candidate_102,"Experienced professional skilled in Node.js, Project Management, Java, Leadership, Deep Learning, Communication.","Node.js, Project Management, Java, Leadership, Deep Learning, Communication",M.Sc,9,Job_294,Project Manager,"React, Node.js, SQL, Scrum, Python",0.48,Rejected
Candidate_2,"Experienced professional skilled in Agile, Node.js, React, Communication, Leadership, Java.","Agile, Node.js, React, Communication, Leadership, Java",B.Sc,12,Job_290,Software Engineer,"Python, Agile",0.7,Shortlisted
Candidate_982,"Experienced professional skilled in React, Machine Learning, Python, Scrum, Node.js.","React, Machine Learning, Python, Scrum, Node.js",B.Tech,7,Job_388,Backend Developer,"Machine Learning, React, Node.js",0.88,Hired
Candidate_440,"Experienced professional skilled in Machine Learning, C++, Node.js, Scrum, Communication.","Machine Learning, C++, Node.js, Scrum, Communication",B.Sc,6,Job_385,Project Manager,"Machine Learning, React, Agile, Communication",0.54,Shortlisted
Candidate_52,"Experienced professional skilled in Java, C++, Scrum, SQL, Communication.","Java, C++, Scrum, SQL, Communication",B.Tech,13,Job_365,Software Engineer,"Deep Learning, Node.js, Python, Project Management, React",0.4,Rejected
Candidate_732,"Experienced professional skilled in Leadership, Java, Node.js.","Leadership, Java, Node.js",MBA,6,Job_339,Frontend Developer,"Communication, C++, Deep Learning, Node.js",0.39,Rejected
Candidate_766,"Experienced professional skilled in Scrum, C++, Java, Leadership.","Scrum, C++, Java, Leadership",M.Sc,5,Job_314,Project Manager,"C++, React, Deep Learning, Agile",0.35,Rejected
Candidate_788,"Experienced professional skilled in Machine Learning, Deep Learning, React, Agile, C++, Scrum.","Machine Learning, Deep Learning, React, Agile, C++, Scrum",MBA,7,Job_500,Machine Learning Engineer,"Node.js, SQL, Deep Learning, Machine Learning, Communication",0.52,Shortlisted
Candidate_593,"Experienced professional skilled in Project Management, Machine Learning, Java.","Project Management, Machine Learning, Java",M.Tech,12,Job_403,Project Manager,"SQL, Scrum, Leadership, Python, Communication",0.4,Rejected
Candidate_248,"Experienced professional skilled in Node.js, Machine Learning, Project Management, Deep Learning.","Node.js, Machine Learning, Project Management, Deep Learning",B.Sc,14,Job_161,Project Manager,"Python, Scrum",0.4,Rejected
Candidate_655,"Experienced professional skilled in Leadership, Python, React, Project Management, Machine Learning, Node.js.","Leadership, Python, React, Project Management, Machine Learning, Node.js",M.Tech,15,Job_243,Backend Developer,"Java, Scrum, Deep Learning, Communication",0.4,Rejected
Candidate_252,"Experienced professional skilled in Project Management, React, Node.js, Deep Learning.","Project Management, React, Node.js, Deep Learning",B.Tech,9,Job_132,Software Engineer,"Java, Machine Learning, Deep Learning",0.56,Shortlisted
Candidate_722,"Experienced professional skilled in React, Machine Learning, SQL, Python, Scrum, C++.","React, Machine Learning, SQL, Python, Scrum, C++",M.Tech,4,Job_458,Backend Developer,"Agile, Deep Learning, React, C++, SQL",0.52,Shortlisted
Candidate_805,"Experienced professional skilled in Agile, Communication, Node.js, React, SQL.","Agile, Communication, Node.js, React, SQL",B.Tech,10,Job_24,Backend Developer,"Java, Scrum, Node.js, React",0.7,Shortlisted
Candidate_641,"Experienced professional skilled in Deep Learning, Agile, React, SQL, Machine Learning, Node.js.","Deep Learning, Agile, React, SQL, Machine Learning, Node.js",M.Tech,5,Job_143,Data Scientist,"C++, Scrum, Project Management, Deep Learning, Communication",0.32,Rejected
Candidate_33,"Experienced professional skilled in C++, Deep Learning, Node.js.","C++, Deep Learning, Node.js",MBA,3,Job_166,Software Engineer,"Node.js, Python, Java",0.32,Rejected
Candidate_387,"Experienced professional skilled in Python, Node.js, Deep Learning, Agile, Communication, React.","Python, Node.js, Deep Learning, Agile, Communication, React",B.Sc,7,Job_49,Machine Learning Engineer,"Leadership, Agile, Scrum",0.48,Rejected
Candidate_296,"Experienced professional skilled in Agile, React, Project Management, SQL, Python.","Agile, React, Project Management, SQL, Python",B.Tech,15,Job_314,Data Scientist,"Java, SQL",0.7,Shortlisted
Candidate_948,"Experienced professional skilled in SQL, Project Management, Scrum, Node.js.","SQL, Project Management, Scrum, Node.js",MBA,13,Job_286,Frontend Developer,"C++, Node.js, Deep Learning, Java",0.55,Shortlisted
Candidate_663,"Experienced professional skilled in Python, Communication, Node.js, Java, Scrum, C++.","Python, Communication, Node.js, Java, Scrum, C++",B.Sc,14,Job_39,Backend Developer,"Communication, Leadership, Project Management, Agile, Python",0.64,Shortlisted
Candidate_516,"Experienced professional skilled in Java, Deep Learning, Scrum.","Java, Deep Learning, Scrum",B.Tech,6,Job_383,Software Engineer,"SQL, Project Management",0.24,Rejected
Candidate_151,"Experienced professional skilled in Scrum, C++, Communication, Deep Learning, SQL, Machine Learning.","Scrum, C++, Communication, Deep Learning, SQL, Machine Learning",MBA,9,Job_93,Software Engineer,"Agile, Deep Learning, Leadership, Java",0.51,Shortlisted
Candidate_275,"Experienced professional skilled in Scrum, SQL, Deep Learning.","Scrum, SQL, Deep Learning",B.Sc,2,Job_222,Data Scientist,"Leadership, Agile, C++, SQL, React",0.2,Rejected
Candidate_458,"Experienced professional skilled in Java, Communication, Leadership, Python, C++.","Java, Communication, Leadership, Python, C++",M.Sc,7,Job_176,Frontend Developer,"Leadership, React, Java, Machine Learning",0.58,Shortlisted
Candidate_811,"Experienced professional skilled in Python, SQL, React, Node.js, Communication, Project Management.","Python, SQL, React, Node.js, Communication, Project Management",MBA,2,Job_179,Backend Developer,"SQL, Node.js, C++, Scrum",0.38,Rejected
Candidate_363,"Experienced professional skilled in Project Management, Node.js, Communication, Deep Learning, SQL, Machine Learning.","Project Management, Node.js, Communication, Deep Learning, SQL, Machine Learning",MBA,4,Job_228,Backend Developer,"React, Leadership, C++, Python, Java",0.16,Rejected
Candidate_671,"Experienced professional skilled in Node.js, Java, C++, Project Management, Communication, React.","Node.js, Java, C++, Project Management, Communication, React",M.Sc,9,Job_46,Backend Developer,"Python, React, C++, Node.js, Machine Learning",0.72,Shortlisted
Candidate_813,"Experienced professional skilled in Agile, Communication, C++, Java, React, Machine Learning.","Agile, Communication, C++, Java, React, Machine Learning",M.Tech,6,Job_9,Software Engineer,"Deep Learning, Leadership, Project Management, Agile",0.39,Rejected
Candidate_963,"Experienced professional skilled in Leadership, Machine Learning, Deep Learning, Python.","Leadership, Machine Learning, Deep Learning, Python",M.Tech,6,Job_112,Machine Learning Engineer,"Project Management, Agile, Machine Learning, C++, Deep Learning",0.48,Rejected
Candidate_776,"Experienced professional skilled in Project Management, C++, Deep Learning, React, Scrum, Communication.","Project Management, C++, Deep Learning, React, Scrum, Communication",M.Tech,1,Job_380,Software Engineer,"Scrum, Deep Learning, Python",0.44,Rejected
Candidate_649,"Experienced professional skilled in Python, SQL, Deep Learning, Node.js.","Python, SQL, Deep Learning, Node.js",M.Tech,9,Job_111,Data Scientist,"C++, SQL, Python, Communication",0.66,Shortlisted
Candidate_348,"Experienced professional skilled in Agile, SQL, Deep Learning, Machine Learning, Scrum, Project Management.","Agile, SQL, Deep Learning, Machine Learning, Scrum, Project Management",B.Sc,14,Job_176,Frontend Developer,"Python, Machine Learning",0.7,Shortlisted
Candidate_189,"Experienced professional skilled in Communication, Node.js, React.","Communication, Node.js, React",M.Tech,14,Job_413,Project Manager,"SQL, Python, React",0.6,Shortlisted
Candidate_574,"Experienced professional skilled in Deep Learning, Communication, Project Management, Python, Java.","Deep Learning, Communication, Project Management, Python, Java",B.Sc,5,Job_312,Frontend Developer,"C++, Machine Learning, React, Communication",0.35,Rejected
Candidate_543,"Experienced professional skilled in Python, Machine Learning, Leadership, SQL, Agile.","Python, Machine Learning, Leadership, SQL, Agile",B.Sc,12,Job_310,Machine Learning Engineer,"Python, React, Machine Learning, Agile",0.85,Hired
Candidate_158,"Experienced professional skilled in Deep Learning, Node.js, Leadership, C++, React, Scrum.","Deep Learning, Node.js, Leadership, C++, React, Scrum",B.Sc,11,Job_159,Data Scientist,"Scrum, Deep Learning, React",1.0,Hired
Candidate_852,"Experienced professional skilled in C++, Communication, Leadership, Python, SQL.","C++, Communication, Leadership, Python, SQL",B.Tech,8,Job_473,Machine Learning Engineer,"Project Management, Java, React",0.32,Rejected
Candidate_398,"Experienced professional skilled in Node.js, SQL, React, Python.","Node.js, SQL, React, Python",B.Tech,3,Job_435,Backend Developer,"SQL, React, Agile, Scrum",0.42,Rejected
Candidate_383,"Experienced professional skilled in React, Deep Learning, Machine Learning, Java.","React, Deep Learning, Machine Learning, Java",M.Tech,8,Job_217,Data Scientist,"Scrum, React, Communication",0.52,Shortlisted
Candidate_455,"Experienced professional skilled in Scrum, Leadership, Communication, Java, Agile.","Scrum, Leadership, Communication, Java, Agile",B.Tech,9,Job_433,Software Engineer,"React, Scrum, Java",0.76,Hired
Candidate_746,"Experienced professional skilled in SQL, C++, Deep Learning, Leadership.","SQL, C++, Deep Learning, Leadership",B.Tech,4,Job_3,Software Engineer,"SQL, Deep Learning, Agile, C++",0.61,Shortlisted
Candidate_667,"Experienced professional skilled in SQL, Project Management, C++, Leadership, React, Communication.","SQL, Project Management, C++, Leadership, React, Communication",B.Sc,3,Job_49,Frontend Developer,"Leadership, Communication, React, Node.js, Agile",0.48,Rejected
Candidate_993,"Experienced professional skilled in Leadership, Scrum, Agile, Communication, Python, Node.js.","Leadership, Scrum, Agile, Communication, Python, Node.js",MBA,8,Job_165,Frontend Developer,"Deep Learning, Scrum",0.62,Shortlisted
Candidate_82,"Experienced professional skilled in Project Management, Python, Deep Learning.","Project Management, Python, Deep Learning",M.Tech,8,Job_475,Data Scientist,"Project Management, Python, Machine Learning, Java",0.62,Shortlisted
Candidate_470,"Experienced professional skilled in Scrum, Project Management, Communication, SQL, Python.","Scrum, Project Management, Communication, SQL, Python",B.Sc,8,Job_340,Machine Learning Engineer,"Scrum, C++, Leadership, SQL, Agile",0.56,Shortlisted
Candidate_864,"Experienced professional skilled in Scrum, Machine Learning, Communication, Project Management, SQL.","Scrum, Machine Learning, Communication, Project Management, SQL",M.Tech,5,Job_444,Software Engineer,"Agile, C++, Deep Learning, Project Management, Communication",0.44,Rejected
Candidate_267,"Experienced professional skilled in Project Management, Scrum, Deep Learning, React, Communication.","Project Management, Scrum, Deep Learning, React, Communication",M.Tech,8,Job_216,Backend Developer,"Scrum, Java, Python",0.52,Shortlisted
Candidate_755,"Experienced professional skilled in Communication, Machine Learning, Node.js, Project Management.","Communication, Machine Learning, Node.js, Project Management",B.Tech,1,Job_70,Frontend Developer,"Leadership, Project Management, Python, SQL, Machine Learning",0.28,Rejected
Candidate_734,"Experienced professional skilled in SQL, Machine Learning, Communication, Node.js, Deep Learning.","SQL, Machine Learning, Communication, Node.js, Deep Learning",M.Tech,8,Job_442,Data Scientist,"SQL, React",0.62,Shortlisted
Candidate_928,"Experienced professional skilled in Machine Learning, Agile, React, Communication.","Machine Learning, Agile, React, Communication",B.Sc,14,Job_390,Data Scientist,"C++, Node.js",0.4,Rejected
Candidate_933,"Experienced professional skilled in Leadership, React, Communication, Scrum.","Leadership, React, Communication, Scrum",M.Tech,8,Job_33,Project Manager,"Agile, Python, React, Project Management, Leadership",0.56,Shortlisted
Candidate_85,"Experienced professional skilled in Machine Learning, Leadership, Python, Java.","Machine Learning, Leadership, Python, Java",M.Sc,7,Job_258,Project Manager,"Scrum, Java, Leadership",0.68,Shortlisted
Candidate_842,"Experienced professional skilled in Machine Learning, Java, Agile.","Machine Learning, Java, Agile",B.Tech,14,Job_470,Backend Developer,"SQL, Python, Java",0.6,Shortlisted
Candidate_305,"Experienced professional skilled in Deep Learning, Communication, Leadership.","Deep Learning, Communication, Leadership",MBA,10,Job_475,Data Scientist,"SQL, Leadership, React",0.6,Shortlisted
Candidate_527,"Experienced professional skilled in React, Communication, Scrum.","React, Communication, Scrum",MBA,13,Job_10,Project Manager,"Communication, Java, Node.js",0.6,Shortlisted
Candidate_157,"Experienced professional skilled in Communication, Leadership, SQL.","Communication, Leadership, SQL",M.Sc,11,Job_293,Project Manager,"Communication, Project Management, Node.js",0.6,Shortlisted
Candidate_779,"Experienced professional skilled in Scrum, Agile, Project Management, Leadership, Communication, Java.","Scrum, Agile, Project Management, Leadership, Communication, Java",M.Tech,8,Job_328,Machine Learning Engineer,"C++, Deep Learning, Scrum",0.52,Shortlisted
Candidate_821,"Experienced professional skilled in Scrum, Leadership, Deep Learning.","Scrum, Leadership, Deep Learning",B.Tech,14,Job_7,Software Engineer,"Node.js, Python, Java, Leadership, Communication",0.52,Shortlisted
Candidate_668,"Experienced professional skilled in Scrum, Java, Python, SQL.","Scrum, Java, Python, SQL",MBA,12,Job_436,Project Manager,"Deep Learning, Project Management, Communication",0.4,Rejected
Candidate_846,"Experienced professional skilled in Java, Communication, Agile, C++, Scrum.","Java, Communication, Agile, C++, Scrum",M.Tech,12,Job_248,Frontend Developer,"Leadership, C++, React",0.6,Shortlisted
Candidate_840,"Experienced professional skilled in Scrum, Project Management, Communication, C++, Agile.","Scrum, Project Management, Communication, C++, Agile",M.Sc,13,Job_468,Data Scientist,"React, Node.js, Machine Learning, Agile, Leadership",0.52,Shortlisted
Candidate_374,"Experienced professional skilled in Project Management, Agile, Python, C++.","Project Management, Agile, Python, C++",B.Sc,6,Job_5,Software Engineer,"Communication, Scrum, Node.js",0.24,Rejected
Candidate_839,"Experienced professional skilled in SQL, Node.js, Python, Java.","SQL, Node.js, Python, Java",MBA,13,Job_335,Backend Developer,"C++, Machine Learning, Deep Learning",0.4,Rejected
Candidate_554,"Experienced professional skilled in React, Node.js, Deep Learning, C++, Python.","React, Node.js, Deep Learning, C++, Python",B.Sc,15,Job_496,Backend Developer,"Scrum, Communication, Deep Learning",0.6,Shortlisted
Candidate_560,"Experienced professional skilled in C++, Machine Learning, Python, Java.","C++, Machine Learning, Python, Java",MBA,1,Job_228,Backend Developer,"Java, Scrum, Node.js",0.24,Rejected
Candidate_564,"Experienced professional skilled in SQL, Machine Learning, Project Management, Leadership.","SQL, Machine Learning, Project Management, Leadership",M.Tech,3,Job_246,Software Engineer,"Scrum, C++, Deep Learning",0.12,Rejected
Candidate_268,"Experienced professional skilled in SQL, C++, Python, Project Management, Scrum, Communication.","SQL, C++, Python, Project Management, Scrum, Communication",M.Sc,1,Job_162,Software Engineer,"Project Management, React, C++, Java, SQL",0.4,Rejected
Candidate_922,"Experienced professional skilled in Node.js, Deep Learning, Scrum, Leadership, Machine Learning.","Node.js, Deep Learning, Scrum, Leadership, Machine Learning",M.Sc,2,Job_314,Data Scientist,"Project Management, Scrum, C++",0.28,Rejected
Candidate_119,"Experienced professional skilled in Machine Learning, Node.js, Leadership.","Machine Learning, Node.js, Leadership",M.Tech,7,Job_49,Frontend Developer,"Machine Learning, SQL, Scrum",0.48,Rejected
Candidate_472,"Experienced professional skilled in React, SQL, Scrum, Python, Leadership, C++.","React, SQL, Scrum, Python, Leadership, C++",M.Sc,14,Job_146,Backend Developer,"Leadership, Deep Learning",0.7,Shortlisted
Candidate_936,"Experienced professional skilled in Project Management, Leadership, SQL, Python, Communication.","Project Management, Leadership, SQL, Python, Communication",M.Tech,10,Job_363,Software Engineer,"Project Management, Deep Learning",0.7,Shortlisted
Candidate_990,"Experienced professional skilled in Python, Project Management, React, Java, Scrum.","Python, Project Management, React, Java, Scrum",M.Tech,13,Job_483,Software Engineer,"Project Management, Scrum, Communication, Agile, SQL",0.64,Shortlisted
Candidate_603,"Experienced professional skilled in Deep Learning, React, Java, Python, Leadership, Scrum.","Deep Learning, React, Java, Python, Leadership, Scrum",MBA,6,Job_361,Frontend Developer,"Node.js, Project Management, React, Java",0.54,Shortlisted
Candidate_651,"Experienced professional skilled in Deep Learning, SQL, Project Management, Leadership.","Deep Learning, SQL, Project Management, Leadership",B.Tech,8,Job_151,Frontend Developer,"Communication, C++, React",0.32,Rejected
Candidate_693,"Experienced professional skilled in Deep Learning, C++, Java.","Deep Learning, C++, Java",M.Sc,4,Job_494,Data Scientist,"Deep Learning, SQL, Scrum, Agile, Project Management",0.28,Rejected
Candidate_443,"Experienced professional skilled in Agile, Project Management, Deep Learning.","Agile, Project Management, Deep Learning",B.Sc,15,Job_306,Software Engineer,"Scrum, Project Management, Node.js, Agile",0.7,Shortlisted
Candidate_60,"Experienced professional skilled in Python, Communication, C++, Node.js, Machine Learning.","Python, Communication, C++, Node.js, Machine Learning",MBA,8,Job_20,Backend Developer,"Agile, Deep Learning, Java, Node.js",0.47,Rejected
Candidate_28,"Experienced professional skilled in C++, Leadership, Deep Learning, SQL, Java.","C++, Leadership, Deep Learning, SQL, Java",MBA,12,Job_127,Data Scientist,"Leadership, Agile",0.7,Shortlisted
Candidate_622,"Experienced professional skilled in React, Node.js, SQL, Communication, C++, Scrum.","React, Node.js, SQL, Communication, C++, Scrum",B.Sc,15,Job_131,Machine Learning Engineer,"C++, Java, Agile, Leadership, Python",0.52,Shortlisted
Candidate_170,"Experienced professional skilled in Communication, React, Project Management, C++, SQL, Python.","Communication, React, Project Management, C++, SQL, Python",M.Tech,7,Job_34,Machine Learning Engineer,"Agile, Leadership, Communication",0.48,Rejected
Candidate_873,"Experienced professional skilled in React, Project Management, Communication.","React, Project Management, Communication",B.Sc,2,Job_48,Project Manager,"Machine Learning, Project Management, Java, Agile, React",0.32,Rejected
Candidate_16,"Experienced professional skilled in Leadership, Deep Learning, React, Scrum, Machine Learning.","Leadership, Deep Learning, React, Scrum, Machine Learning",M.Tech,2,Job_88,Data Scientist,"Project Management, C++, Java",0.08,Rejected
Candidate_969,"Experienced professional skilled in Java, Leadership, C++, Node.js, React.","Java, Leadership, C++, Node.js, React",M.Sc,4,Job_401,Backend Developer,"Java, Python, Project Management, Agile",0.31,Rejected
Candidate_39,"Experienced professional skilled in Agile, Project Management, Machine Learning, Deep Learning, Scrum, Python.","Agile, Project Management, Machine Learning, Deep Learning, Scrum, Python",B.Sc,3,Job_425,Machine Learning Engineer,"Communication, Leadership, Node.js",0.12,Rejected
Candidate_645,"Experienced professional skilled in C++, React, Agile.","C++, React, Agile",M.Sc,3,Job_134,Software Engineer,"SQL, Node.js",0.12,Rejected
Candidate_407,"Experienced professional skilled in Leadership, Machine Learning, Project Management, Scrum, Node.js.","Leadership, Machine Learning, Project Management, Scrum, Node.js",MBA,1,Job_288,Backend Developer,"Node.js, SQL, Communication, React",0.19,Rejected
Candidate_725,"Experienced professional skilled in Leadership, Deep Learning, Node.js.","Leadership, Deep Learning, Node.js",B.Sc,13,Job_403,Project Manager,"Machine Learning, React",0.4,Rejected
Candidate_215,"Experienced professional skilled in Agile, Python, Machine Learning, Scrum, Java.","Agile, Python, Machine Learning, Scrum, Java",M.Tech,1,Job_109,Backend Developer,"Agile, SQL, Machine Learning, React",0.34,Rejected
Candidate_849,"Experienced professional skilled in Deep Learning, React, Scrum, Agile.","Deep Learning, React, Scrum, Agile",B.Tech,5,Job_50,Frontend Developer,"Java, C++, Communication, Deep Learning, React",0.44,Rejected
Candidate_529,"Experienced professional skilled in Leadership, Scrum, Machine Learning.","Leadership, Scrum, Machine Learning",M.Tech,8,Job_303,Backend Developer,"Node.js, React",0.32,Rejected
Candidate_389,"Experienced professional skilled in React, Agile, Communication, SQL, Leadership, Deep Learning.","React, Agile, Communication, SQL, Leadership, Deep Learning",B.Sc,7,Job_428,Machine Learning Engineer,"Communication, React, Deep Learning, Project Management, Leadership",0.76,Hired
Candidate_482,"Experienced professional skilled in Leadership, Project Management, SQL, React.","Leadership, Project Management, SQL, React",M.Sc,12,Job_137,Frontend Developer,"Machine Learning, SQL",0.7,Shortlisted
Candidate_801,"Experienced professional skilled in Agile, Python, Communication.","Agile, Python, Communication",B.Sc,3,Job_296,Project Manager,"Scrum, Agile, Deep Learning, React, Project Management",0.24,Rejected
Candidate_305,"Experienced professional skilled in Machine Learning, Scrum, Python, Communication, Agile, Node.js.","Machine Learning, Scrum, Python, Communication, Agile, Node.js",B.Sc,13,Job_142,Backend Developer,"Leadership, Deep Learning, Scrum, Communication, Agile",0.76,Hired
Candidate_828,"Experienced professional skilled in Machine Learning, React, Java, Scrum.","Machine Learning, React, Java, Scrum",B.Tech,6,Job_199,Data Scientist,"Node.js, Agile, SQL, React, Python",0.36,Rejected
Candidate_620,"Experienced professional skilled in Agile, React, Leadership.","Agile, React, Leadership",MBA,2,Job_66,Backend Developer,"Leadership, Project Management, Python",0.28,Rejected
Candidate_208,"Experienced professional skilled in React, Communication, Deep Learning, Node.js, SQL.","React, Communication, Deep Learning, Node.js, SQL",B.Sc,15,Job_156,Project Manager,"Project Management, SQL",0.7,Shortlisted
Candidate_716,"Experienced professional skilled in Project Management, Machine Learning, C++, Python, Communication, Node.js.","Project Management, Machine Learning, C++, Python, Communication, Node.js",M.Tech,4,Job_365,Software Engineer,"Scrum, C++",0.46,Rejected
Candidate_100,"Experienced professional skilled in Machine Learning, Deep Learning, Leadership.","Machine Learning, Deep Learning, Leadership",B.Sc,10,Job_387,Software Engineer,"React, Deep Learning, Communication, Leadership, SQL",0.64,Shortlisted
Candidate_731,"Experienced professional skilled in Machine Learning, Python, Deep Learning, SQL, Communication, Project Management.","Machine Learning, Python, Deep Learning, SQL, Communication, Project Management",MBA,5,Job_109,Software Engineer,"SQL, Machine Learning, Communication, React",0.65,Shortlisted
Candidate_601,"Experienced professional skilled in Node.js, Communication, Agile, Java.","Node.js, Communication, Agile, Java",MBA,9,Job_19,Project Manager,"React, C++, Communication",0.56,Shortlisted
Candidate_441,"Experienced professional skilled in Scrum, Agile, Project Management.","Scrum, Agile, Project Management",B.Tech,8,Job_187,Project Manager,"Deep Learning, Scrum",0.62,Shortlisted
Candidate_849,"Experienced professional skilled in Agile, Leadership, Deep Learning, Java.","Agile, Leadership, Deep Learning, Java",B.Tech,9,Job_374,Frontend Developer,"React, C++, Machine Learning, Agile, Communication",0.48,Rejected
Candidate_684,"Experienced professional skilled in Deep Learning, Python, Project Management.","Deep Learning, Python, Project Management",B.Tech,1,Job_345,Machine Learning Engineer,"Java, Node.js, Leadership, React, Scrum",0.04,Rejected
Candidate_968,"Experienced professional skilled in Python, Agile, C++, SQL, Project Management.","Python, Agile, C++, SQL, Project Management",B.Tech,1,Job_357,Software Engineer,"Communication, C++",0.34,Rejected
Candidate_743,"Experienced professional skilled in Node.js, Project Management, Agile.","Node.js, Project Management, Agile",B.Tech,9,Job_467,Machine Learning Engineer,"Scrum, React",0.36,Rejected
Candidate_620,"Experienced professional skilled in Scrum, Deep Learning, Java.","Scrum, Deep Learning, Java",M.Tech,14,Job_386,Data Scientist,"C++, SQL, Communication",0.4,Rejected
Candidate_916,"Experienced professional skilled in C++, Leadership, Deep Learning, Machine Learning, Java, React.","C++, Leadership, Deep Learning, Machine Learning, Java, React",B.Sc,6,Job_179,Project Manager,"Communication, Agile, Java, React",0.54,Shortlisted
Candidate_952,"Experienced professional skilled in Communication, Machine Learning, C++, SQL, Node.js.","Communication, Machine Learning, C++, SQL, Node.js",B.Tech,13,Job_291,Data Scientist,"React, Machine Learning, Python, Java",0.55,Shortlisted
Candidate_892,"Experienced professional skilled in Leadership, Agile, Python.","Leadership, Agile, Python",MBA,4,Job_360,Data Scientist,"C++, Deep Learning, Python",0.36,Rejected
Candidate_911,"Experienced professional skilled in Machine Learning, Communication, Node.js.","Machine Learning, Communication, Node.js",MBA,5,Job_276,Frontend Developer,"Java, Agile, SQL",0.2,Rejected
Candidate_680,"Experienced professional skilled in Node.js, SQL, Machine Learning, Scrum, Python, Leadership.","Node.js, SQL, Machine Learning, Scrum, Python, Leadership",M.Tech,8,Job_240,Machine Learning Engineer,"C++, SQL, React, Communication, Python",0.56,Shortlisted
Candidate_445,"Experienced professional skilled in React, Communication, Machine Learning, Leadership, Scrum, Deep Learning.","React, Communication, Machine Learning, Leadership, Scrum, Deep Learning",M.Sc,1,Job_287,Data Scientist,"Node.js, Project Management",0.04,Rejected
Candidate_264,"Experienced professional skilled in Java, Node.js, Machine Learning, Agile, Python, Project Management.","Java, Node.js, Machine Learning, Agile, Python, Project Management",M.Tech,4,Job_133,Backend Developer,"React, Node.js, Communication, Agile, Scrum",0.4,Rejected
Candidate_708,"Experienced professional skilled in Python, Project Management, SQL.","Python, Project Management, SQL",B.Tech,11,Job_332,Project Manager,"Scrum, Node.js, Python",0.6,Shortlisted
Candidate_107,"Experienced professional skilled in SQL, Scrum, Project Management, Machine Learning.","SQL, Scrum, Project Management, Machine Learning",M.Sc,9,Job_278,Machine Learning Engineer,"Agile, C++, Python, Project Management, Java",0.48,Rejected
Candidate_781,"Experienced professional skilled in Python, SQL, Scrum, Project Management, Node.js, React.","Python, SQL, Scrum, Project Management, Node.js, React",M.Sc,11,Job_186,Frontend Developer,"Java, React, Python, Machine Learning, Communication",0.64,Shortlisted
Candidate_764,"Experienced professional skilled in SQL, Java, Deep Learning, Node.js, React.","SQL, Java, Deep Learning, Node.js, React",B.Sc,8,Job_159,Machine Learning Engineer,"Leadership, SQL, Java, Deep Learning",0.77,Hired
Candidate_531,"Experienced professional skilled in Project Management, Agile, Node.js.","Project Management, Agile, Node.js",M.Sc,3,Job_2,Data Scientist,"Python, C++",0.12,Rejected
Candidate_500,"Experienced professional skilled in Leadership, Project Management, React, Python, Deep Learning.","Leadership, Project Management, React, Python, Deep Learning",M.Sc,8,Job_212,Frontend Developer,"Node.js, Java, Communication, React",0.47,Rejected
Candidate_370,"Experienced professional skilled in Communication, Scrum, Project Management, C++.","Communication, Scrum, Project Management, C++",M.Sc,10,Job_4,Machine Learning Engineer,"Deep Learning, Project Management, Scrum, SQL",0.7,Shortlisted
Candidate_18,"Experienced professional skilled in Project Management, Deep Learning, Java, Agile.","Project Management, Deep Learning, Java, Agile",B.Tech,15,Job_122,Backend Developer,"Communication, Java, Python, Deep Learning",0.7,Shortlisted
Candidate_314,"Experienced professional skilled in Machine Learning, Project Management, React, Python.","Machine Learning, Project Management, React, Python",M.Sc,12,Job_12,Machine Learning Engineer,"Machine Learning, Communication, Python, Scrum",0.7,Shortlisted
Candidate_740,"Experienced professional skilled in Scrum, Deep Learning, Machine Learning, Project Management, Node.js, Agile.","Scrum, Deep Learning, Machine Learning, Project Management, Node.js, Agile",B.Tech,13,Job_48,Data Scientist,"Java, C++, Leadership",0.4,Rejected
Candidate_812,"Experienced professional skilled in Scrum, Java, SQL, Communication, Project Management, Deep Learning.","Scrum, Java, SQL, Communication, Project Management, Deep Learning",B.Sc,1,Job_436,Project Manager,"Communication, Project Management, Deep Learning, Java",0.64,Shortlisted
Candidate_471,"Experienced professional skilled in C++, React, SQL, Communication.","C++, React, SQL, Communication",B.Tech,14,Job_333,Software Engineer,"Java, C++, Agile, Project Management, Node.js",0.52,Shortlisted
Candidate_320,"Experienced professional skilled in Machine Learning, Java, SQL, C++, Node.js, Scrum.","Machine Learning, Java, SQL, C++, Node.js, Scrum",B.Tech,5,Job_453,Project Manager,"React, SQL",0.5,Shortlisted
Candidate_30,"Experienced professional skilled in Node.js, Scrum, React, SQL, Deep Learning, Java.","Node.js, Scrum, React, SQL, Deep Learning, Java",MBA,2,Job_149,Backend Developer,"Project Management, Python, React",0.28,Rejected
Candidate_312,"Experienced professional skilled in React, Communication, Scrum, Deep Learning, Project Management, Java.","React, Communication, Scrum, Deep Learning, Project Management, Java",M.Sc,12,Job_1,Project Manager,"C++, React, Deep Learning",0.8,Hired
Candidate_675,"Experienced professional skilled in Project Management, Deep Learning, Leadership, Node.js, C++.","Project Management, Deep Learning, Leadership, Node.js, C++",B.Tech,6,Job_152,Backend Developer,"SQL, Python, Node.js, Deep Learning, C++",0.6,Shortlisted
Candidate_545,"Experienced professional skilled in Project Management, Leadership, C++, Deep Learning.","Project Management, Leadership, C++, Deep Learning",M.Sc,9,Job_40,Machine Learning Engineer,"Communication, Machine Learning, Project Management, Scrum",0.51,Shortlisted
Candidate_928,"Experienced professional skilled in Scrum, C++, Python, SQL.","Scrum, C++, Python, SQL",M.Tech,3,Job_292,Software Engineer,"React, Leadership",0.12,Rejected
Candidate_649,"Experienced professional skilled in Communication, Machine Learning, C++.","Communication, Machine Learning, C++",MBA,1,Job_127,Machine Learning Engineer,"Communication, Leadership, Project Management, React",0.19,Rejected
Candidate_330,"Experienced professional skilled in Node.js, React, Scrum, Deep Learning, Python.","Node.js, React, Scrum, Deep Learning, Python",M.Tech,15,Job_393,Software Engineer,"Leadership, SQL",0.4,Rejected
Candidate_557,"Experienced professional skilled in Communication, Java, Python, Leadership, Agile.","Communication, Java, Python, Leadership, Agile",M.Tech,1,Job_55,Project Manager,"Project Management, Machine Learning",0.04,Rejected
Candidate_356,"Experienced professional skilled in React, Agile, Communication.","React, Agile, Communication",M.Tech,15,Job_297,Machine Learning Engineer,"Leadership, SQL, Scrum, Agile, Java",0.52,Shortlisted
Candidate_425,"Experienced professional skilled in Node.js, Leadership, SQL, Project Management, Communication.","Node.js, Leadership, SQL, Project Management, Communication",M.Sc,6,Job_269,Software Engineer,"Leadership, Python, Deep Learning",0.44,Rejected
Candidate_303,"Experienced professional skilled in Python, Leadership, C++.","Python, Leadership, C++",M.Tech,11,Job_256,Project Manager,"Project Management, Python, C++, Node.js",0.7,Shortlisted
Candidate_178,"Experienced professional skilled in Scrum, C++, Node.js, SQL, React.","Scrum, C++, Node.js, SQL, React",B.Sc,3,Job_488,Frontend Developer,"Deep Learning, Agile, Project Management",0.12,Rejected
Candidate_859,"Experienced professional skilled in Machine Learning, Deep Learning, Python, Scrum, Communication, Node.js.","Machine Learning, Deep Learning, Python, Scrum, Communication, Node.js",M.Tech,3,Job_209,Project Manager,"Java, Scrum, SQL, React",0.27,Rejected
Candidate_824,"Experienced professional skilled in Leadership, C++, Python.","Leadership, C++, Python",B.Sc,6,Job_486,Frontend Developer,"Python, SQL, Agile",0.44,Rejected
Candidate_628,"Experienced professional skilled in Agile, Scrum, Communication, Leadership, C++, Machine Learning.","Agile, Scrum, Communication, Leadership, C++, Machine Learning",B.Tech,6,Job_470,Project Manager,"React, SQL, Communication, Machine Learning, Node.js",0.48,Rejected
Candidate_940,"Experienced professional skilled in C++, Deep Learning, Node.js, Project Management, SQL, Python.","C++, Deep Learning, Node.js, Project Management, SQL, Python",B.Sc,15,Job_131,Backend Developer,"Agile, Java",0.4,Rejected
Candidate_977,"Experienced professional skilled in Node.js, Python, Communication.","Node.js, Python, Communication",M.Tech,13,Job_82,Machine Learning Engineer,"Project Management, Deep Learning, Java, C++, React",0.4,Rejected
Candidate_356,"Experienced professional skilled in Deep Learning, Leadership, Agile.","Deep Learning, Leadership, Agile",M.Sc,12,Job_6,Project Manager,"C++, Machine Learning, Project Management",0.4,Rejected
Candidate_406,"Experienced professional skilled in Python, Scrum, SQL, Project Management, Agile, Leadership.","Python, Scrum, SQL, Project Management, Agile, Leadership",MBA,15,Job_439,Software Engineer,"SQL, Deep Learning, Node.js",0.6,Shortlisted
Candidate_890,"Experienced professional skilled in Scrum, Deep Learning, Communication, C++, Agile, Project Management.","Scrum, Deep Learning, Communication, C++, Agile, Project Management",B.Sc,1,Job_226,Data Scientist,"Java, Communication, SQL",0.24,Rejected
Candidate_741,"Experienced professional skilled in Scrum, Leadership, Java, Deep Learning, SQL, Agile.","Scrum, Leadership, Java, Deep Learning, SQL, Agile",M.Tech,7,Job_442,Software Engineer,"Project Management, Communication",0.28,Rejected
Candidate_126,"Experienced professional skilled in Project Management, Agile, Java, Communication, Deep Learning.","Project Management, Agile, Java, Communication, Deep Learning",MBA,13,Job_208,Backend Developer,"Machine Learning, Leadership, C++, SQL, Deep Learning",0.52,Shortlisted
Candidate_512,"Experienced professional skilled in Leadership, Communication, Python, C++, Agile, Machine Learning.","Leadership, Communication, Python, C++, Agile, Machine Learning",M.Tech,14,Job_326,Machine Learning Engineer,"C++, Agile",1.0,Hired
Candidate_311,"Experienced professional skilled in Deep Learning, Node.js, C++, Python, Communication.","Deep Learning, Node.js, C++, Python, Communication",B.Tech,1,Job_16,Machine Learning Engineer,"Machine Learning, Python, Node.js",0.44,Rejected
Candidate_469,"Experienced professional skilled in Leadership, Node.js, Python, Java, Communication, Machine Learning.","Leadership, Node.js, Python, Java, Communication, Machine Learning",M.Tech,14,Job_389,Software Engineer,"Project Management, Scrum, SQL, C++",0.4,Rejected
Candidate_57,"Experienced professional skilled in Communication, React, Machine Learning, Project Management, Agile.","Communication, React, Machine Learning, Project Management, Agile",B.Tech,12,Job_198,Frontend Developer,"Node.js, Communication, Project Management",0.8,Hired
Candidate_810,"Experienced professional skilled in Machine Learning, Project Management, Scrum, Agile.","Machine Learning, Project Management, Scrum, Agile",M.Tech,11,Job_17,Backend Developer,"SQL, Node.js, Scrum, Leadership, Python",0.52,Shortlisted
Candidate_368,"Experienced professional skilled in Scrum, Communication, React.","Scrum, Communication, React",M.Sc,15,Job_131,Backend Developer,"Deep Learning, Machine Learning, Python, React",0.55,Shortlisted
Candidate_931,"Experienced professional skilled in Machine Learning, React, Node.js.","Machine Learning, React, Node.js",M.Sc,10,Job_243,Software Engineer,"Agile, Python",0.4,Rejected
Candidate_747,"Experienced professional skilled in Deep Learning, Scrum, Communication, SQL.","Deep Learning, Scrum, Communication, SQL",MBA,9,Job_253,Machine Learning Engineer,"Machine Learning, Java, C++, Communication",0.51,Shortlisted
Candidate_535,"Experienced professional skilled in Leadership, Scrum, Java.","Leadership, Scrum, Java",MBA,10,Job_142,Backend Developer,"Agile, Leadership, C++, Machine Learning",0.55,Shortlisted
Candidate_222,"Experienced professional skilled in Deep Learning, Leadership, Project Management.","Deep Learning, Leadership, Project Management",M.Sc,9,Job_302,Data Scientist,"SQL, Python, Agile, Scrum, React",0.36,Rejected
Candidate_265,"Experienced professional skilled in Python, Machine Learning, Leadership, Project Management, SQL.","Python, Machine Learning, Leadership, Project Management, SQL",MBA,2,Job_54,Project Manager,"C++, Machine Learning, Leadership",0.48,Rejected
Candidate_945,"Experienced professional skilled in Node.js, Scrum, SQL, Deep Learning.","Node.js, Scrum, SQL, Deep Learning",MBA,10,Job_133,Frontend Developer,"C++, Scrum, React, Machine Learning",0.55,Shortlisted
Candidate_947,"Experienced professional skilled in SQL, Scrum, React.","SQL, Scrum, React",B.Sc,15,Job_220,Backend Developer,"Deep Learning, Machine Learning, Scrum, Python, SQL",0.64,Shortlisted
Candidate_669,"Experienced professional skilled in Python, React, Deep Learning, Leadership, Communication, SQL.","Python, React, Deep Learning, Leadership, Communication, SQL",M.Tech,4,Job_231,Machine Learning Engineer,"Agile, Leadership",0.46,Rejected
Candidate_144,"Experienced professional skilled in Node.js, Python, Java.","Node.js, Python, Java",MBA,9,Job_104,Data Scientist,"Machine Learning, React, SQL",0.36,Rejected
Candidate_649,"Experienced professional skilled in Leadership, Deep Learning, Machine Learning.","Leadership, Deep Learning, Machine Learning",M.Sc,4,Job_191,Software Engineer,"Deep Learning, Node.js",0.46,Rejected
Candidate_660,"Experienced professional skilled in Communication, Node.js, Python, SQL.","Communication, Node.js, Python, SQL",B.Tech,12,Job_168,Project Manager,"React, Python",0.7,Shortlisted
Candidate_58,"Experienced professional skilled in Java, Node.js, React.","Java, Node.js, React",B.Sc,5,Job_337,Frontend Developer,"Node.js, Agile, Deep Learning, Communication",0.35,Rejected
Candidate_239,"Experienced professional skilled in Communication, Node.js, Python, Leadership.","Communication, Node.js, Python, Leadership",M.Tech,1,Job_97,Backend Developer,"Scrum, Machine Learning, Agile, Java, Project Management",0.04,Rejected
Candidate_327,"Experienced professional skilled in Node.js, Communication, Deep Learning, Java, Agile.","Node.js, Communication, Deep Learning, Java, Agile",M.Sc,14,Job_87,Project Manager,"Python, Node.js",0.7,Shortlisted
Candidate_620,"Experienced professional skilled in Deep Learning, React, Agile, Python.","Deep Learning, React, Agile, Python",M.Sc,8,Job_150,Software Engineer,"Java, Scrum, Python",0.52,Shortlisted
Candidate_283,"Experienced professional skilled in SQL, React, Scrum, C++, Project Management.","SQL, React, Scrum, C++, Project Management",MBA,14,Job_342,Software Engineer,"Deep Learning, Agile",0.4,Rejected
Candidate_701,"Experienced professional skilled in Project Management, Java, React, C++, Agile.","Project Management, Java, React, C++, Agile",M.Tech,8,Job_397,Data Scientist,"SQL, Leadership, Communication, Machine Learning, Node.js",0.32,Rejected
Candidate_304,"Experienced professional skilled in Python, Agile, Java, Leadership.","Python, Agile, Java, Leadership",B.Tech,11,Job_125,Machine Learning Engineer,"Agile, C++, Java",0.8,Hired
Candidate_472,"Experienced professional skilled in Project Management, Node.js, C++, Communication.","Project Management, Node.js, C++, Communication",M.Sc,7,Job_498,Project Manager,"Machine Learning, Python, SQL",0.28,Rejected
Candidate_756,"Experienced professional skilled in C++, Machine Learning, Scrum, Python, Communication, Project Management.","C++, Machine Learning, Scrum, Python, Communication, Project Management",B.Sc,9,Job_13,Machine Learning Engineer,"C++, Java, Agile, SQL, Project Management",0.6,Shortlisted
Candidate_511,"Experienced professional skilled in Node.js, C++, SQL, Leadership, Deep Learning.","Node.js, C++, SQL, Leadership, Deep Learning",B.Tech,9,Job_9,Backend Developer,"Node.js, React, Communication",0.56,Shortlisted
Candidate_452,"Experienced professional skilled in Deep Learning, Java, Communication, Python.","Deep Learning, Java, Communication, Python",B.Sc,5,Job_239,Software Engineer,"Node.js, Machine Learning, Agile",0.2,Rejected
Candidate_205,"Experienced professional skilled in Java, Python, React, Node.js, SQL.","Java, Python, React, Node.js, SQL",B.Tech,9,Job_294,Software Engineer,"React, SQL, Leadership, Java, Scrum",0.72,Shortlisted
Candidate_344,"Experienced professional skilled in Java, React, Agile, C++, Leadership.","Java, React, Agile, C++, Leadership",B.Tech,4,Job_181,Backend Developer,"Agile, SQL, Communication",0.36,Rejected
Candidate_363,"Experienced professional skilled in Project Management, React, Deep Learning, Java, Agile, Scrum.","Project Management, React, Deep Learning, Java, Agile, Scrum",M.Sc,7,Job_199,Project Manager,"Machine Learning, Python, Deep Learning, SQL",0.43,Rejected
Candidate_688,"Experienced professional skilled in Java, Agile, Machine Learning, SQL.","Java, Agile, Machine Learning, SQL",B.Tech,10,Job_163,Data Scientist,"Communication, Scrum, Node.js, Machine Learning, Java",0.64,Shortlisted
Candidate_477,"Experienced professional skilled in Python, Leadership, React, SQL.","Python, Leadership, React, SQL",M.Sc,2,Job_401,Machine Learning Engineer,"Leadership, Node.js, C++, Machine Learning",0.23,Rejected
Candidate_387,"Experienced professional skilled in Project Management, Scrum, React.","Project Management, Scrum, React",MBA,4,Job_324,Software Engineer,"Leadership, Node.js, SQL, Agile, Python",0.16,Rejected
Candidate_391,"Experienced professional skilled in Communication, Scrum, Java.","Communication, Scrum, Java",M.Tech,7,Job_464,Machine Learning Engineer,"C++, SQL, Leadership",0.28,Rejected
Candidate_840,"Experienced professional skilled in Agile, Project Management, Node.js, C++.","Agile, Project Management, Node.js, C++",B.Sc,11,Job_181,Project Manager,"Java, SQL, Python",0.4,Rejected
Candidate_12,"Experienced professional skilled in Deep Learning, Java, SQL, Machine Learning, Python.","Deep Learning, Java, SQL, Machine Learning, Python",M.Tech,11,Job_102,Project Manager,"Deep Learning, Scrum, Agile",0.6,Shortlisted
Candidate_546,"Experienced professional skilled in Scrum, SQL, Agile, React, Leadership.","Scrum, SQL, Agile, React, Leadership",B.Sc,14,Job_318,Data Scientist,"Agile, Project Management, React",0.8,Hired
Candidate_547,"Experienced professional skilled in Python, Node.js, Agile, Project Management.","Python, Node.js, Agile, Project Management",MBA,5,Job_362,Machine Learning Engineer,"Communication, Machine Learning, Agile, Project Management",0.5,Shortlisted
Candidate_418,"Experienced professional skilled in Java, Deep Learning, Machine Learning, React, Node.js, Scrum.","Java, Deep Learning, Machine Learning, React, Node.js, Scrum",MBA,1,Job_257,Software Engineer,"Machine Learning, Project Management",0.34,Rejected
Candidate_788,"Experienced professional skilled in Project Management, Node.js, Deep Learning, Agile, Leadership, React.","Project Management, Node.js, Deep Learning, Agile, Leadership, React",MBA,11,Job_154,Backend Developer,"Machine Learning, Agile, Java, React, Deep Learning",0.76,Hired
Candidate_155,"Experienced professional skilled in Scrum, C++, SQL, Agile.","Scrum, C++, SQL, Agile",M.Tech,4,Job_246,Frontend Developer,"Python, React, Node.js, SQL, Agile",0.4,Rejected
Candidate_714,"Experienced professional skilled in Deep Learning, Project Management, Node.js, Leadership, C++.","Deep Learning, Project Management, Node.js, Leadership, C++",MBA,7,Job_250,Data Scientist,"C++, Agile",0.58,Shortlisted
Candidate_179,"Experienced professional skilled in Machine Learning, Deep Learning, Project Management.","Machine Learning, Deep Learning, Project Management",M.Tech,12,Job_232,Frontend Developer,"React, Scrum, Leadership, Agile",0.4,Rejected
Candidate_33,"Experienced professional skilled in Python, Leadership, React.","Python, Leadership, React",MBA,3,Job_384,Software Engineer,"Python, Machine Learning, Java, SQL, Communication",0.24,Rejected
Candidate_528,"Experienced professional skilled in Communication, React, Python, C++.","Communication, React, Python, C++",M.Tech,14,Job_439,Backend Developer,"React, Node.js, Project Management, Deep Learning, Python",0.64,Shortlisted
Candidate_452,"Experienced professional skilled in Scrum, Machine Learning, Node.js, Project Management, Deep Learning, Agile.","Scrum, Machine Learning, Node.js, Project Management, Deep Learning, Agile",M.Sc,7,Job_1,Data Scientist,"Communication, SQL, Project Management, Scrum, Agile",0.64,Shortlisted
Candidate_263,"Experienced professional skilled in SQL, Communication, Scrum, C++, Project Management.","SQL, Communication, Scrum, C++, Project Management",M.Tech,8,Job_285,Machine Learning Engineer,"Machine Learning, Communication, Python, Project Management",0.62,Shortlisted
Candidate_889,"Experienced professional skilled in Deep Learning, React, Python, Scrum, Communication.","Deep Learning, React, Python, Scrum, Communication",M.Tech,4,Job_437,Frontend Developer,"Agile, Java, Python, Node.js",0.31,Rejected
Candidate_366,"Experienced professional skilled in Java, C++, Scrum.","Java, C++, Scrum",B.Sc,4,Job_36,Backend Developer,"Machine Learning, Scrum, Python",0.36,Rejected
Candidate_259,"Experienced professional skilled in Leadership, C++, React.","Leadership, C++, React",M.Tech,5,Job_114,Software Engineer,"Communication, C++",0.5,Shortlisted
Candidate_362,"Experienced professional skilled in Communication, Node.js, Agile, React.","Communication, Node.js, Agile, React",B.Sc,11,Job_423,Data Scientist,"SQL, React",0.7,Shortlisted
Candidate_389,"Experienced professional skilled in SQL, Scrum, Machine Learning.","SQL, Scrum, Machine Learning",MBA,10,Job_370,Machine Learning Engineer,"Machine Learning, Java, Leadership, Agile",0.55,Shortlisted
Candidate_896,"Experienced professional skilled in Leadership, Agile, Python, Node.js.","Leadership, Agile, Python, Node.js",B.Tech,5,Job_214,Data Scientist,"Node.js, Leadership",0.8,Hired
Candidate_524,"Experienced professional skilled in Communication, Project Management, Deep Learning, React.","Communication, Project Management, Deep Learning, React",B.Sc,3,Job_245,Software Engineer,"Deep Learning, SQL, C++",0.32,Rejected
Candidate_690,"Experienced professional skilled in Leadership, Machine Learning, Java, Node.js, Communication, Project Management.","Leadership, Machine Learning, Java, Node.js, Communication, Project Management",B.Tech,1,Job_418,Machine Learning Engineer,"React, Node.js, Deep Learning",0.24,Rejected
Candidate_648,"Experienced professional skilled in Deep Learning, Node.js, Project Management, React, SQL.","Deep Learning, Node.js, Project Management, React, SQL",M.Tech,9,Job_302,Machine Learning Engineer,"C++, Java, Scrum, Leadership",0.36,Rejected
Candidate_275,"Experienced professional skilled in SQL, Java, Scrum, C++, Node.js.","SQL, Java, Scrum, C++, Node.js",MBA,11,Job_85,Machine Learning Engineer,"SQL, Node.js, Leadership, C++",0.85,Hired
Candidate_188,"Experienced professional skilled in Scrum, Python, Machine Learning.","Scrum, Python, Machine Learning",M.Tech,7,Job_175,Frontend Developer,"React, Java, Project Management, Communication, Leadership",0.28,Rejected
Candidate_17,"Experienced professional skilled in Node.js, Communication, Java, Leadership, Python.","Node.js, Communication, Java, Leadership, Python",B.Tech,12,Job_452,Machine Learning Engineer,"Scrum, Machine Learning, React",0.4,Rejected
Candidate_716,"Experienced professional skilled in Node.js, Machine Learning, Deep Learning, Scrum.","Node.js, Machine Learning, Deep Learning, Scrum",M.Sc,8,Job_243,Data Scientist,"Agile, Machine Learning, Deep Learning, C++",0.62,Shortlisted
Candidate_755,"Experienced professional skilled in Python, Project Management, Agile, C++.","Python, Project Management, Agile, C++",B.Sc,3,Job_425,Backend Developer,"React, Machine Learning, Python, Leadership",0.27,Rejected
Candidate_616,"Experienced professional skilled in SQL, Deep Learning, React, Java.","SQL, Deep Learning, React, Java",MBA,7,Job_385,Software Engineer,"Scrum, Project Management, React, Deep Learning, Agile",0.52,Shortlisted
Candidate_136,"Experienced professional skilled in Scrum, Machine Learning, Project Management, Communication.","Scrum, Machine Learning, Project Management, Communication",MBA,2,Job_150,Frontend Developer,"Leadership, SQL, Machine Learning, C++",0.23,Rejected
Candidate_739,"Experienced professional skilled in Project Management, Communication, SQL.","Project Management, Communication, SQL",B.Sc,10,Job_51,Project Manager,"React, Communication, Agile, Java",0.55,Shortlisted
Candidate_470,"Experienced professional skilled in SQL, Project Management, Node.js, Machine Learning.","SQL, Project Management, Node.js, Machine Learning",B.Sc,3,Job_271,Software Engineer,"Deep Learning, Node.js",0.42,Rejected
Candidate_226,"Experienced professional skilled in Machine Learning, Project Management, Java.","Machine Learning, Project Management, Java",MBA,15,Job_479,Project Manager,"C++, Project Management, Leadership, Communication, Python",0.52,Shortlisted
Candidate_242,"Experienced professional skilled in Leadership, Deep Learning, Communication, React, Machine Learning.","Leadership, Deep Learning, Communication, React, Machine Learning",B.Sc,5,Job_212,Machine Learning Engineer,"Agile, Scrum, Python, Deep Learning",0.35,Rejected
Candidate_851,"Experienced professional skilled in Scrum, Deep Learning, React, Python, SQL.","Scrum, Deep Learning, React, Python, SQL",B.Tech,10,Job_85,Machine Learning Engineer,"Node.js, SQL",0.7,Shortlisted
Candidate_683,"Experienced professional skilled in Scrum, Communication, Deep Learning, Agile, C++.","Scrum, Communication, Deep Learning, Agile, C++",B.Tech,14,Job_270,Backend Developer,"Project Management, Deep Learning, SQL",0.6,Shortlisted
Candidate_486,"Experienced professional skilled in Leadership, Scrum, Node.js, React, Java.","Leadership, Scrum, Node.js, React, Java",MBA,12,Job_382,Software Engineer,"Scrum, Leadership, Node.js, Communication",0.85,Hired
Candidate_49,"Experienced professional skilled in Scrum, Java, SQL.","Scrum, Java, SQL",B.Tech,1,Job_28,Frontend Developer,"Python, Communication",0.04,Rejected
Candidate_522,"Experienced professional skilled in Communication, Scrum, Python, SQL.","Communication, Scrum, Python, SQL",MBA,11,Job_91,Frontend Developer,"Node.js, SQL",0.7,Shortlisted
Candidate_223,"Experienced professional skilled in Communication, SQL, Machine Learning, React.","Communication, SQL, Machine Learning, React",B.Sc,8,Job_106,Machine Learning Engineer,"Communication, Leadership, SQL, Python",0.62,Shortlisted
Candidate_658,"Experienced professional skilled in Communication, SQL, Scrum, Java, C++, Agile.","Communication, SQL, Scrum, Java, C++, Agile",MBA,10,Job_334,Data Scientist,"Leadership, SQL",0.7,Shortlisted
Candidate_968,"Experienced professional skilled in C++, Machine Learning, Communication.","C++, Machine Learning, Communication",M.Tech,12,Job_242,Data Scientist,"Communication, C++, Project Management, Agile",0.7,Shortlisted
Candidate_608,"Experienced professional skilled in C++, Node.js, SQL, Project Management, Scrum, Leadership.","C++, Node.js, SQL, Project Management, Scrum, Leadership",B.Tech,15,Job_267,Frontend Developer,"Communication, Leadership, SQL",0.8,Hired
Candidate_870,"Experienced professional skilled in Node.js, Python, Agile, Machine Learning, C++, SQL.","Node.js, Python, Agile, Machine Learning, C++, SQL",M.Tech,5,Job_57,Frontend Developer,"Scrum, React, C++, Java, Deep Learning",0.32,Rejected
Candidate_538,"Experienced professional skilled in SQL, Node.js, Python, Project Management, Deep Learning, C++.","SQL, Node.js, Python, Project Management, Deep Learning, C++",M.Sc,4,Job_216,Project Manager,"Node.js, SQL, Java, Project Management",0.61,Shortlisted
Candidate_125,"Experienced professional skilled in Leadership, C++, Agile.","Leadership, C++, Agile",B.Sc,7,Job_222,Project Manager,"Leadership, C++, Java, Project Management",0.58,Shortlisted
Candidate_608,"Experienced professional skilled in SQL, Leadership, Communication, Deep Learning, Node.js, Machine Learning.","SQL, Leadership, Communication, Deep Learning, Node.js, Machine Learning",M.Tech,2,Job_474,Software Engineer,"C++, Communication, Machine Learning, Leadership, Deep Learning",0.56,Shortlisted
Candidate_415,"Experienced professional skilled in Deep Learning, Agile, Project Management, Machine Learning.","Deep Learning, Agile, Project Management, Machine Learning",M.Tech,2,Job_397,Project Manager,"Java, Agile, SQL, Project Management, Deep Learning",0.44,Rejected
Candidate_719,"Experienced professional skilled in C++, Agile, Machine Learning, Python, Leadership, Java.","C++, Agile, Machine Learning, Python, Leadership, Java",B.Sc,11,Job_43,Software Engineer,"Python, C++, Machine Learning, React, Java",0.88,Hired
Candidate_291,"Experienced professional skilled in Scrum, Agile, React, Communication, Machine Learning.","Scrum, Agile, React, Communication, Machine Learning",B.Sc,3,Job_348,Project Manager,"Scrum, Project Management",0.42,Rejected
Candidate_627,"Experienced professional skilled in C++, Python, React, Project Management.","C++, Python, React, Project Management",B.Sc,7,Job_34,Project Manager,"Communication, Leadership, Machine Learning",0.28,Rejected
Candidate_516,"Experienced professional skilled in Machine Learning, Project Management, Deep Learning.","Machine Learning, Project Management, Deep Learning",MBA,13,Job_219,Machine Learning Engineer,"C++, Project Management, Deep Learning",0.8,Hired
Candidate_600,"Experienced professional skilled in Node.js, Scrum, Agile.","Node.js, Scrum, Agile",B.Sc,4,Job_137,Software Engineer,"SQL, C++",0.16,Rejected
Candidate_173,"Experienced professional skilled in Project Management, Node.js, Agile, React.","Project Management, Node.js, Agile, React",M.Sc,10,Job_235,Project Manager,"Project Management, Machine Learning, Node.js, Deep Learning",0.7,Shortlisted
Candidate_229,"Experienced professional skilled in React, Python, Communication, Project Management, Java.","React, Python, Communication, Project Management, Java",M.Sc,3,Job_233,Backend Developer,"Project Management, Node.js, Communication, Python",0.57,Shortlisted
Candidate_327,"Experienced professional skilled in Communication, Node.js, Project Management, C++.","Communication, Node.js, Project Management, C++",MBA,5,Job_351,Frontend Developer,"Deep Learning, SQL, Node.js, React, Python",0.32,Rejected
Candidate_374,"Experienced professional skilled in Python, Node.js, Java.","Python, Node.js, Java",MBA,14,Job_445,Project Manager,"Leadership, Node.js, Deep Learning, Machine Learning, React",0.52,Shortlisted
Candidate_170,"Experienced professional skilled in Machine Learning, SQL, React, Project Management, Java.","Machine Learning, SQL, React, Project Management, Java",B.Sc,4,Job_272,Project Manager,"Scrum, Leadership, C++, Communication",0.16,Rejected
Candidate_450,"Experienced professional skilled in Deep Learning, Agile, Communication, Java, Leadership.","Deep Learning, Agile, Communication, Java, Leadership",B.Sc,9,Job_297,Machine Learning Engineer,"Deep Learning, Project Management",0.66,Shortlisted
Candidate_79,"Experienced professional skilled in Scrum, C++, Deep Learning, Machine Learning, React.","Scrum, C++, Deep Learning, Machine Learning, React",B.Tech,11,Job_377,Backend Developer,"Deep Learning, Agile, Scrum",0.8,Hired
Candidate_533,"Experienced professional skilled in Machine Learning, Java, React, Node.js, Leadership, Communication.","Machine Learning, Java, React, Node.js, Leadership, Communication",M.Tech,13,Job_255,Data Scientist,"Machine Learning, Communication",1.0,Hired
Candidate_777,"Experienced professional skilled in C++, Agile, Communication, Deep Learning, React.","C++, Agile, Communication, Deep Learning, React",M.Sc,15,Job_275,Data Scientist,"React, Scrum, Agile",0.8,Hired
Candidate_878,"Experienced professional skilled in Deep Learning, Java, C++, Node.js, React, Scrum.","Deep Learning, Java, C++, Node.js, React, Scrum",M.Sc,8,Job_184,Backend Developer,"Communication, C++, Leadership",0.52,Shortlisted
Candidate_397,"Experienced professional skilled in Scrum, Project Management, Python, Agile, Node.js, C++.","Scrum, Project Management, Python, Agile, Node.js, C++",B.Sc,3,Job_40,Machine Learning Engineer,"Deep Learning, SQL, Machine Learning, Java, Node.js",0.24,Rejected
Candidate_367,"Experienced professional skilled in Java, Leadership, SQL, Project Management, C++.","Java, Leadership, SQL, Project Management, C++",M.Sc,10,Job_272,Machine Learning Engineer,"Deep Learning, Python, Java, Project Management, Node.js",0.64,Shortlisted
Candidate_543,"Experienced professional skilled in Leadership, Python, React, Communication.","Leadership, Python, React, Communication",M.Tech,14,Job_208,Project Manager,"Python, SQL, Communication, Agile",0.7,Shortlisted
Candidate_371,"Experienced professional skilled in Agile, Communication, Leadership, Java, Project Management, Machine Learning.","Agile, Communication, Leadership, Java, Project Management, Machine Learning",MBA,15,Job_128,Project Manager,"Scrum, SQL, Agile",0.6,Shortlisted
Candidate_290,"Experienced professional skilled in Deep Learning, Project Management, Java, Communication, SQL.","Deep Learning, Project Management, Java, Communication, SQL",MBA,6,Job_447,Frontend Developer,"Agile, Machine Learning",0.24,Rejected
Candidate_809,"Experienced professional skilled in C++, Python, Deep Learning, SQL.","C++, Python, Deep Learning, SQL",M.Sc,2,Job_73,Backend Developer,"Java, Leadership, C++, Node.js",0.23,Rejected
Candidate_64,"Experienced professional skilled in Node.js, Leadership, SQL.","Node.js, Leadership, SQL",M.Tech,6,Job_121,Frontend Developer,"Leadership, Agile",0.54,Shortlisted
Candidate_656,"Experienced professional skilled in Project Management, Leadership, Java, Machine Learning.","Project Management, Leadership, Java, Machine Learning",B.Sc,11,Job_430,Project Manager,"Machine Learning, C++, Agile, Java, Scrum",0.64,Shortlisted
Candidate_356,"Experienced professional skilled in Scrum, Leadership, Node.js.","Scrum, Leadership, Node.js",B.Sc,10,Job_291,Backend Developer,"C++, Machine Learning, Scrum, SQL, Agile",0.52,Shortlisted
Candidate_526,"Experienced professional skilled in Agile, C++, SQL, Project Management, React.","Agile, C++, SQL, Project Management, React",B.Sc,11,Job_111,Machine Learning Engineer,"Communication, Machine Learning, Node.js",0.4,Rejected
Candidate_470,"Experienced professional skilled in Project Management, Python, Agile.","Project Management, Python, Agile",B.Sc,3,Job_342,Frontend Developer,"Project Management, Leadership, C++, Agile",0.42,Rejected
Candidate_190,"Experienced professional skilled in C++, Deep Learning, Project Management, React, Agile, Python.","C++, Deep Learning, Project Management, React, Agile, Python",B.Tech,5,Job_444,Software Engineer,"SQL, Scrum, React",0.4,Rejected
Candidate_100,"Experienced professional skilled in Machine Learning, Project Management, Node.js, Scrum, Deep Learning.","Machine Learning, Project Management, Node.js, Scrum, Deep Learning",M.Sc,3,Job_269,Machine Learning Engineer,"Agile, Deep Learning, Node.js, Java, Scrum",0.48,Rejected
Candidate_528,"Experienced professional skilled in Agile, Java, C++.","Agile, Java, C++",M.Tech,4,Job_492,Machine Learning Engineer,"Leadership, Machine Learning",0.16,Rejected
Candidate_419,"Experienced professional skilled in Agile, C++, Project Management, Node.js.","Agile, C++, Project Management, Node.js",MBA,11,Job_1,Data Scientist,"Leadership, Node.js, React",0.6,Shortlisted
Candidate_775,"Experienced professional skilled in Python, SQL, Scrum.","Python, SQL, Scrum",B.Sc,15,Job_60,Data Scientist,"Deep Learning, Leadership, Project Management",0.4,Rejected
Candidate_595,"Experienced professional skilled in C++, Agile, Communication, SQL, Node.js.","C++, Agile, Communication, SQL, Node.js",MBA,6,Job_58,Data Scientist,"Communication, C++, SQL, Python, Project Management",0.6,Shortlisted
Candidate_904,"Experienced professional skilled in Project Management, SQL, Java, Machine Learning.","Project Management, SQL, Java, Machine Learning",B.Sc,7,Job_370,Software Engineer,"Leadership, Java, Node.js",0.48,Rejected
Candidate_656,"Experienced professional skilled in Java, Agile, Node.js.","Java, Agile, Node.js",B.Sc,1,Job_460,Software Engineer,"C++, React",0.04,Rejected
Candidate_538,"Experienced professional skilled in Java, C++, Scrum, Node.js, Deep Learning.","Java, C++, Scrum, Node.js, Deep Learning",MBA,1,Job_184,Backend Developer,"React, Agile, SQL, C++",0.19,Rejected
Candidate_440,"Experienced professional skilled in Node.js, Communication, Leadership, Python.","Node.js, Communication, Leadership, Python",B.Tech,10,Job_12,Project Manager,"Project Management, Machine Learning, Python",0.6,Shortlisted
Candidate_787,"Experienced professional skilled in Java, React, Agile, Node.js, SQL, Deep Learning.","Java, React, Agile, Node.js, SQL, Deep Learning",B.Sc,3,Job_195,Software Engineer,"Machine Learning, Project Management, Communication, Python",0.12,Rejected
Candidate_680,"Experienced professional skilled in Deep Learning, React, Project Management, Communication, SQL.","Deep Learning, React, Project Management, Communication, SQL",B.Tech,15,Job_88,Machine Learning Engineer,"Python, SQL",0.7,Shortlisted
Candidate_594,"Experienced professional skilled in Leadership, Java, Project Management, C++, React.","Leadership, Java, Project Management, C++, React",B.Tech,4,Job_204,Data Scientist,"React, Leadership, Node.js, Python",0.46,Rejected
Candidate_514,"Experienced professional skilled in React, Node.js, Project Management, C++, Machine Learning.","React, Node.js, Project Management, C++, Machine Learning",MBA,10,Job_212,Project Manager,"Java, Communication, Project Management, Machine Learning, C++",0.76,Hired
Candidate_138,"Experienced professional skilled in Node.js, Leadership, Communication, Deep Learning, Python.","Node.js, Leadership, Communication, Deep Learning, Python",B.Tech,5,Job_131,Software Engineer,"Machine Learning, Java, C++, React",0.2,Rejected
Candidate_875,"Experienced professional skilled in Leadership, Deep Learning, Scrum, SQL.","Leadership, Deep Learning, Scrum, SQL",M.Tech,15,Job_21,Data Scientist,"Node.js, Java, Communication, Scrum",0.55,Shortlisted
Candidate_631,"Experienced professional skilled in Project Management, Agile, React, Python.","Project Management, Agile, React, Python",MBA,11,Job_298,Software Engineer,"C++, Python",0.7,Shortlisted
Candidate_681,"Experienced professional skilled in C++, Node.js, Machine Learning, React.","C++, Node.js, Machine Learning, React",MBA,15,Job_235,Software Engineer,"Project Management, SQL, Deep Learning, C++",0.55,Shortlisted
Candidate_668,"Experienced professional skilled in Node.js, Python, SQL, Scrum.","Node.js, Python, SQL, Scrum",MBA,13,Job_283,Data Scientist,"SQL, React, Python, Java",0.7,Shortlisted
Candidate_303,"Experienced professional skilled in Leadership, React, Communication, Deep Learning, Scrum, SQL.","Leadership, React, Communication, Deep Learning, Scrum, SQL",B.Tech,12,Job_14,Machine Learning Engineer,"Communication, Agile, Machine Learning",0.6,Shortlisted
Candidate_301,"Experienced professional skilled in C++, Deep Learning, Python, Node.js, SQL, Scrum.","C++, Deep Learning, Python, Node.js, SQL, Scrum",M.Sc,6,Job_204,Backend Developer,"Communication, Node.js",0.54,Shortlisted
Candidate_548,"Experienced professional skilled in Project Management, SQL, Java, Leadership, C++.","Project Management, SQL, Java, Leadership, C++",B.Tech,11,Job_82,Machine Learning Engineer,"Communication, Agile",0.4,Rejected
Candidate_832,"Experienced professional skilled in Project Management, Scrum, Leadership, Deep Learning, Agile.","Project Management, Scrum, Leadership, Deep Learning, Agile",B.Tech,9,Job_257,Backend Developer,"Deep Learning, Python, Leadership, SQL, Communication",0.6,Shortlisted
Candidate_307,"Experienced professional skilled in Deep Learning, Node.js, React.","Deep Learning, Node.js, React",M.Tech,9,Job_484,Backend Developer,"Leadership, SQL, Machine Learning, Deep Learning, Scrum",0.48,Rejected
Candidate_266,"Experienced professional skilled in Communication, Node.js, Java, React.","Communication, Node.js, Java, React",B.Sc,6,Job_104,Backend Developer,"Node.js, React, Project Management, Leadership",0.54,Shortlisted
Candidate_936,"Experienced professional skilled in Python, Scrum, C++, Deep Learning.","Python, Scrum, C++, Deep Learning",M.Sc,2,Job_437,Project Manager,"React, C++, Scrum, Deep Learning",0.53,Shortlisted
Candidate_114,"Experienced professional skilled in Project Management, Leadership, Deep Learning, React.","Project Management, Leadership, Deep Learning, React",M.Sc,3,Job_13,Data Scientist,"Agile, Project Management, React, C++",0.42,Rejected
Candidate_599,"Experienced professional skilled in Communication, React, Python, Node.js, SQL, Machine Learning.","Communication, React, Python, Node.js, SQL, Machine Learning",B.Tech,14,Job_378,Frontend Developer,"Python, C++, Leadership, Agile",0.55,Shortlisted
Candidate_859,"Experienced professional skilled in Machine Learning, C++, Leadership, Agile, Deep Learning, Java.","Machine Learning, C++, Leadership, Agile, Deep Learning, Java",M.Sc,1,Job_132,Machine Learning Engineer,"Deep Learning, Leadership, Project Management, Java",0.49,Rejected
Candidate_482,"Experienced professional skilled in Leadership, Scrum, Python.","Leadership, Scrum, Python",B.Sc,6,Job_352,Frontend Developer,"Deep Learning, Node.js, Leadership, React, Agile",0.36,Rejected
Candidate_950,"Experienced professional skilled in Python, Node.js, Scrum.","Python, Node.js, Scrum",M.Sc,12,Job_432,Software Engineer,"Machine Learning, Deep Learning, React",0.4,Rejected
Candidate_144,"Experienced professional skilled in Deep Learning, React, Project Management.","Deep Learning, React, Project Management",B.Tech,13,Job_497,Project Manager,"Java, Leadership, Node.js",0.4,Rejected
Candidate_624,"Experienced professional skilled in React, Node.js, Java, Scrum, Machine Learning.","React, Node.js, Java, Scrum, Machine Learning",B.Sc,11,Job_9,Data Scientist,"Machine Learning, Node.js",1.0,Hired
Candidate_125,"Experienced professional skilled in Deep Learning, Node.js, Python, Agile.","Deep Learning, Node.js, Python, Agile",M.Tech,13,Job_59,Frontend Developer,"Communication, Deep Learning",0.7,Shortlisted
Candidate_427,"Experienced professional skilled in SQL, Communication, Scrum, Node.js.","SQL, Communication, Scrum, Node.js",M.Sc,15,Job_485,Software Engineer,"Python, Communication, Node.js, Project Management, Java",0.64,Shortlisted
Candidate_560,"Experienced professional skilled in Machine Learning, Node.js, Python.","Machine Learning, Node.js, Python",M.Tech,10,Job_278,Software Engineer,"SQL, C++",0.4,Rejected
Candidate_689,"Experienced professional skilled in SQL, C++, Deep Learning, Leadership.","SQL, C++, Deep Learning, Leadership",M.Sc,8,Job_383,Machine Learning Engineer,"Machine Learning, Project Management",0.32,Rejected
Candidate_27,"Experienced professional skilled in Communication, Machine Learning, Agile, Scrum.","Communication, Machine Learning, Agile, Scrum",M.Tech,10,Job_347,Frontend Developer,"React, Machine Learning, SQL, Java, C++",0.52,Shortlisted
Candidate_983,"Experienced professional skilled in Communication, Node.js, C++, Deep Learning, Scrum.","Communication, Node.js, C++, Deep Learning, Scrum",B.Sc,10,Job_330,Backend Developer,"Agile, C++",0.7,Shortlisted
Candidate_103,"Experienced professional skilled in Node.js, Machine Learning, Python.","Node.js, Machine Learning, Python",B.Tech,8,Job_126,Project Manager,"Scrum, Java, Leadership",0.32,Rejected
Candidate_87,"Experienced professional skilled in Python, Scrum, Node.js.","Python, Scrum, Node.js",B.Sc,2,Job_354,Backend Developer,"C++, Deep Learning, SQL",0.08,Rejected
Candidate_408,"Experienced professional skilled in SQL, Scrum, Project Management, Machine Learning, React.","SQL, Scrum, Project Management, Machine Learning, React",B.Sc,1,Job_58,Project Manager,"C++, Java, Agile, SQL",0.19,Rejected
Candidate_277,"Experienced professional skilled in Communication, Scrum, Node.js.","Communication, Scrum, Node.js",M.Sc,1,Job_22,Software Engineer,"Node.js, Project Management, Leadership",0.24,Rejected
Candidate_595,"Experienced professional skilled in React, Java, Project Management, C++, Agile.","React, Java, Project Management, C++, Agile",M.Tech,11,Job_153,Machine Learning Engineer,"Machine Learning, SQL",0.4,Rejected
Candidate_695,"Experienced professional skilled in Leadership, Python, React, Deep Learning.","Leadership, Python, React, Deep Learning",MBA,1,Job_438,Data Scientist,"Machine Learning, SQL, Communication, Java",0.04,Rejected
Candidate_209,"Experienced professional skilled in C++, SQL, Deep Learning.","C++, SQL, Deep Learning",B.Sc,2,Job_336,Backend Developer,"Project Management, Communication",0.08,Rejected
Candidate_891,"Experienced professional skilled in Deep Learning, Agile, React.","Deep Learning, Agile, React",B.Tech,6,Job_36,Frontend Developer,"SQL, Leadership",0.24,Rejected
Candidate_762,"Experienced professional skilled in Python, Java, Deep Learning.","Python, Java, Deep Learning",B.Sc,15,Job_8,Software Engineer,"Leadership, Project Management, C++, Communication",0.4,Rejected
Candidate_60,"Experienced professional skilled in Machine Learning, Java, React.","Machine Learning, Java, React",M.Sc,1,Job_254,Data Scientist,"SQL, Machine Learning, React",0.44,Rejected
Candidate_326,"Experienced professional skilled in React, Scrum, Leadership, SQL, Python.","React, Scrum, Leadership, SQL, Python",B.Tech,13,Job_244,Frontend Developer,"Python, C++, Deep Learning, Communication, Agile",0.52,Shortlisted
Candidate_356,"Experienced professional skilled in Deep Learning, Java, Machine Learning, Scrum, Leadership, C++.","Deep Learning, Java, Machine Learning, Scrum, Leadership, C++",B.Sc,2,Job_251,Project Manager,"Node.js, Deep Learning, Machine Learning, Leadership",0.53,Shortlisted
Candidate_301,"Experienced professional skilled in Deep Learning, Communication, React.","Deep Learning, Communication, React",B.Tech,8,Job_107,Software Engineer,"Node.js, Project Management, Deep Learning, React",0.62,Shortlisted
Candidate_206,"Experienced professional skilled in React, Java, C++.","React, Java, C++",M.Tech,14,Job_240,Backend Developer,"Python, C++, React",0.8,Hired
Candidate_680,"Experienced professional skilled in Machine Learning, Scrum, React, Python, Communication, Java.","Machine Learning, Scrum, React, Python, Communication, Java",M.Tech,3,Job_436,Software Engineer,"Project Management, Node.js, Python, React, Java",0.48,Rejected
Candidate_763,"Experienced professional skilled in Agile, Scrum, Machine Learning, Deep Learning.","Agile, Scrum, Machine Learning, Deep Learning",B.Sc,7,Job_489,Backend Developer,"Deep Learning, Java, Leadership, Python, SQL",0.4,Rejected
Candidate_115,"Experienced professional skilled in SQL, Agile, Java, Machine Learning.","SQL, Agile, Java, Machine Learning",M.Sc,7,Job_413,Software Engineer,"Java, C++, Communication, Scrum",0.43,Rejected
Candidate_953,"Experienced professional skilled in React, Leadership, Node.js, Communication, Agile.","React, Leadership, Node.js, Communication, Agile",M.Sc,11,Job_485,Backend Developer,"Agile, Python, Java",0.6,Shortlisted
Candidate_253,"Experienced professional skilled in Project Management, Deep Learning, Java, Communication.","Project Management, Deep Learning, Java, Communication",M.Tech,11,Job_17,Software Engineer,"Agile, Deep Learning, React, Communication",0.7,Shortlisted
Candidate_548,"Experienced professional skilled in Python, C++, Java, Agile, Node.js, Communication.","Python, C++, Java, Agile, Node.js, Communication",MBA,7,Job_480,Backend Developer,"Machine Learning, Deep Learning, Project Management, SQL",0.28,Rejected
Candidate_625,"Experienced professional skilled in Java, Scrum, Agile, SQL, Leadership.","Java, Scrum, Agile, SQL, Leadership",M.Sc,2,Job_398,Data Scientist,"Scrum, React",0.38,Rejected
Candidate_614,"Experienced professional skilled in Project Management, Scrum, SQL.","Project Management, Scrum, SQL",MBA,4,Job_278,Frontend Developer,"Communication, Project Management, Scrum",0.56,Shortlisted
Candidate_869,"Experienced professional skilled in Project Management, Python, React, Deep Learning, Node.js.","Project Management, Python, React, Deep Learning, Node.js",M.Sc,8,Job_242,Data Scientist,"Communication, Node.js, Agile",0.52,Shortlisted
Candidate_476,"Experienced professional skilled in React, Python, Agile, C++.","React, Python, Agile, C++",B.Tech,15,Job_135,Backend Developer,"Project Management, Leadership, SQL, Deep Learning, Python",0.52,Shortlisted
Candidate_562,"Experienced professional skilled in Node.js, Scrum, Agile.","Node.js, Scrum, Agile",B.Sc,4,Job_435,Data Scientist,"Python, Leadership",0.16,Rejected
Candidate_32,"Experienced professional skilled in Python, Project Management, Machine Learning.","Python, Project Management, Machine Learning",B.Sc,14,Job_246,Backend Developer,"Project Management, Machine Learning, C++, SQL",0.7,Shortlisted
Candidate_350,"Experienced professional skilled in Communication, Scrum, Project Management.","Communication, Scrum, Project Management",MBA,5,Job_37,Data Scientist,"C++, SQL, Deep Learning, React, Project Management",0.32,Rejected
Candidate_735,"Experienced professional skilled in Machine Learning, Communication, Deep Learning, Node.js, Leadership.","Machine Learning, Communication, Deep Learning, Node.js, Leadership",B.Tech,2,Job_352,Frontend Developer,"Scrum, Communication, Java",0.28,Rejected
Candidate_594,"Experienced professional skilled in Machine Learning, Leadership, SQL, Project Management.","Machine Learning, Leadership, SQL, Project Management",B.Sc,9,Job_61,Software Engineer,"Machine Learning, React",0.66,Shortlisted
Candidate_48,"Experienced professional skilled in React, Node.js, Deep Learning.","React, Node.js, Deep Learning",B.Tech,11,Job_254,Data Scientist,"Python, Project Management, C++",0.4,Rejected
Candidate_647,"Experienced professional skilled in Agile, SQL, Project Management, Scrum, Leadership, Communication.","Agile, SQL, Project Management, Scrum, Leadership, Communication",B.Sc,15,Job_265,Machine Learning Engineer,"Project Management, Leadership, SQL",1.0,Hired
Candidate_201,"Experienced professional skilled in Agile, Scrum, Machine Learning, Deep Learning, Leadership.","Agile, Scrum, Machine Learning, Deep Learning, Leadership",B.Tech,4,Job_372,Machine Learning Engineer,"Communication, C++, Agile",0.36,Rejected
Candidate_619,"Experienced professional skilled in SQL, Java, Python.","SQL, Java, Python",MBA,13,Job_51,Frontend Developer,"Agile, SQL, Leadership",0.6,Shortlisted
Candidate_679,"Experienced professional skilled in SQL, Agile, Machine Learning, C++, Scrum.","SQL, Agile, Machine Learning, C++, Scrum",M.Sc,10,Job_158,Project Manager,"Leadership, Node.js, Java, Project Management",0.4,Rejected
Candidate_922,"Experienced professional skilled in Deep Learning, Communication, React, Leadership, Python, Scrum.","Deep Learning, Communication, React, Leadership, Python, Scrum",M.Sc,8,Job_54,Data Scientist,"Node.js, Python, SQL",0.52,Shortlisted
Candidate_198,"Experienced professional skilled in Deep Learning, Agile, React, Communication, C++, Machine Learning.","Deep Learning, Agile, React, Communication, C++, Machine Learning",B.Tech,10,Job_475,Data Scientist,"Python, C++, Java, React",0.7,Shortlisted
Candidate_459,"Experienced professional skilled in Machine Learning, Communication, Project Management, C++.","Machine Learning, Communication, Project Management, C++",B.Sc,15,Job_498,Data Scientist,"Agile, Node.js, Communication, SQL, Machine Learning",0.64,Shortlisted
Candidate_590,"Experienced professional skilled in SQL, Python, Agile, C++, Machine Learning, React.","SQL, Python, Agile, C++, Machine Learning, React",B.Tech,5,Job_81,Backend Developer,"Communication, Leadership, SQL",0.4,Rejected
Candidate_255,"Experienced professional skilled in Deep Learning, SQL, Leadership, Agile, Communication, C++.","Deep Learning, SQL, Leadership, Agile, Communication, C++",M.Tech,4,Job_436,Project Manager,"Project Management, Node.js, React, Java, C++",0.28,Rejected
Candidate_657,"Experienced professional skilled in C++, Python, Communication.","C++, Python, Communication",B.Tech,9,Job_494,Project Manager,"Scrum, Communication",0.66,Shortlisted
Candidate_557,"Experienced professional skilled in Java, React, Communication, Agile.","Java, React, Communication, Agile",M.Sc,4,Job_47,Project Manager,"Leadership, Agile",0.46,Rejected
Candidate_362,"Experienced professional skilled in Machine Learning, React, Communication, Node.js, Agile, SQL.","Machine Learning, React, Communication, Node.js, Agile, SQL",M.Sc,14,Job_183,Project Manager,"Scrum, Leadership",0.4,Rejected
Candidate_644,"Experienced professional skilled in Leadership, C++, Deep Learning, React.","Leadership, C++, Deep Learning, React",M.Sc,14,Job_365,Frontend Developer,"C++, React, Machine Learning",0.8,Hired
Candidate_160,"Experienced professional skilled in Communication, C++, SQL.","Communication, C++, SQL",MBA,5,Job_472,Frontend Developer,"Node.js, Leadership, React, C++, Java",0.32,Rejected
Candidate_653,"Experienced professional skilled in Leadership, Agile, Deep Learning, Java.","Leadership, Agile, Deep Learning, Java",B.Tech,8,Job_431,Project Manager,"C++, Python, Leadership, Deep Learning",0.62,Shortlisted
Candidate_421,"Experienced professional skilled in Java, Project Management, Node.js, Communication, Deep Learning.","Java, Project Management, Node.js, Communication, Deep Learning",B.Tech,10,Job_158,Project Manager,"Java, Scrum, Communication, Python",0.7,Shortlisted
Candidate_901,"Experienced professional skilled in Communication, Agile, React, Project Management, Java.","Communication, Agile, React, Project Management, Java",M.Sc,12,Job_67,Machine Learning Engineer,"Communication, React",1.0,Hired
Candidate_983,"Experienced professional skilled in Python, Java, Project Management.","Python, Java, Project Management",B.Tech,14,Job_54,Machine Learning Engineer,"Project Management, Python",1.0,Hired
Candidate_779,"Experienced professional skilled in Node.js, Project Management, Leadership, Agile.","Node.js, Project Management, Leadership, Agile",B.Tech,11,Job_492,Backend Developer,"Communication, React, Node.js, Scrum",0.55,Shortlisted
Candidate_484,"Experienced professional skilled in Node.js, Project Management, Scrum, Python, React.","Node.js, Project Management, Scrum, Python, React",B.Tech,2,Job_43,Data Scientist,"React, Python, Node.js, Machine Learning, Deep Learning",0.44,Rejected
Candidate_196,"Experienced professional skilled in C++, Scrum, Machine Learning, Node.js.","C++, Scrum, Machine Learning, Node.js",MBA,13,Job_364,Machine Learning Engineer,"Deep Learning, SQL, Java, Scrum, Node.js",0.64,Shortlisted
Candidate_814,"Experienced professional skilled in Deep Learning, Agile, Python, Machine Learning, Leadership.","Deep Learning, Agile, Python, Machine Learning, Leadership",M.Tech,5,Job_85,Frontend Developer,"Deep Learning, Node.js, Agile, Leadership",0.65,Shortlisted
Candidate_768,"Experienced professional skilled in C++, Machine Learning, SQL, Leadership, Communication.","C++, Machine Learning, SQL, Leadership, Communication",M.Tech,9,Job_426,Backend Developer,"C++, Leadership, Java",0.76,Hired
Candidate_738,"Experienced professional skilled in Scrum, Leadership, Machine Learning, Communication.","Scrum, Leadership, Machine Learning, Communication",MBA,6,Job_141,Machine Learning Engineer,"Scrum, Node.js",0.54,Shortlisted
Candidate_319,"Experienced professional skilled in Leadership, Machine Learning, C++.","Leadership, Machine Learning, C++",B.Sc,3,Job_49,Project Manager,"Leadership, Node.js, Communication, C++, Python",0.36,Rejected
Candidate_390,"Experienced professional skilled in Deep Learning, React, Scrum, Communication.","Deep Learning, React, Scrum, Communication",M.Sc,13,Job_30,Frontend Developer,"Leadership, Deep Learning, Communication",0.8,Hired
Candidate_461,"Experienced professional skilled in Python, Java, Communication.","Python, Java, Communication",MBA,14,Job_80,Backend Developer,"Agile, SQL",0.4,Rejected
Candidate_856,"Experienced professional skilled in Node.js, React, Scrum, Project Management.","Node.js, React, Scrum, Project Management",M.Tech,12,Job_315,Frontend Developer,"Communication, Java, Machine Learning, C++, Node.js",0.52,Shortlisted
Candidate_372,"Experienced professional skilled in SQL, Communication, Deep Learning, Python, C++.","SQL, Communication, Deep Learning, Python, C++",M.Tech,3,Job_169,Machine Learning Engineer,"Communication, Leadership, Agile, Deep Learning, Project Management",0.36,Rejected
Candidate_408,"Experienced professional skilled in Scrum, Node.js, Python, Project Management, Deep Learning, C++.","Scrum, Node.js, Python, Project Management, Deep Learning, C++",B.Tech,10,Job_475,Project Manager,"Scrum, Machine Learning, React, Deep Learning",0.7,Shortlisted
Candidate_300,"Experienced professional skilled in React, Communication, Leadership, Project Management, Scrum, Python.","React, Communication, Leadership, Project Management, Scrum, Python",B.Sc,6,Job_163,Software Engineer,"SQL, Machine Learning, Agile, React",0.39,Rejected
Candidate_185,"Experienced professional skilled in Agile, Deep Learning, Node.js.","Agile, Deep Learning, Node.js",M.Sc,13,Job_361,Backend Developer,"C++, Node.js, React",0.6,Shortlisted
Candidate_730,"Experienced professional skilled in Agile, Deep Learning, Node.js, Machine Learning, SQL, Communication.","Agile, Deep Learning, Node.js, Machine Learning, SQL, Communication",B.Sc,6,Job_2,Project Manager,"Node.js, Agile, Scrum",0.64,Shortlisted
Candidate_62,"Experienced professional skilled in SQL, Scrum, React.","SQL, Scrum, React",B.Sc,7,Job_173,Frontend Developer,"Project Management, Communication, Node.js, React",0.43,Rejected
Candidate_558,"Experienced professional skilled in C++, Python, Leadership.","C++, Python, Leadership",MBA,15,Job_499,Backend Developer,"Scrum, Python, Machine Learning, C++",0.7,Shortlisted
Candidate_521,"Experienced professional skilled in Project Management, Deep Learning, Machine Learning.","Project Management, Deep Learning, Machine Learning",B.Sc,13,Job_224,Data Scientist,"Java, Agile, React",0.4,Rejected
Candidate_347,"Experienced professional skilled in Java, Agile, Node.js.","Java, Agile, Node.js",MBA,8,Job_83,Frontend Developer,"Machine Learning, Java, Node.js, Leadership",0.62,Shortlisted
Candidate_873,"Experienced professional skilled in Python, Machine Learning, Node.js, React.","Python, Machine Learning, Node.js, React",M.Sc,3,Job_330,Data Scientist,"Machine Learning, SQL, Scrum, Communication",0.27,Rejected
Candidate_501,"Experienced professional skilled in React, Leadership, Node.js, Communication, Java, C++.","React, Leadership, Node.js, Communication, Java, C++",M.Sc,4,Job_146,Machine Learning Engineer,"Java, Agile",0.46,Rejected
Candidate_255,"Experienced professional skilled in SQL, Leadership, Python, React, Node.js.","SQL, Leadership, Python, React, Node.js",MBA,13,Job_78,Frontend Developer,"Project Management, Python, Deep Learning",0.6,Shortlisted
Candidate_750,"Experienced professional skilled in Agile, React, Machine Learning, Scrum, C++.","Agile, React, Machine Learning, Scrum, C++",B.Tech,12,Job_380,Software Engineer,"Leadership, Java, Node.js",0.4,Rejected
Candidate_79,"Experienced professional skilled in C++, Project Management, Agile.","C++, Project Management, Agile",B.Tech,11,Job_159,Software Engineer,"Project Management, C++, Node.js, Deep Learning, React",0.64,Shortlisted
Candidate_131,"Experienced professional skilled in Project Management, Scrum, Communication, Machine Learning, React, SQL.","Project Management, Scrum, Communication, Machine Learning, React, SQL",B.Sc,12,Job_162,Software Engineer,"Java, Communication, Node.js",0.6,Shortlisted
Candidate_777,"Experienced professional skilled in Deep Learning, SQL, Python, Communication, React, Scrum.","Deep Learning, SQL, Python, Communication, React, Scrum",M.Sc,7,Job_419,Machine Learning Engineer,"React, Python, Communication",0.88,Hired
Candidate_388,"Experienced professional skilled in Leadership, C++, React, Communication.","Leadership, C++, React, Communication",B.Tech,15,Job_335,Data Scientist,"SQL, Machine Learning",0.4,Rejected
Candidate_950,"Experienced professional skilled in Java, Scrum, SQL, Leadership.","Java, Scrum, SQL, Leadership",M.Tech,15,Job_92,Machine Learning Engineer,"Deep Learning, Agile",0.4,Rejected
Candidate_470,"Experienced professional skilled in C++, Leadership, Communication, SQL, Agile, Node.js.","C++, Leadership, Communication, SQL, Agile, Node.js",M.Sc,1,Job_471,Backend Developer,"Agile, Leadership, Machine Learning, React",0.34,Rejected
Candidate_179,"Experienced professional skilled in Leadership, Machine Learning, React.","Leadership, Machine Learning, React",M.Sc,14,Job_182,Software Engineer,"React, Java, Leadership, Machine Learning, SQL",0.76,Hired
Candidate_541,"Experienced professional skilled in Java, React, Agile, SQL.","Java, React, Agile, SQL",B.Sc,12,Job_406,Software Engineer,"C++, Deep Learning, Scrum, Project Management",0.4,Rejected
Candidate_282,"Experienced professional skilled in React, Agile, Project Management, Deep Learning.","React, Agile, Project Management, Deep Learning",B.Sc,3,Job_283,Software Engineer,"Agile, Scrum, Node.js, C++, Communication",0.24,Rejected
Candidate_802,"Experienced professional skilled in React, C++, Node.js.","React, C++, Node.js",B.Tech,11,Job_323,Project Manager,"C++, Leadership, Python",0.6,Shortlisted
Candidate_180,"Experienced professional skilled in C++, Deep Learning, Project Management, React.","C++, Deep Learning, Project Management, React",M.Sc,8,Job_486,Frontend Developer,"React, Leadership, Communication",0.52,Shortlisted
Candidate_564,"Experienced professional skilled in Python, C++, Node.js.","Python, C++, Node.js",M.Sc,11,Job_183,Frontend Developer,"Agile, Node.js, Deep Learning",0.6,Shortlisted
Candidate_630,"Experienced professional skilled in Agile, Machine Learning, C++, Scrum, Node.js.","Agile, Machine Learning, C++, Scrum, Node.js",MBA,9,Job_470,Frontend Developer,"SQL, React, Java, Deep Learning",0.36,Rejected
Candidate_796,"Experienced professional skilled in Deep Learning, Project Management, Java, Communication, Machine Learning.","Deep Learning, Project Management, Java, Communication, Machine Learning",B.Tech,3,Job_446,Frontend Developer,"Scrum, React",0.12,Rejected
Candidate_325,"Experienced professional skilled in Project Management, Deep Learning, Agile.","Project Management, Deep Learning, Agile",B.Sc,9,Job_26,Data Scientist,"C++, SQL",0.36,Rejected
Candidate_594,"Experienced professional skilled in Python, React, SQL, Deep Learning.","Python, React, SQL, Deep Learning",M.Tech,13,Job_262,Backend Developer,"C++, Deep Learning, SQL, Node.js, Project Management",0.64,Shortlisted
Candidate_194,"Experienced professional skilled in C++, Leadership, Agile, Java, Node.js, Communication.","C++, Leadership, Agile, Java, Node.js, Communication",B.Tech,14,Job_171,Software Engineer,"React, C++, Java, Project Management, Node.js",0.76,Hired
Candidate_405,"Experienced professional skilled in Machine Learning, Leadership, Deep Learning, React, C++.","Machine Learning, Leadership, Deep Learning, React, C++",MBA,13,Job_492,Frontend Developer,"Agile, Project Management",0.4,Rejected
Candidate_864,"Experienced professional skilled in Communication, Scrum, Python, Deep Learning, Machine Learning, Project Management.","Communication, Scrum, Python, Deep Learning, Machine Learning, Project Management",MBA,15,Job_446,Machine Learning Engineer,"Java, Deep Learning",0.7,Shortlisted
Candidate_268,"Experienced professional skilled in Machine Learning, React, Python, Scrum, Leadership.","Machine Learning, React, Python, Scrum, Leadership",M.Tech,7,Job_441,Backend Developer,"Scrum, Java, Leadership, Python",0.73,Shortlisted
Candidate_815,"Experienced professional skilled in Java, Deep Learning, Scrum, SQL.","Java, Deep Learning, Scrum, SQL",M.Sc,15,Job_121,Backend Developer,"Project Management, Scrum",0.7,Shortlisted
Candidate_763,"Experienced professional skilled in Machine Learning, Leadership, Deep Learning, SQL, C++.","Machine Learning, Leadership, Deep Learning, SQL, C++",B.Tech,15,Job_306,Backend Developer,"SQL, Communication, Agile",0.6,Shortlisted
Candidate_452,"Experienced professional skilled in Node.js, Scrum, Java, Communication.","Node.js, Scrum, Java, Communication",M.Tech,4,Job_448,Software Engineer,"Python, C++, Scrum, SQL",0.31,Rejected
Candidate_627,"Experienced professional skilled in SQL, Deep Learning, Java, Python, Scrum.","SQL, Deep Learning, Java, Python, Scrum",M.Tech,5,Job_275,Project Manager,"Deep Learning, Scrum, Communication, SQL",0.65,Shortlisted
Candidate_45,"Experienced professional skilled in Machine Learning, Deep Learning, Communication.","Machine Learning, Deep Learning, Communication",MBA,8,Job_173,Machine Learning Engineer,"Leadership, Node.js, Project Management, SQL",0.32,Rejected
Candidate_362,"Experienced professional skilled in Agile, SQL, Deep Learning.","Agile, SQL, Deep Learning",B.Tech,2,Job_147,Data Scientist,"SQL, Python",0.38,Rejected
Candidate_79,"Experienced professional skilled in C++, Project Management, Java, SQL.","C++, Project Management, Java, SQL",B.Tech,9,Job_174,Project Manager,"Communication, Agile, Project Management, Python, Node.js",0.48,Rejected
Candidate_167,"Experienced professional skilled in Agile, Scrum, Leadership, Machine Learning, Java.","Agile, Scrum, Leadership, Machine Learning, Java",MBA,7,Job_419,Data Scientist,"SQL, React",0.28,Rejected
Candidate_266,"Experienced professional skilled in React, Communication, Leadership.","React, Communication, Leadership",MBA,13,Job_260,Software Engineer,"Scrum, Deep Learning, SQL",0.4,Rejected
Candidate_822,"Experienced professional skilled in React, Leadership, Scrum, Agile, Machine Learning.","React, Leadership, Scrum, Agile, Machine Learning",MBA,10,Job_207,Project Manager,"Project Management, Java",0.4,Rejected
Candidate_387,"Experienced professional skilled in Leadership, Scrum, C++, Machine Learning, React, Java.","Leadership, Scrum, C++, Machine Learning, React, Java",B.Tech,6,Job_488,Backend Developer,"Machine Learning, Deep Learning, C++",0.64,Shortlisted
Candidate_707,"Experienced professional skilled in Python, Project Management, SQL.","Python, Project Management, SQL",B.Sc,4,Job_357,Frontend Developer,"SQL, Python, Scrum, Leadership",0.46,Rejected
Candidate_633,"Experienced professional skilled in SQL, Java, Leadership, Project Management.","SQL, Java, Leadership, Project Management",M.Sc,6,Job_128,Software Engineer,"Scrum, Project Management, SQL, Leadership",0.69,Shortlisted
Candidate_233,"Experienced professional skilled in Agile, Leadership, React.","Agile, Leadership, React",B.Sc,12,Job_349,Software Engineer,"Machine Learning, SQL, Agile, Scrum",0.55,Shortlisted
Candidate_964,"Experienced professional skilled in C++, Java, Communication, React, Node.js.","C++, Java, Communication, React, Node.js",M.Tech,1,Job_120,Backend Developer,"Machine Learning, C++, Scrum",0.24,Rejected
Candidate_296,"Experienced professional skilled in Leadership, Communication, Project Management, Deep Learning, Machine Learning, React.","Leadership, Communication, Project Management, Deep Learning, Machine Learning, React",B.Sc,5,Job_96,Data Scientist,"React, Python",0.5,Shortlisted
Candidate_36,"Experienced professional skilled in React, C++, Python, Project Management, Machine Learning, Java.","React, C++, Python, Project Management, Machine Learning, Java",M.Tech,4,Job_136,Data Scientist,"Project Management, Deep Learning, Communication, Leadership",0.31,Rejected
Candidate_994,"Experienced professional skilled in C++, Node.js, Agile, Deep Learning, Communication.","C++, Node.js, Agile, Deep Learning, Communication",B.Tech,3,Job_458,Backend Developer,"Leadership, Deep Learning, Machine Learning",0.32,Rejected
Candidate_246,"Experienced professional skilled in Machine Learning, Java, React, Python, Scrum.","Machine Learning, Java, React, Python, Scrum",B.Tech,2,Job_55,Backend Developer,"Deep Learning, Scrum",0.38,Rejected
Candidate_639,"Experienced professional skilled in Leadership, C++, SQL, Scrum.","Leadership, C++, SQL, Scrum",MBA,6,Job_341,Frontend Developer,"Python, React, Machine Learning, Scrum, Communication",0.36,Rejected
Candidate_731,"Experienced professional skilled in Leadership, Communication, Agile.","Leadership, Communication, Agile",B.Tech,7,Job_96,Frontend Developer,"C++, Leadership",0.58,Shortlisted
Candidate_592,"Experienced professional skilled in C++, Leadership, Node.js, React, Project Management, Deep Learning.","C++, Leadership, Node.js, React, Project Management, Deep Learning",M.Sc,7,Job_269,Data Scientist,"Project Management, Agile, Deep Learning",0.68,Shortlisted
Candidate_427,"Experienced professional skilled in Java, Leadership, C++, Deep Learning.","Java, Leadership, C++, Deep Learning",B.Sc,12,Job_81,Machine Learning Engineer,"SQL, Project Management, Leadership",0.6,Shortlisted
Candidate_784,"Experienced professional skilled in Agile, Project Management, C++, Communication.","Agile, Project Management, C++, Communication",M.Tech,1,Job_239,Data Scientist,"Machine Learning, Deep Learning, Communication, Scrum",0.19,Rejected
Candidate_524,"Experienced professional skilled in Scrum, Communication, SQL, Java, Agile.","Scrum, Communication, SQL, Java, Agile",M.Tech,12,Job_81,Machine Learning Engineer,"Communication, Agile, SQL",1.0,Hired
Candidate_762,"Experienced professional skilled in Leadership, Project Management, Deep Learning.","Leadership, Project Management, Deep Learning",B.Tech,9,Job_178,Project Manager,"Project Management, Scrum, SQL",0.56,Shortlisted
Candidate_383,"Experienced professional skilled in Deep Learning, Machine Learning, Node.js, Project Management.","Deep Learning, Machine Learning, Node.js, Project Management",B.Tech,9,Job_364,Data Scientist,"Project Management, Leadership, Machine Learning, Agile, Python",0.6,Shortlisted
Candidate_668,"Experienced professional skilled in Machine Learning, SQL, C++.","Machine Learning, SQL, C++",M.Sc,11,Job_177,Data Scientist,"Machine Learning, Node.js, Java, SQL",0.7,Shortlisted
Candidate_882,"Experienced professional skilled in Scrum, Project Management, Agile, Leadership.","Scrum, Project Management, Agile, Leadership",B.Tech,9,Job_467,Frontend Developer,"SQL, Node.js, Machine Learning, Communication, Scrum",0.48,Rejected
Candidate_800,"Experienced professional skilled in SQL, Deep Learning, React, C++, Machine Learning, Python.","SQL, Deep Learning, React, C++, Machine Learning, Python",B.Sc,8,Job_455,Frontend Developer,"React, Python, SQL",0.92,Hired
Candidate_416,"Experienced professional skilled in Node.js, Scrum, Communication.","Node.js, Scrum, Communication",M.Sc,11,Job_304,Backend Developer,"SQL, React, Scrum, Leadership, Java",0.52,Shortlisted
Candidate_809,"Experienced professional skilled in C++, Agile, React, Node.js, Deep Learning.","C++, Agile, React, Node.js, Deep Learning",MBA,7,Job_462,Backend Developer,"Node.js, React, Deep Learning, Java",0.73,Shortlisted
Candidate_524,"Experienced professional skilled in Project Management, Node.js, React, SQL, Agile.","Project Management, Node.js, React, SQL, Agile",B.Sc,15,Job_39,Data Scientist,"Agile, Communication, React",0.8,Hired
Candidate_833,"Experienced professional skilled in Communication, Deep Learning, Agile, Scrum, Project Management, React.","Communication, Deep Learning, Agile, Scrum, Project Management, React",M.Sc,6,Job_276,Machine Learning Engineer,"Python, Leadership",0.24,Rejected
Candidate_847,"Experienced professional skilled in Communication, Leadership, Node.js, SQL, Scrum.","Communication, Leadership, Node.js, SQL, Scrum",M.Sc,1,Job_213,Backend Developer,"C++, Java",0.04,Rejected
Candidate_193,"Experienced professional skilled in C++, Java, Communication, Python.","C++, Java, Communication, Python",B.Tech,13,Job_148,Data Scientist,"SQL, Java, Python",0.8,Hired
Candidate_824,"Experienced professional skilled in Agile, Scrum, Leadership, Machine Learning, Node.js, C++.","Agile, Scrum, Leadership, Machine Learning, Node.js, C++",M.Tech,12,Job_253,Frontend Developer,"C++, Communication",0.7,Shortlisted
Candidate_252,"Experienced professional skilled in Project Management, Node.js, Scrum, Deep Learning, C++.","Project Management, Node.js, Scrum, Deep Learning, C++",M.Tech,4,Job_54,Software Engineer,"Communication, Deep Learning",0.46,Rejected
Candidate_932,"Experienced professional skilled in Machine Learning, Node.js, Scrum.","Machine Learning, Node.js, Scrum",M.Tech,3,Job_45,Backend Developer,"C++, Project Management, Agile, React",0.12,Rejected
Candidate_772,"Experienced professional skilled in Python, Communication, Leadership, React, Machine Learning.","Python, Communication, Leadership, React, Machine Learning",MBA,3,Job_384,Project Manager,"Scrum, Deep Learning, Python",0.32,Rejected
Candidate_289,"Experienced professional skilled in Leadership, Java, Communication, SQL, React, Deep Learning.","Leadership, Java, Communication, SQL, React, Deep Learning",M.Sc,8,Job_9,Project Manager,"C++, Node.js, Agile, Machine Learning",0.32,Rejected
Candidate_919,"Experienced professional skilled in SQL, C++, Leadership, Machine Learning, Java.","SQL, C++, Leadership, Machine Learning, Java",M.Sc,2,Job_25,Machine Learning Engineer,"Project Management, Leadership, SQL",0.48,Rejected
Candidate_95,"Experienced professional skilled in Machine Learning, Project Management, Java.","Machine Learning, Project Management, Java",M.Tech,12,Job_211,Machine Learning Engineer,"Leadership, Deep Learning, Agile, Machine Learning, Scrum",0.52,Shortlisted
Candidate_824,"Experienced professional skilled in Agile, Python, React, Scrum.","Agile, Python, React, Scrum",M.Sc,5,Job_397,Machine Learning Engineer,"Leadership, Agile, Project Management",0.4,Rejected
Candidate_303,"Experienced professional skilled in Scrum, SQL, Deep Learning, C++, Machine Learning.","Scrum, SQL, Deep Learning, C++, Machine Learning",MBA,11,Job_374,Project Manager,"Machine Learning, Java, SQL, React",0.7,Shortlisted
Candidate_858,"Experienced professional skilled in Machine Learning, React, Scrum, Agile.","Machine Learning, React, Scrum, Agile",M.Tech,13,Job_40,Software Engineer,"Python, Project Management",0.4,Rejected
Candidate_7,"Experienced professional skilled in Deep Learning, Machine Learning, Python.","Deep Learning, Machine Learning, Python",M.Sc,6,Job_93,Project Manager,"Leadership, Machine Learning",0.54,Shortlisted
Candidate_573,"Experienced professional skilled in Agile, Scrum, Machine Learning.","Agile, Scrum, Machine Learning",B.Tech,3,Job_144,Data Scientist,"Java, Communication, Node.js",0.12,Rejected
Candidate_923,"Experienced professional skilled in Python, Java, Project Management, C++.","Python, Java, Project Management, C++",B.Sc,2,Job_315,Data Scientist,"C++, SQL, Java",0.48,Rejected
Candidate_963,"Experienced professional skilled in Java, C++, Node.js, Agile.","Java, C++, Node.js, Agile",MBA,12,Job_47,Machine Learning Engineer,"Project Management, Machine Learning, C++, React, Leadership",0.52,Shortlisted
Candidate_82,"Experienced professional skilled in Java, Deep Learning, Leadership.","Java, Deep Learning, Leadership",B.Tech,1,Job_235,Machine Learning Engineer,"Deep Learning, Java, SQL, Scrum, Communication",0.28,Rejected
Candidate_120,"Experienced professional skilled in Machine Learning, Communication, Python.","Machine Learning, Communication, Python",MBA,9,Job_313,Project Manager,"SQL, Agile, C++",0.36,Rejected
Candidate_4,"Experienced professional skilled in Scrum, Node.js, Deep Learning, Python.","Scrum, Node.js, Deep Learning, Python",MBA,15,Job_111,Machine Learning Engineer,"Leadership, Project Management",0.4,Rejected
Candidate_903,"Experienced professional skilled in Communication, Leadership, Java.","Communication, Leadership, Java",M.Tech,14,Job_354,Project Manager,"Communication, Project Management",0.7,Shortlisted
Candidate_35,"Experienced professional skilled in Machine Learning, Deep Learning, Communication, C++, SQL, Project Management.","Machine Learning, Deep Learning, Communication, C++, SQL, Project Management",B.Tech,10,Job_18,Data Scientist,"Scrum, Agile",0.4,Rejected
Candidate_92,"Experienced professional skilled in Leadership, SQL, Java, Machine Learning.","Leadership, SQL, Java, Machine Learning",B.Tech,15,Job_263,Frontend Developer,"Java, Leadership, Deep Learning, SQL",0.85,Hired
Candidate_67,"Experienced professional skilled in Deep Learning, Leadership, Project Management.","Deep Learning, Leadership, Project Management",M.Sc,11,Job_161,Frontend Developer,"Project Management, Python, SQL, C++, Agile",0.52,Shortlisted
Candidate_757,"Experienced professional skilled in Node.js, React, Scrum, Project Management, Java, Python.","Node.js, React, Scrum, Project Management, Java, Python",M.Tech,11,Job_327,Frontend Developer,"SQL, Communication",0.4,Rejected
Candidate_281,"Experienced professional skilled in Communication, Deep Learning, Agile.","Communication, Deep Learning, Agile",B.Tech,13,Job_494,Data Scientist,"Communication, Project Management, SQL, Agile, Python",0.64,Shortlisted
Candidate_776,"Experienced professional skilled in Java, Project Management, Scrum.","Java, Project Management, Scrum",M.Tech,15,Job_35,Project Manager,"Node.js, Leadership",0.4,Rejected
Candidate_568,"Experienced professional skilled in Machine Learning, SQL, Agile, Deep Learning.","Machine Learning, SQL, Agile, Deep Learning",M.Sc,13,Job_253,Software Engineer,"C++, Project Management",0.4,Rejected
Candidate_796,"Experienced professional skilled in SQL, Scrum, Machine Learning, Node.js, Python, Leadership.","SQL, Scrum, Machine Learning, Node.js, Python, Leadership",B.Sc,4,Job_223,Software Engineer,"Leadership, C++",0.46,Rejected
Candidate_898,"Experienced professional skilled in React, Scrum, C++, Machine Learning.","React, Scrum, C++, Machine Learning",MBA,15,Job_261,Project Manager,"Agile, Communication, SQL, Scrum",0.55,Shortlisted
Candidate_990,"Experienced professional skilled in Project Management, C++, Python, Deep Learning.","Project Management, C++, Python, Deep Learning",M.Sc,12,Job_176,Backend Developer,"Deep Learning, Leadership, SQL, C++",0.7,Shortlisted
Candidate_853,"Experienced professional skilled in Node.js, Agile, C++, Leadership, SQL, Machine Learning.","Node.js, Agile, C++, Leadership, SQL, Machine Learning",MBA,14,Job_371,Project Manager,"Leadership, C++, Node.js, React",0.85,Hired
Candidate_151,"Experienced professional skilled in Machine Learning, Java, Deep Learning, SQL.","Machine Learning, Java, Deep Learning, SQL",MBA,1,Job_500,Software Engineer,"Agile, Leadership, Communication",0.04,Rejected
Candidate_635,"Experienced professional skilled in Scrum, Project Management, SQL, Leadership.","Scrum, Project Management, SQL, Leadership",M.Sc,12,Job_112,Software Engineer,"Java, Agile",0.4,Rejected
Candidate_71,"Experienced professional skilled in Machine Learning, React, Agile, SQL, Java, Node.js.","Machine Learning, React, Agile, SQL, Java, Node.js",M.Tech,2,Job_446,Backend Developer,"Scrum, Java, React",0.48,Rejected
Candidate_449,"Experienced professional skilled in Communication, Java, Python, Deep Learning, Project Management, React.","Communication, Java, Python, Deep Learning, Project Management, React",B.Tech,13,Job_92,Data Scientist,"Leadership, Communication",0.7,Shortlisted
Candidate_388,"Experienced professional skilled in React, Communication, Scrum, C++.","React, Communication, Scrum, C++",B.Tech,7,Job_260,Machine Learning Engineer,"Communication, Deep Learning, SQL, React, Java",0.52,Shortlisted
Candidate_243,"Experienced professional skilled in Agile, Communication, Project Management, C++, Scrum.","Agile, Communication, Project Management, C++, Scrum",B.Sc,11,Job_106,Software Engineer,"Leadership, React, Java, SQL",0.4,Rejected
Candidate_360,"Experienced professional skilled in C++, Java, Leadership, Node.js, Deep Learning.","C++, Java, Leadership, Node.js, Deep Learning",B.Sc,9,Job_326,Project Manager,"Deep Learning, React, Java, Scrum",0.66,Shortlisted
Candidate_688,"Experienced professional skilled in Node.js, Java, C++, Python, Leadership.","Node.js, Java, C++, Python, Leadership",M.Tech,14,Job_238,Data Scientist,"Scrum, Communication, SQL",0.4,Rejected
Candidate_469,"Experienced professional skilled in Scrum, C++, Project Management.","Scrum, C++, Project Management",M.Tech,12,Job_157,Data Scientist,"Leadership, Machine Learning",0.4,Rejected
Candidate_598,"Experienced professional skilled in C++, React, SQL, Project Management.","C++, React, SQL, Project Management",M.Sc,7,Job_497,Software Engineer,"SQL, C++, Deep Learning",0.68,Shortlisted
Candidate_947,"Experienced professional skilled in Leadership, C++, Communication, SQL, Java, Project Management.","Leadership, C++, Communication, SQL, Java, Project Management",M.Sc,1,Job_123,Project Manager,"C++, Leadership, Deep Learning",0.44,Rejected
Candidate_596,"Experienced professional skilled in Scrum, Communication, Java, SQL.","Scrum, Communication, Java, SQL",M.Tech,7,Job_13,Machine Learning Engineer,"Python, Project Management, Java, Leadership",0.43,Rejected
Candidate_921,"Experienced professional skilled in Agile, Machine Learning, Leadership, React.","Agile, Machine Learning, Leadership, React",M.Sc,9,Job_98,Project Manager,"C++, Scrum",0.36,Rejected
Candidate_507,"Experienced professional skilled in Scrum, Node.js, Communication, SQL, Leadership.","Scrum, Node.js, Communication, SQL, Leadership",MBA,9,Job_482,Project Manager,"Project Management, React",0.36,Rejected
Candidate_149,"Experienced professional skilled in Python, Communication, Scrum, Java, Agile.","Python, Communication, Scrum, Java, Agile",M.Sc,4,Job_96,Project Manager,"React, SQL",0.16,Rejected
Candidate_127,"Experienced professional skilled in React, Java, Scrum, Leadership, Python.","React, Java, Scrum, Leadership, Python",B.Sc,5,Job_221,Software Engineer,"Deep Learning, Project Management, Leadership, Machine Learning",0.35,Rejected
Candidate_319,"Experienced professional skilled in Leadership, C++, Java, SQL, Agile, Node.js.","Leadership, C++, Java, SQL, Agile, Node.js",B.Tech,9,Job_427,Backend Developer,"Project Management, Agile, Java",0.76,Hired
Candidate_202,"Experienced professional skilled in Deep Learning, Communication, Python.","Deep Learning, Communication, Python",MBA,9,Job_366,Machine Learning Engineer,"Deep Learning, C++, Machine Learning",0.56,Shortlisted
Candidate_265,"Experienced professional skilled in Deep Learning, React, C++.","Deep Learning, React, C++",B.Tech,2,Job_280,Software Engineer,"Deep Learning, Leadership, Communication",0.28,Rejected
Candidate_419,"Experienced professional skilled in Scrum, Python, C++, Deep Learning, Node.js.","Scrum, Python, C++, Deep Learning, Node.js",M.Sc,15,Job_126,Data Scientist,"Project Management, React, Node.js, Agile",0.55,Shortlisted
Candidate_955,"Experienced professional skilled in Deep Learning, Java, Machine Learning.","Deep Learning, Java, Machine Learning",MBA,9,Job_142,Machine Learning Engineer,"Java, React, SQL, Deep Learning, Project Management",0.6,Shortlisted
Candidate_249,"Experienced professional skilled in Scrum, Leadership, Machine Learning, Java, Deep Learning.","Scrum, Leadership, Machine Learning, Java, Deep Learning",B.Sc,15,Job_42,Project Manager,"React, Project Management, C++, Scrum, Node.js",0.52,Shortlisted
Candidate_728,"Experienced professional skilled in Machine Learning, React, Node.js, Leadership, Deep Learning.","Machine Learning, React, Node.js, Leadership, Deep Learning",M.Tech,4,Job_312,Backend Developer,"Java, Python, Node.js, Deep Learning",0.46,Rejected
Candidate_341,"Experienced professional skilled in C++, Node.js, Project Management.","C++, Node.js, Project Management",M.Tech,14,Job_67,Software Engineer,"Scrum, Node.js, Leadership, React, Project Management",0.64,Shortlisted
Candidate_373,"Experienced professional skilled in C++, Project Management, Python.","C++, Project Management, Python",M.Sc,6,Job_301,Frontend Developer,"Communication, C++, Java, Scrum",0.39,Rejected
Candidate_572,"Experienced professional skilled in React, Node.js, Agile, Python, Scrum.","React, Node.js, Agile, Python, Scrum",MBA,3,Job_180,Data Scientist,"SQL, Node.js, React, Project Management",0.42,Rejected
Candidate_775,"Experienced professional skilled in Python, React, Java.","Python, React, Java",M.Sc,5,Job_462,Project Manager,"Agile, React",0.5,Shortlisted
Candidate_901,"Experienced professional skilled in Scrum, React, Python.","Scrum, React, Python",M.Sc,9,Job_199,Frontend Developer,"Python, Deep Learning, Machine Learning, Node.js",0.51,Shortlisted
Candidate_50,"Experienced professional skilled in Communication, Project Management, React.","Communication, Project Management, React",M.Sc,10,Job_47,Data Scientist,"SQL, Agile, Java",0.4,Rejected
Candidate_467,"Experienced professional skilled in Communication, Node.js, SQL, Python, React.","Communication, Node.js, SQL, Python, React",MBA,14,Job_162,Software Engineer,"Java, Leadership, Communication, Python",0.7,Shortlisted
Candidate_720,"Experienced professional skilled in Project Management, C++, Communication, React, Agile, Java.","Project Management, C++, Communication, React, Agile, Java",M.Sc,8,Job_431,Project Manager,"Communication, Agile, Machine Learning, C++, Project Management",0.8,Hired
Candidate_938,"Experienced professional skilled in Machine Learning, C++, Agile, Deep Learning, Java, Python.","Machine Learning, C++, Agile, Deep Learning, Java, Python",MBA,15,Job_136,Data Scientist,"Python, Scrum, Machine Learning, Agile, React",0.76,Hired
Candidate_594,"Experienced professional skilled in Python, Deep Learning, React, SQL.","Python, Deep Learning, React, SQL",M.Sc,15,Job_46,Software Engineer,"Machine Learning, Project Management, React, Python",0.7,Shortlisted
Candidate_574,"Experienced professional skilled in Java, Project Management, C++.","Java, Project Management, C++",M.Sc,2,Job_320,Software Engineer,"Deep Learning, React",0.08,Rejected
Candidate_270,"Experienced professional skilled in Machine Learning, Leadership, Deep Learning.","Machine Learning, Leadership, Deep Learning",M.Sc,15,Job_120,Backend Developer,"Deep Learning, Machine Learning, Python",0.8,Hired
Candidate_808,"Experienced professional skilled in React, Leadership, Machine Learning, Communication, Node.js.","React, Leadership, Machine Learning, Communication, Node.js",M.Tech,6,Job_151,Project Manager,"Project Management, SQL, React, Agile, Deep Learning",0.36,Rejected
Candidate_131,"Experienced professional skilled in SQL, Leadership, Python.","SQL, Leadership, Python",MBA,8,Job_300,Backend Developer,"Project Management, Communication, Leadership, Scrum, Agile",0.44,Rejected
Candidate_847,"Experienced professional skilled in Scrum, Agile, Node.js, C++, Project Management.","Scrum, Agile, Node.js, C++, Project Management",M.Tech,10,Job_248,Software Engineer,"Python, Communication",0.4,Rejected
Candidate_128,"Experienced professional skilled in Scrum, Project Management, Leadership, Agile, Deep Learning.","Scrum, Project Management, Leadership, Agile, Deep Learning",MBA,1,Job_5,Machine Learning Engineer,"C++, Java, Communication, Scrum",0.19,Rejected
Candidate_954,"Experienced professional skilled in Communication, SQL, Deep Learning.","Communication, SQL, Deep Learning",B.Sc,12,Job_309,Data Scientist,"Machine Learning, Scrum",0.4,Rejected
Candidate_945,"Experienced professional skilled in Python, Java, Node.js, Deep Learning, Communication, Leadership.","Python, Java, Node.js, Deep Learning, Communication, Leadership",MBA,2,Job_292,Software Engineer,"Node.js, Leadership, React, Agile, Python",0.44,Rejected
Candidate_291,"Experienced professional skilled in Python, Leadership, Scrum, Deep Learning.","Python, Leadership, Scrum, Deep Learning",M.Sc,1,Job_412,Machine Learning Engineer,"Machine Learning, Node.js, Agile",0.04,Rejected
Candidate_846,"Experienced professional skilled in Agile, SQL, Leadership, Node.js.","Agile, SQL, Leadership, Node.js",MBA,9,Job_410,Software Engineer,"Project Management, C++, Scrum, React",0.36,Rejected
Candidate_891,"Experienced professional skilled in Node.js, SQL, Project Management, Deep Learning, Machine Learning.","Node.js, SQL, Project Management, Deep Learning, Machine Learning",M.Sc,2,Job_37,Backend Developer,"Machine Learning, SQL, Python",0.48,Rejected
Candidate_428,"Experienced professional skilled in Agile, Machine Learning, Communication, Java, Node.js.","Agile, Machine Learning, Communication, Java, Node.js",M.Tech,3,Job_249,Machine Learning Engineer,"Deep Learning, Communication, Leadership, C++",0.27,Rejected
Candidate_602,"Experienced professional skilled in Project Management, Node.js, Scrum, React.","Project Management, Node.js, Scrum, React",M.Sc,15,Job_429,Machine Learning Engineer,"C++, Agile, Project Management, Scrum",0.7,Shortlisted
Candidate_434,"Experienced professional skilled in Python, Communication, Node.js, SQL.","Python, Communication, Node.js, SQL",B.Sc,7,Job_44,Data Scientist,"Node.js, Communication, Deep Learning, C++, React",0.52,Shortlisted
Candidate_299,"Experienced professional skilled in Python, React, Scrum, Node.js, Communication, SQL.","Python, React, Scrum, Node.js, Communication, SQL",B.Sc,7,Job_78,Machine Learning Engineer,"Deep Learning, Scrum",0.58,Shortlisted
Candidate_209,"Experienced professional skilled in Leadership, Communication, Scrum, Java, Python, Project Management.","Leadership, Communication, Scrum, Java, Python, Project Management",B.Sc,6,Job_445,Project Manager,"Agile, C++, Project Management, Node.js",0.39,Rejected
Candidate_117,"Experienced professional skilled in Node.js, React, Deep Learning, Scrum, C++.","Node.js, React, Deep Learning, Scrum, C++",B.Tech,3,Job_482,Backend Developer,"SQL, C++, Project Management, Scrum",0.42,Rejected
Candidate_898,"Experienced professional skilled in Agile, Node.js, Communication, Scrum.","Agile, Node.js, Communication, Scrum",B.Tech,3,Job_331,Project Manager,"Project Management, Agile, SQL, Scrum",0.42,Rejected
Candidate_366,"Experienced professional skilled in Leadership, Scrum, C++.","Leadership, Scrum, C++",MBA,2,Job_399,Software Engineer,"Machine Learning, Agile, Leadership, Project Management, Python",0.2,Rejected
Candidate_35,"Experienced professional skilled in Leadership, Scrum, Deep Learning, Project Management.","Leadership, Scrum, Deep Learning, Project Management",MBA,3,Job_125,Machine Learning Engineer,"Machine Learning, Communication, SQL, Scrum",0.27,Rejected
Candidate_209,"Experienced professional skilled in Deep Learning, Python, SQL.","Deep Learning, Python, SQL",M.Tech,2,Job_257,Frontend Developer,"Machine Learning, SQL, Java",0.28,Rejected
Candidate_512,"Experienced professional skilled in Agile, Node.js, Communication, C++, Deep Learning, Machine Learning.","Agile, Node.js, Communication, C++, Deep Learning, Machine Learning",MBA,9,Job_83,Data Scientist,"Node.js, Deep Learning, Agile, Leadership",0.81,Hired
Candidate_18,"Experienced professional skilled in C++, Project Management, SQL, Java, Python.","C++, Project Management, SQL, Java, Python",M.Tech,5,Job_183,Backend Developer,"React, Communication, Leadership",0.2,Rejected
Candidate_609,"Experienced professional skilled in Agile, Scrum, Communication, Deep Learning.","Agile, Scrum, Communication, Deep Learning",B.Tech,10,Job_355,Backend Developer,"Machine Learning, React, SQL, Scrum, Node.js",0.52,Shortlisted
Candidate_975,"Experienced professional skilled in SQL, Communication, Java.","SQL, Communication, Java",M.Tech,4,Job_431,Frontend Developer,"Deep Learning, Project Management",0.16,Rejected
Candidate_475,"Experienced professional skilled in Leadership, Python, Project Management.","Leadership, Python, Project Management",B.Sc,7,Job_123,Project Manager,"Leadership, C++, React",0.48,Rejected
Candidate_642,"Experienced professional skilled in Machine Learning, Node.js, C++, Leadership.","Machine Learning, Node.js, C++, Leadership",B.Sc,9,Job_112,Backend Developer,"C++, Communication",0.66,Shortlisted
Candidate_411,"Experienced professional skilled in Deep Learning, Node.js, Project Management, Agile, C++.","Deep Learning, Node.js, Project Management, Agile, C++",M.Tech,8,Job_368,Machine Learning Engineer,"Java, SQL, Deep Learning, React",0.47,Rejected
Candidate_923,"Experienced professional skilled in Communication, C++, Scrum, Leadership, Python.","Communication, C++, Scrum, Leadership, Python",MBA,1,Job_387,Project Manager,"Java, Node.js",0.04,Rejected
Candidate_198,"Experienced professional skilled in Leadership, Java, Machine Learning, Communication.","Leadership, Java, Machine Learning, Communication",M.Sc,1,Job_152,Project Manager,"SQL, Agile, Java, C++",0.19,Rejected
Candidate_20,"Experienced professional skilled in Communication, Project Management, Deep Learning.","Communication, Project Management, Deep Learning",MBA,13,Job_167,Machine Learning Engineer,"React, C++, Leadership",0.4,Rejected
Candidate_727,"Experienced professional skilled in Deep Learning, Communication, Machine Learning, Node.js, React.","Deep Learning, Communication, Machine Learning, Node.js, React",B.Tech,11,Job_57,Machine Learning Engineer,"Python, Scrum, Node.js, Machine Learning",0.7,Shortlisted
Candidate_377,"Experienced professional skilled in Node.js, Communication, React, Deep Learning, Python, Project Management.","Node.js, Communication, React, Deep Learning, Python, Project Management",B.Tech,1,Job_434,Software Engineer,"Deep Learning, Leadership, Project Management",0.44,Rejected
Candidate_974,"Experienced professional skilled in Leadership, Java, Scrum, Python, Project Management, Communication.","Leadership, Java, Scrum, Python, Project Management, Communication",B.Sc,14,Job_237,Frontend Developer,"Project Management, Agile, C++",0.6,Shortlisted
Candidate_758,"Experienced professional skilled in Deep Learning, React, SQL.","Deep Learning, React, SQL",MBA,6,Job_360,Project Manager,"Scrum, Project Management, Java",0.24,Rejected
Candidate_440,"Experienced professional skilled in Deep Learning, Machine Learning, Leadership, React, Agile, Java.","Deep Learning, Machine Learning, Leadership, React, Agile, Java",M.Tech,13,Job_415,Software Engineer,"Leadership, Scrum, Deep Learning",0.8,Hired
Candidate_614,"Experienced professional skilled in React, Agile, Python, Deep Learning, Communication, SQL.","React, Agile, Python, Deep Learning, Communication, SQL",B.Tech,2,Job_270,Backend Developer,"Python, Java, Project Management, SQL",0.38,Rejected
Candidate_559,"Experienced professional skilled in C++, Leadership, Deep Learning, React.","C++, Leadership, Deep Learning, React",MBA,1,Job_452,Project Manager,"React, Scrum, Communication, Agile, Python",0.16,Rejected
Candidate_151,"Experienced professional skilled in Leadership, SQL, Java, Project Management, Python.","Leadership, SQL, Java, Project Management, Python",M.Tech,15,Job_124,Software Engineer,"Java, Leadership, Scrum, SQL",0.85,Hired
Candidate_155,"Experienced professional skilled in Machine Learning, Communication, Project Management, SQL, Java, Scrum.","Machine Learning, Communication, Project Management, SQL, Java, Scrum",MBA,15,Job_196,Project Manager,"Node.js, Deep Learning, Project Management, Agile, SQL",0.64,Shortlisted
Candidate_638,"Experienced professional skilled in Python, Communication, Agile, Machine Learning, Project Management, Java.","Python, Communication, Agile, Machine Learning, Project Management, Java",B.Tech,6,Job_413,Project Manager,"React, Machine Learning, Leadership",0.44,Rejected
Candidate_207,"Experienced professional skilled in Scrum, Machine Learning, Project Management.","Scrum, Machine Learning, Project Management",MBA,8,Job_248,Data Scientist,"Java, Python, Leadership, Communication, Machine Learning",0.44,Rejected
Candidate_204,"Experienced professional skilled in Scrum, Python, C++.","Scrum, Python, C++",B.Tech,5,Job_371,Data Scientist,"Agile, Leadership, C++, Communication",0.35,Rejected
Candidate_138,"Experienced professional skilled in Python, C++, React, Scrum.","Python, C++, React, Scrum",MBA,8,Job_102,Project Manager,"Communication, Node.js",0.32,Rejected
Candidate_37,"Experienced professional skilled in SQL, Scrum, Agile, React, Leadership, Communication.","SQL, Scrum, Agile, React, Leadership, Communication",B.Sc,2,Job_494,Backend Developer,"Project Management, C++",0.08,Rejected
Candidate_36,"Experienced professional skilled in Deep Learning, React, Scrum, Agile.","Deep Learning, React, Scrum, Agile",B.Sc,11,Job_369,Frontend Developer,"C++, Machine Learning, SQL, Agile",0.55,Shortlisted
Candidate_560,"Experienced professional skilled in Project Management, SQL, Node.js, Java.","Project Management, SQL, Node.js, Java",B.Sc,9,Job_28,Machine Learning Engineer,"Machine Learning, C++, Python, Deep Learning",0.36,Rejected
Candidate_299,"Experienced professional skilled in Agile, Scrum, Communication, Project Management.","Agile, Scrum, Communication, Project Management",M.Tech,14,Job_3,Data Scientist,"React, Leadership, Java, Node.js, Communication",0.52,Shortlisted
Candidate_418,"Experienced professional skilled in Python, Project Management, Java, Scrum, React.","Python, Project Management, Java, Scrum, React",M.Tech,3,Job_28,Frontend Developer,"Scrum, C++, Leadership, Agile",0.27,Rejected
Candidate_33,"Experienced professional skilled in C++, Node.js, Agile, Java.","C++, Node.js, Agile, Java",B.Sc,4,Job_164,Project Manager,"React, Node.js, C++",0.56,Shortlisted
Candidate_628,"Experienced professional skilled in Agile, Machine Learning, C++, Deep Learning.","Agile, Machine Learning, C++, Deep Learning",B.Sc,7,Job_481,Project Manager,"Java, Project Management, SQL, Python",0.28,Rejected
Candidate_419,"Experienced professional skilled in Communication, SQL, Project Management, Node.js.","Communication, SQL, Project Management, Node.js",B.Tech,13,Job_445,Software Engineer,"React, Communication, Python, Agile, Leadership",0.52,Shortlisted
Candidate_255,"Experienced professional skilled in Project Management, Scrum, Java, Communication, Leadership.","Project Management, Scrum, Java, Communication, Leadership",MBA,9,Job_312,Data Scientist,"C++, Project Management, Python",0.56,Shortlisted
Candidate_648,"Experienced professional skilled in Scrum, Deep Learning, Leadership, Node.js.","Scrum, Deep Learning, Leadership, Node.js",B.Tech,3,Job_418,Machine Learning Engineer,"Python, Agile, Project Management",0.12,Rejected
Candidate_522,"Experienced professional skilled in SQL, Communication, Scrum, C++, Python.","SQL, Communication, Scrum, C++, Python",MBA,8,Job_331,Project Manager,"Scrum, SQL, Node.js",0.72,Shortlisted
Candidate_684,"Experienced professional skilled in Project Management, Machine Learning, Deep Learning, SQL, Java.","Project Management, Machine Learning, Deep Learning, SQL, Java",M.Tech,1,Job_482,Machine Learning Engineer,"Project Management, Node.js",0.34,Rejected
Candidate_422,"Experienced professional skilled in C++, Node.js, Java.","C++, Node.js, Java",MBA,1,Job_260,Frontend Developer,"Deep Learning, Scrum, Communication, Node.js, Python",0.16,Rejected
Candidate_207,"Experienced professional skilled in Agile, Leadership, SQL, Python.","Agile, Leadership, SQL, Python",B.Sc,14,Job_390,Project Manager,"SQL, React",0.7,Shortlisted
Candidate_402,"Experienced professional skilled in Project Management, Communication, Scrum, Leadership, Java.","Project Management, Communication, Scrum, Leadership, Java",B.Tech,8,Job_189,Software Engineer,"Deep Learning, Scrum, SQL, Project Management, Communication",0.68,Shortlisted
Candidate_342,"Experienced professional skilled in Communication, SQL, Machine Learning, C++.","Communication, SQL, Machine Learning, C++",B.Tech,9,Job_31,Frontend Developer,"Python, SQL",0.66,Shortlisted
Candidate_563,"Experienced professional skilled in Java, Communication, Machine Learning, SQL, Node.js.","Java, Communication, Machine Learning, SQL, Node.js",B.Sc,1,Job_385,Data Scientist,"C++, Leadership, Java, Project Management",0.19,Rejected
Candidate_841,"Experienced professional skilled in Project Management, SQL, React, C++, Scrum, Deep Learning.","Project Management, SQL, React, C++, Scrum, Deep Learning",M.Sc,15,Job_494,Backend Developer,"Machine Learning, Leadership, SQL",0.6,Shortlisted
Candidate_170,"Experienced professional skilled in Agile, Java, Machine Learning.","Agile, Java, Machine Learning",MBA,1,Job_411,Software Engineer,"Deep Learning, Communication",0.04,Rejected
Candidate_614,"Experienced professional skilled in Deep Learning, Communication, React.","Deep Learning, Communication, React",M.Tech,13,Job_367,Software Engineer,"Java, Project Management, Python, Agile",0.4,Rejected
Candidate_458,"Experienced professional skilled in Scrum, Machine Learning, Java.","Scrum, Machine Learning, Java",M.Sc,9,Job_135,Backend Developer,"Leadership, C++, Java",0.56,Shortlisted
Candidate_212,"Experienced professional skilled in C++, React, Project Management, SQL.","C++, React, Project Management, SQL",M.Tech,1,Job_427,Software Engineer,"Machine Learning, Java, Agile",0.04,Rejected
Candidate_554,"Experienced professional skilled in Project Management, Python, C++, Java.","Project Management, Python, C++, Java",B.Sc,12,Job_8,Data Scientist,"C++, Project Management, Java, Communication",0.85,Hired
Candidate_2,"Experienced professional skilled in Deep Learning, Java, Python, Node.js.","Deep Learning, Java, Python, Node.js",M.Sc,10,Job_249,Machine Learning Engineer,"Deep Learning, Java, Communication, Python, C++",0.76,Hired
Candidate_195,"Experienced professional skilled in Java, Leadership, Node.js.","Java, Leadership, Node.js",M.Tech,12,Job_52,Backend Developer,"Node.js, Agile, C++, Project Management, Scrum",0.52,Shortlisted
Candidate_658,"Experienced professional skilled in Java, Node.js, Leadership, Communication.","Java, Node.js, Leadership, Communication",M.Sc,7,Job_215,Project Manager,"Leadership, Communication, Node.js",0.88,Hired
Candidate_172,"Experienced professional skilled in Deep Learning, Project Management, Machine Learning, Python, React, Java.","Deep Learning, Project Management, Machine Learning, Python, React, Java",M.Tech,3,Job_372,Backend Developer,"React, SQL, Node.js",0.32,Rejected
Candidate_15,"Experienced professional skilled in C++, Scrum, Project Management, Machine Learning.","C++, Scrum, Project Management, Machine Learning",B.Sc,4,Job_24,Machine Learning Engineer,"Project Management, Machine Learning, Python, Node.js, Leadership",0.4,Rejected
Candidate_877,"Experienced professional skilled in Python, Project Management, Agile, Leadership, Communication, C++.","Python, Project Management, Agile, Leadership, Communication, C++",MBA,3,Job_194,Machine Learning Engineer,"Leadership, Node.js, C++, Machine Learning, SQL",0.36,Rejected
Candidate_713,"Experienced professional skilled in C++, Agile, Machine Learning, Project Management.","C++, Agile, Machine Learning, Project Management",M.Sc,7,Job_127,Project Manager,"Project Management, Machine Learning, SQL",0.68,Shortlisted
Candidate_179,"Experienced professional skilled in SQL, Node.js, React, C++, Machine Learning, Deep Learning.","SQL, Node.js, React, C++, Machine Learning, Deep Learning",MBA,15,Job_150,Backend Developer,"Communication, Node.js, C++",0.8,Hired
Candidate_172,"Experienced professional skilled in Scrum, React, Communication, C++, Python, Deep Learning.","Scrum, React, Communication, C++, Python, Deep Learning",MBA,2,Job_470,Frontend Developer,"Communication, Machine Learning",0.38,Rejected
Candidate_838,"Experienced professional skilled in Agile, Python, Deep Learning, Scrum, C++.","Agile, Python, Deep Learning, Scrum, C++",B.Sc,10,Job_292,Data Scientist,"Leadership, SQL, Agile, React, Deep Learning",0.64,Shortlisted
Candidate_361,"Experienced professional skilled in Communication, Deep Learning, SQL, Scrum, Java.","Communication, Deep Learning, SQL, Scrum, Java",M.Sc,15,Job_480,Machine Learning Engineer,"Machine Learning, React, C++, SQL, Java",0.64,Shortlisted
Candidate_628,"Experienced professional skilled in React, Machine Learning, SQL, Python.","React, Machine Learning, SQL, Python",MBA,14,Job_91,Frontend Developer,"Project Management, Scrum, Node.js, Leadership",0.4,Rejected
Candidate_871,"Experienced professional skilled in Communication, React, Node.js, Scrum.","Communication, React, Node.js, Scrum",M.Sc,7,Job_54,Data Scientist,"C++, Agile, Leadership, Python, Machine Learning",0.28,Rejected
Candidate_981,"Experienced professional skilled in Project Management, Node.js, SQL, Machine Learning.","Project Management, Node.js, SQL, Machine Learning",M.Sc,13,Job_17,Backend Developer,"SQL, Deep Learning, Node.js, Project Management",0.85,Hired
Candidate_161,"Experienced professional skilled in Leadership, Communication, React, Node.js.","Leadership, Communication, React, Node.js",B.Sc,10,Job_210,Project Manager,"Agile, Project Management",0.4,Rejected
Candidate_579,"Experienced professional skilled in Machine Learning, Leadership, Project Management, C++, Node.js, Deep Learning.","Machine Learning, Leadership, Project Management, C++, Node.js, Deep Learning",M.Tech,5,Job_147,Frontend Developer,"SQL, Python, Java, Leadership",0.35,Rejected
Candidate_836,"Experienced professional skilled in React, Deep Learning, Java, Python, Agile, Scrum.","React, Deep Learning, Java, Python, Agile, Scrum",B.Sc,15,Job_102,Data Scientist,"Java, Communication",0.7,Shortlisted
Candidate_513,"Experienced professional skilled in C++, Machine Learning, Leadership, Node.js.","C++, Machine Learning, Leadership, Node.js",B.Sc,1,Job_19,Data Scientist,"Node.js, Scrum, SQL, Communication, Project Management",0.16,Rejected
Candidate_351,"Experienced professional skilled in Python, C++, Scrum, Leadership, Deep Learning.","Python, C++, Scrum, Leadership, Deep Learning",MBA,6,Job_415,Data Scientist,"Agile, SQL, Python",0.44,Rejected
Candidate_725,"Experienced professional skilled in Communication, C++, Agile, SQL, React.","Communication, C++, Agile, SQL, React",MBA,7,Job_277,Software Engineer,"Scrum, Node.js",0.28,Rejected
Candidate_908,"Experienced professional skilled in Machine Learning, Agile, C++, React, Scrum, Leadership.","Machine Learning, Agile, C++, React, Scrum, Leadership",M.Sc,5,Job_151,Software Engineer,"Agile, Node.js, Java, Leadership",0.5,Shortlisted
Candidate_26,"Experienced professional skilled in Leadership, Node.js, SQL.","Leadership, Node.js, SQL",M.Sc,7,Job_388,Software Engineer,"Node.js, Deep Learning, Project Management, Agile, Java",0.4,Rejected
Candidate_553,"Experienced professional skilled in Scrum, React, Communication, Java, SQL.","Scrum, React, Communication, Java, SQL",B.Sc,7,Job_47,Data Scientist,"Leadership, Agile, Scrum",0.48,Rejected
Candidate_427,"Experienced professional skilled in Python, Java, Leadership.","Python, Java, Leadership",B.Sc,2,Job_425,Machine Learning Engineer,"React, Project Management",0.08,Rejected
Candidate_472,"Experienced professional skilled in Agile, Communication, React, Machine Learning, Deep Learning, SQL.","Agile, Communication, React, Machine Learning, Deep Learning, SQL",M.Tech,14,Job_398,Frontend Developer,"Deep Learning, Agile, Scrum, Node.js, C++",0.64,Shortlisted
Candidate_509,"Experienced professional skilled in C++, Machine Learning, React.","C++, Machine Learning, React",MBA,11,Job_330,Software Engineer,"Machine Learning, React, Agile",0.8,Hired
Candidate_736,"Experienced professional skilled in Scrum, Project Management, Leadership, Deep Learning, Communication.","Scrum, Project Management, Leadership, Deep Learning, Communication",MBA,15,Job_233,Project Manager,"Scrum, Deep Learning, Leadership",1.0,Hired
Candidate_830,"Experienced professional skilled in Python, Deep Learning, Machine Learning, React.","Python, Deep Learning, Machine Learning, React",MBA,10,Job_310,Software Engineer,"Deep Learning, React, Project Management",0.8,Hired
Candidate_548,"Experienced professional skilled in Communication, Deep Learning, React.","Communication, Deep Learning, React",M.Tech,10,Job_133,Machine Learning Engineer,"Leadership, C++, Deep Learning, Scrum",0.55,Shortlisted
Candidate_680,"Experienced professional skilled in Java, React, Leadership, Deep Learning, Machine Learning.","Java, React, Leadership, Deep Learning, Machine Learning",B.Sc,10,Job_51,Frontend Developer,"Java, Deep Learning, Node.js",0.8,Hired
Candidate_940,"Experienced professional skilled in Machine Learning, React, Leadership, Communication.","Machine Learning, React, Leadership, Communication",M.Sc,2,Job_228,Data Scientist,"C++, React, Deep Learning, Leadership",0.38,Rejected
Candidate_12,"Experienced professional skilled in Leadership, Communication, Python.","Leadership, Communication, Python",MBA,7,Job_224,Data Scientist,"Communication, Python",0.88,Hired
Candidate_298,"Experienced professional skilled in SQL, Communication, Scrum.","SQL, Communication, Scrum",B.Tech,3,Job_65,Software Engineer,"Communication, Node.js",0.42,Rejected
Candidate_595,"Experienced professional skilled in Machine Learning, Agile, SQL, Scrum.","Machine Learning, Agile, SQL, Scrum",B.Tech,2,Job_203,Backend Developer,"Agile, Scrum, Node.js, Deep Learning, React",0.32,Rejected
Candidate_471,"Experienced professional skilled in Leadership, React, Deep Learning.","Leadership, React, Deep Learning",M.Sc,10,Job_230,Frontend Developer,"Java, SQL, Communication",0.4,Rejected
Candidate_986,"Experienced professional skilled in Node.js, Machine Learning, Project Management.","Node.js, Machine Learning, Project Management",B.Sc,14,Job_432,Project Manager,"Java, Scrum, Node.js, Leadership",0.55,Shortlisted
Candidate_750,"Experienced professional skilled in SQL, Deep Learning, Agile.","SQL, Deep Learning, Agile",MBA,8,Job_425,Machine Learning Engineer,"Python, Machine Learning, React",0.32,Rejected
Candidate_542,"Experienced professional skilled in React, Agile, Deep Learning, Scrum, C++, Java.","React, Agile, Deep Learning, Scrum, C++, Java",M.Sc,5,Job_264,Software Engineer,"Agile, Scrum, Machine Learning, Project Management",0.5,Shortlisted
Candidate_289,"Experienced professional skilled in Scrum, C++, Python, Machine Learning, Project Management, Deep Learning.","Scrum, C++, Python, Machine Learning, Project Management, Deep Learning",M.Tech,5,Job_312,Data Scientist,"React, C++, SQL",0.4,Rejected
Candidate_969,"Experienced professional skilled in Scrum, Python, React, Machine Learning.","Scrum, Python, React, Machine Learning",MBA,5,Job_182,Frontend Developer,"Deep Learning, Node.js",0.2,Rejected
Candidate_190,"Experienced professional skilled in Scrum, Node.js, Leadership, Communication.","Scrum, Node.js, Leadership, Communication",B.Tech,10,Job_281,Software Engineer,"Node.js, SQL, Leadership, Project Management, Agile",0.64,Shortlisted
Candidate_918,"Experienced professional skilled in C++, React, Agile, Python, Leadership, Node.js.","C++, React, Agile, Python, Leadership, Node.js",B.Tech,3,Job_51,Project Manager,"Java, Project Management, Python, Agile, Communication",0.36,Rejected
Candidate_757,"Experienced professional skilled in SQL, Deep Learning, Java, React, Scrum.","SQL, Deep Learning, Java, React, Scrum",M.Tech,9,Job_366,Frontend Developer,"Python, Java",0.66,Shortlisted
Candidate_887,"Experienced professional skilled in Project Management, Leadership, Node.js, C++, Communication.","Project Management, Leadership, Node.js, C++, Communication",M.Tech,4,Job_189,Backend Developer,"Java, Agile, SQL, Communication",0.31,Rejected
Candidate_760,"Experienced professional skilled in Leadership, C++, Scrum, React, Machine Learning, Node.js.","Leadership, C++, Scrum, React, Machine Learning, Node.js",B.Sc,11,Job_11,Data Scientist,"Communication, Agile, Deep Learning, SQL, React",0.52,Shortlisted
Candidate_472,"Experienced professional skilled in SQL, Scrum, C++.","SQL, Scrum, C++",B.Tech,6,Job_231,Project Manager,"Communication, React, SQL",0.44,Rejected
Candidate_577,"Experienced professional skilled in SQL, Project Management, Scrum, C++.","SQL, Project Management, Scrum, C++",MBA,6,Job_101,Software Engineer,"Java, SQL, Deep Learning, Project Management, C++",0.6,Shortlisted
Candidate_807,"Experienced professional skilled in SQL, Node.js, Java, Scrum, Python.","SQL, Node.js, Java, Scrum, Python",MBA,4,Job_403,Data Scientist,"Project Management, Machine Learning, Python",0.36,Rejected
Candidate_360,"Experienced professional skilled in Python, Leadership, Java, Scrum.","Python, Leadership, Java, Scrum",B.Sc,8,Job_242,Data Scientist,"Deep Learning, React, Java, Communication",0.47,Rejected
Candidate_450,"Experienced professional skilled in Node.js, Machine Learning, Leadership.","Node.js, Machine Learning, Leadership",M.Tech,14,Job_428,Frontend Developer,"Java, SQL",0.4,Rejected
Candidate_529,"Experienced professional skilled in Leadership, Node.js, SQL, React, Machine Learning.","Leadership, Node.js, SQL, React, Machine Learning",B.Tech,11,Job_354,Project Manager,"C++, Leadership, Communication, Python, Node.js",0.64,Shortlisted
Candidate_502,"Experienced professional skilled in Java, SQL, Scrum, C++, Leadership.","Java, SQL, Scrum, C++, Leadership",M.Sc,13,Job_467,Project Manager,"SQL, Python, Leadership, Project Management, Node.js",0.64,Shortlisted
Candidate_697,"Experienced professional skilled in Project Management, Node.js, Scrum, Java, Agile.","Project Management, Node.js, Scrum, Java, Agile",M.Sc,8,Job_260,Project Manager,"Leadership, Node.js, C++",0.52,Shortlisted
Candidate_85,"Experienced professional skilled in SQL, Deep Learning, Machine Learning, Communication, Node.js, Project Management.","SQL, Deep Learning, Machine Learning, Communication, Node.js, Project Management",MBA,10,Job_44,Machine Learning Engineer,"Scrum, Machine Learning",0.7,Shortlisted
Candidate_942,"Experienced professional skilled in Machine Learning, Scrum, SQL, Python.","Machine Learning, Scrum, SQL, Python",B.Sc,12,Job_157,Frontend Developer,"C++, Deep Learning",0.4,Rejected
Candidate_659,"Experienced professional skilled in Scrum, SQL, Java, Machine Learning, Node.js, Agile.","Scrum, SQL, Java, Machine Learning, Node.js, Agile",B.Tech,14,Job_371,Backend Developer,"Communication, SQL, React, Node.js",0.7,Shortlisted
Candidate_747,"Experienced professional skilled in Deep Learning, SQL, Scrum, Machine Learning, React.","Deep Learning, SQL, Scrum, Machine Learning, React",B.Tech,4,Job_57,Frontend Developer,"C++, Leadership, Node.js, Python",0.16,Rejected
Candidate_291,"Experienced professional skilled in Scrum, React, Agile.","Scrum, React, Agile",M.Sc,9,Job_78,Project Manager,"Communication, Project Management, C++, React",0.51,Shortlisted
Candidate_210,"Experienced professional skilled in Agile, Python, Communication, Deep Learning, Scrum.","Agile, Python, Communication, Deep Learning, Scrum",B.Tech,3,Job_371,Software Engineer,"SQL, Machine Learning",0.12,Rejected
Candidate_453,"Experienced professional skilled in Deep Learning, Communication, SQL, Agile, Leadership, Project Management.","Deep Learning, Communication, SQL, Agile, Leadership, Project Management",M.Sc,4,Job_8,Data Scientist,"C++, Machine Learning, Project Management, Deep Learning, Communication",0.52,Shortlisted
Candidate_992,"Experienced professional skilled in Python, Agile, Java.","Python, Agile, Java",M.Tech,13,Job_372,Machine Learning Engineer,"Communication, Python, Leadership",0.6,Shortlisted
Candidate_258,"Experienced professional skilled in Project Management, SQL, Communication, Agile, Deep Learning.","Project Management, SQL, Communication, Agile, Deep Learning",B.Sc,12,Job_143,Backend Developer,"Project Management, Deep Learning, Leadership, Machine Learning",0.7,Shortlisted
Candidate_221,"Experienced professional skilled in Scrum, Leadership, SQL, Project Management, Node.js, React.","Scrum, Leadership, SQL, Project Management, Node.js, React",B.Sc,4,Job_493,Data Scientist,"Python, Deep Learning, React, Communication, Machine Learning",0.28,Rejected
Candidate_739,"Experienced professional skilled in Leadership, Project Management, React, Scrum.","Leadership, Project Management, React, Scrum",B.Tech,13,Job_186,Frontend Developer,"Communication, Leadership, Machine Learning, Scrum",0.7,Shortlisted
Candidate_78,"Experienced professional skilled in React, Project Management, Node.js.","React, Project Management, Node.js",B.Sc,3,Job_344,Machine Learning Engineer,"C++, Communication, Python",0.12,Rejected
Candidate_211,"Experienced professional skilled in Node.js, React, Machine Learning, Deep Learning.","Node.js, React, Machine Learning, Deep Learning",MBA,12,Job_13,Data Scientist,"Machine Learning, Communication, C++, Scrum, React",0.64,Shortlisted
Candidate_266,"Experienced professional skilled in React, Agile, Communication, Machine Learning, Leadership, Scrum.","React, Agile, Communication, Machine Learning, Leadership, Scrum",M.Sc,1,Job_231,Software Engineer,"Java, Communication, Scrum, Project Management",0.34,Rejected
Candidate_151,"Experienced professional skilled in React, Project Management, Python.","React, Project Management, Python",B.Tech,3,Job_206,Data Scientist,"Agile, SQL, Scrum",0.12,Rejected
Candidate_177,"Experienced professional skilled in Scrum, React, Java.","Scrum, React, Java",M.Sc,11,Job_457,Machine Learning Engineer,"Leadership, Python, React, Machine Learning, C++",0.52,Shortlisted
Candidate_568,"Experienced professional skilled in Deep Learning, C++, Leadership, Communication, Node.js, Machine Learning.","Deep Learning, C++, Leadership, Communication, Node.js, Machine Learning",MBA,1,Job_56,Machine Learning Engineer,"SQL, Deep Learning, Project Management",0.24,Rejected
Candidate_440,"Experienced professional skilled in Communication, Java, Agile, Leadership, Deep Learning.","Communication, Java, Agile, Leadership, Deep Learning",B.Tech,13,Job_180,Data Scientist,"Deep Learning, SQL, Node.js, C++",0.55,Shortlisted
Candidate_167,"Experienced professional skilled in Scrum, Node.js, Deep Learning.","Scrum, Node.js, Deep Learning",B.Sc,9,Job_3,Software Engineer,"React, C++",0.36,Rejected
Candidate_913,"Experienced professional skilled in Project Management, Python, Agile.","Project Management, Python, Agile",B.Tech,6,Job_396,Data Scientist,"Machine Learning, SQL, Node.js, Agile",0.39,Rejected
Candidate_133,"Experienced professional skilled in Project Management, Node.js, Machine Learning, Communication.","Project Management, Node.js, Machine Learning, Communication",M.Tech,3,Job_452,Project Manager,"SQL, Machine Learning, Node.js",0.52,Shortlisted
Candidate_458,"Experienced professional skilled in SQL, Communication, Machine Learning, C++, React, Scrum.","SQL, Communication, Machine Learning, C++, React, Scrum",B.Tech,15,Job_398,Machine Learning Engineer,"Java, Deep Learning, Scrum",0.6,Shortlisted
Candidate_38,"Experienced professional skilled in Agile, React, Leadership, Node.js, Machine Learning, Communication.","Agile, React, Leadership, Node.js, Machine Learning, Communication",B.Sc,9,Job_31,Project Manager,"Communication, React",0.96,Hired
Candidate_979,"Experienced professional skilled in Agile, React, Node.js, Machine Learning, Python.","Agile, React, Node.js, Machine Learning, Python",M.Sc,1,Job_488,Frontend Developer,"Python, Machine Learning, Java, Leadership",0.34,Rejected
Candidate_702,"Experienced professional skilled in Java, SQL, Python.","Java, SQL, Python",M.Tech,10,Job_21,Backend Developer,"SQL, Communication, C++, Project Management",0.55,Shortlisted
Candidate_806,"Experienced professional skilled in Deep Learning, Scrum, Communication, Java.","Deep Learning, Scrum, Communication, Java",B.Tech,12,Job_476,Project Manager,"Node.js, Communication",0.7,Shortlisted
Candidate_177,"Experienced professional skilled in Agile, SQL, Machine Learning, Java, Communication.","Agile, SQL, Machine Learning, Java, Communication",B.Tech,9,Job_403,Frontend Developer,"Agile, C++, Python, React",0.51,Shortlisted
Candidate_212,"Experienced professional skilled in SQL, Deep Learning, Java, Communication.","SQL, Deep Learning, Java, Communication",M.Sc,9,Job_24,Backend Developer,"Python, C++, SQL",0.56,Shortlisted
Candidate_555,"Experienced professional skilled in Machine Learning, Scrum, Node.js, Leadership, Python, React.","Machine Learning, Scrum, Node.js, Leadership, Python, React",B.Tech,9,Job_399,Frontend Developer,"Node.js, Python, C++, Scrum, Agile",0.72,Shortlisted
Candidate_251,"Experienced professional skilled in SQL, Node.js, Machine Learning, Deep Learning.","SQL, Node.js, Machine Learning, Deep Learning",M.Sc,5,Job_475,Machine Learning Engineer,"Scrum, Python, Node.js, Java, Project Management",0.32,Rejected
Candidate_503,"Experienced professional skilled in Java, SQL, Node.js, Communication, Agile, Machine Learning.","Java, SQL, Node.js, Communication, Agile, Machine Learning",B.Tech,10,Job_273,Software Engineer,"Python, Machine Learning, Leadership",0.6,Shortlisted
Candidate_332,"Experienced professional skilled in Deep Learning, Leadership, Agile, Python.","Deep Learning, Leadership, Agile, Python",M.Sc,11,Job_455,Data Scientist,"C++, React, Deep Learning, SQL, Agile",0.64,Shortlisted
Candidate_766,"Experienced professional skilled in Project Management, Machine Learning, Node.js, Leadership.","Project Management, Machine Learning, Node.js, Leadership",MBA,7,Job_70,Project Manager,"Project Management, Deep Learning, Node.js, Python, Machine Learning",0.64,Shortlisted
Candidate_773,"Experienced professional skilled in Communication, Machine Learning, Scrum, Project Management, Leadership.","Communication, Machine Learning, Scrum, Project Management, Leadership",B.Tech,12,Job_27,Data Scientist,"Agile, Python, Communication, Machine Learning",0.7,Shortlisted
Candidate_900,"Experienced professional skilled in Python, Project Management, Agile.","Python, Project Management, Agile",M.Sc,1,Job_16,Frontend Developer,"Agile, Communication, Node.js, Project Management, Java",0.28,Rejected
Candidate_231,"Experienced professional skilled in Project Management, Communication, Python, Node.js, C++.","Project Management, Communication, Python, Node.js, C++",M.Sc,8,Job_229,Data Scientist,"Agile, Leadership, Node.js, C++",0.62,Shortlisted
Candidate_154,"Experienced professional skilled in Project Management, Communication, Scrum, C++, Java, SQL.","Project Management, Communication, Scrum, C++, Java, SQL",MBA,4,Job_402,Backend Developer,"React, C++, Leadership, Machine Learning",0.31,Rejected
Candidate_330,"Experienced professional skilled in Communication, Node.js, C++, Deep Learning, SQL, Agile.","Communication, Node.js, C++, Deep Learning, SQL, Agile",B.Sc,5,Job_206,Software Engineer,"Leadership, Scrum, React, Node.js, Communication",0.44,Rejected
Candidate_501,"Experienced professional skilled in Leadership, Communication, Deep Learning, Node.js.","Leadership, Communication, Deep Learning, Node.js",B.Tech,11,Job_73,Project Manager,"SQL, Java, Agile",0.4,Rejected
Candidate_814,"Experienced professional skilled in Leadership, Machine Learning, Agile.","Leadership, Machine Learning, Agile",B.Tech,3,Job_293,Machine Learning Engineer,"Leadership, SQL, Agile, Java",0.42,Rejected
Candidate_409,"Experienced professional skilled in React, SQL, Node.js, Java, Leadership, Deep Learning.","React, SQL, Node.js, Java, Leadership, Deep Learning",M.Tech,2,Job_49,Project Manager,"Python, C++, Leadership, Node.js",0.38,Rejected
Candidate_943,"Experienced professional skilled in Java, Agile, React, Scrum, C++.","Java, Agile, React, Scrum, C++",B.Tech,2,Job_455,Data Scientist,"Project Management, Scrum",0.38,Rejected
Candidate_370,"Experienced professional skilled in C++, Agile, Java, SQL, Leadership.","C++, Agile, Java, SQL, Leadership",M.Tech,12,Job_181,Data Scientist,"C++, Project Management, React",0.6,Shortlisted
Candidate_840,"Experienced professional skilled in C++, SQL, Python, Deep Learning, Java, Agile.","C++, SQL, Python, Deep Learning, Java, Agile",M.Sc,11,Job_186,Machine Learning Engineer,"Node.js, Project Management",0.4,Rejected
Candidate_48,"Experienced professional skilled in Python, Machine Learning, Scrum, Communication, Agile.","Python, Machine Learning, Scrum, Communication, Agile",M.Sc,15,Job_433,Project Manager,"Project Management, Scrum, SQL, Leadership",0.55,Shortlisted
Candidate_393,"Experienced professional skilled in Deep Learning, SQL, Java, Machine Learning, Leadership, C++.","Deep Learning, SQL, Java, Machine Learning, Leadership, C++",MBA,8,Job_434,Machine Learning Engineer,"Scrum, Communication, Java, SQL",0.62,Shortlisted
Candidate_840,"Experienced professional skilled in C++, React, SQL, Communication.","C++, React, SQL, Communication",M.Sc,5,Job_16,Project Manager,"Project Management, Java",0.2,Rejected
Candidate_267,"Experienced professional skilled in Scrum, Java, Node.js.","Scrum, Java, Node.js",M.Tech,12,Job_472,Data Scientist,"C++, Leadership, Agile",0.4,Rejected
Candidate_530,"Experienced professional skilled in Java, C++, Project Management, Leadership, SQL.","Java, C++, Project Management, Leadership, SQL",M.Tech,9,Job_115,Frontend Developer,"Agile, Node.js, Java",0.56,Shortlisted
Candidate_402,"Experienced professional skilled in Node.js, C++, Leadership, Agile.","Node.js, C++, Leadership, Agile",M.Tech,2,Job_84,Machine Learning Engineer,"Project Management, Java, Communication",0.08,Rejected
Candidate_136,"Experienced professional skilled in Scrum, Agile, Leadership, Communication.","Scrum, Agile, Leadership, Communication",M.Sc,1,Job_213,Software Engineer,"React, Scrum",0.34,Rejected
Candidate_293,"Experienced professional skilled in Leadership, Communication, React, SQL.","Leadership, Communication, React, SQL",B.Tech,4,Job_477,Software Engineer,"Node.js, Deep Learning, Machine Learning, SQL",0.31,Rejected
Candidate_954,"Experienced professional skilled in C++, Python, Java.","C++, Python, Java",MBA,13,Job_134,Software Engineer,"Scrum, C++, Project Management, Node.js, React",0.52,Shortlisted
Candidate_476,"Experienced professional skilled in Scrum, C++, React.","Scrum, C++, React",B.Tech,9,Job_197,Project Manager,"C++, Communication, Python, SQL",0.51,Shortlisted
Candidate_35,"Experienced professional skilled in Project Management, Machine Learning, Scrum, Node.js.","Project Management, Machine Learning, Scrum, Node.js",MBA,4,Job_410,Backend Developer,"Python, Node.js, Deep Learning",0.36,Rejected
Candidate_779,"Experienced professional skilled in Machine Learning, Node.js, Deep Learning, Agile, React, C++.","Machine Learning, Node.js, Deep Learning, Agile, React, C++",M.Tech,7,Job_304,Backend Developer,"Java, Deep Learning, Scrum",0.48,Rejected
Candidate_239,"Experienced professional skilled in Machine Learning, Communication, Node.js, React, Scrum.","Machine Learning, Communication, Node.js, React, Scrum",M.Sc,2,Job_216,Backend Developer,"Python, Node.js, SQL",0.28,Rejected
Candidate_75,"Experienced professional skilled in Java, SQL, Machine Learning, Communication, Scrum, Project Management.","Java, SQL, Machine Learning, Communication, Scrum, Project Management",M.Sc,14,Job_149,Software Engineer,"Project Management, SQL",1.0,Hired
Candidate_282,"Experienced professional skilled in SQL, React, Project Management, Leadership, Scrum, Node.js.","SQL, React, Project Management, Leadership, Scrum, Node.js",M.Sc,11,Job_91,Project Manager,"Machine Learning, Java, SQL",0.6,Shortlisted
Candidate_899,"Experienced professional skilled in Leadership, Node.js, Project Management, Scrum, C++.","Leadership, Node.js, Project Management, Scrum, C++",B.Sc,7,Job_144,Frontend Developer,"Leadership, Communication, React, Scrum, Agile",0.52,Shortlisted
Candidate_99,"Experienced professional skilled in SQL, C++, Communication, Deep Learning.","SQL, C++, Communication, Deep Learning",M.Tech,11,Job_223,Data Scientist,"Machine Learning, Java, Agile",0.4,Rejected
Candidate_149,"Experienced professional skilled in Deep Learning, React, Java, Machine Learning.","Deep Learning, React, Java, Machine Learning",M.Sc,11,Job_254,Software Engineer,"C++, Project Management, React",0.6,Shortlisted
Candidate_153,"Experienced professional skilled in Communication, Node.js, Leadership, Deep Learning, Project Management.","Communication, Node.js, Leadership, Deep Learning, Project Management",MBA,14,Job_402,Frontend Developer,"Communication, React, Deep Learning, Java, Scrum",0.64,Shortlisted
Candidate_575,"Experienced professional skilled in Scrum, React, Python, C++.","Scrum, React, Python, C++",MBA,14,Job_404,Software Engineer,"Scrum, Node.js",0.7,Shortlisted
Candidate_877,"Experienced professional skilled in SQL, React, Deep Learning, Leadership.","SQL, React, Deep Learning, Leadership",M.Tech,4,Job_439,Machine Learning Engineer,"Leadership, Deep Learning, Node.js, Java, Agile",0.4,Rejected
Candidate_169,"Experienced professional skilled in Node.js, Scrum, React, Communication, SQL, Deep Learning.","Node.js, Scrum, React, Communication, SQL, Deep Learning",M.Tech,7,Job_61,Backend Developer,"SQL, Agile, Leadership",0.48,Rejected
Candidate_769,"Experienced professional skilled in Scrum, Agile, Machine Learning, SQL, React, Deep Learning.","Scrum, Agile, Machine Learning, SQL, React, Deep Learning",B.Sc,4,Job_127,Project Manager,"SQL, Deep Learning, Scrum, C++, Java",0.52,Shortlisted
Candidate_499,"Experienced professional skilled in Python, React, Project Management.","Python, React, Project Management",M.Sc,5,Job_101,Frontend Developer,"Python, Machine Learning, React, Leadership",0.5,Shortlisted
Candidate_893,"Experienced professional skilled in Java, Leadership, Node.js.","Java, Leadership, Node.js",MBA,14,Job_202,Software Engineer,"Deep Learning, Leadership",0.7,Shortlisted
Candidate_839,"Experienced professional skilled in React, Scrum, Agile.","React, Scrum, Agile",M.Tech,1,Job_397,Backend Developer,"Project Management, Leadership, Java, Machine Learning",0.04,Rejected
Candidate_66,"Experienced professional skilled in Project Management, Deep Learning, Node.js, Machine Learning, SQL.","Project Management, Deep Learning, Node.js, Machine Learning, SQL",M.Tech,11,Job_68,Machine Learning Engineer,"Communication, Deep Learning, Leadership",0.6,Shortlisted
Candidate_926,"Experienced professional skilled in Leadership, Java, Deep Learning, C++.","Leadership, Java, Deep Learning, C++",MBA,13,Job_95,Backend Developer,"Java, Node.js, Python, Deep Learning, Agile",0.64,Shortlisted
Candidate_793,"Experienced professional skilled in C++, Java, Machine Learning, Scrum.","C++, Java, Machine Learning, Scrum",M.Sc,14,Job_285,Backend Developer,"Node.js, React, Communication, Deep Learning, Python",0.4,Rejected
Candidate_850,"Experienced professional skilled in React, Machine Learning, Agile, Deep Learning.","React, Machine Learning, Agile, Deep Learning",B.Tech,13,Job_181,Backend Developer,"Leadership, Node.js, C++",0.4,Rejected
Candidate_358,"Experienced professional skilled in Machine Learning, Project Management, Communication.","Machine Learning, Project Management, Communication",B.Tech,13,Job_18,Backend Developer,"C++, Scrum, Java, Python",0.4,Rejected
Candidate_859,"Experienced professional skilled in Node.js, Java, SQL.","Node.js, Java, SQL",B.Sc,1,Job_328,Machine Learning Engineer,"Leadership, Python, Agile, React, Node.js",0.16,Rejected
Candidate_518,"Experienced professional skilled in Java, Project Management, Agile, Leadership, Python, Scrum.","Java, Project Management, Agile, Leadership, Python, Scrum",B.Tech,13,Job_50,Machine Learning Engineer,"SQL, React",0.4,Rejected
Candidate_255,"Experienced professional skilled in Machine Learning, Deep Learning, Leadership, SQL, Scrum.","Machine Learning, Deep Learning, Leadership, SQL, Scrum",M.Tech,14,Job_333,Machine Learning Engineer,"Agile, Java",0.4,Rejected
Candidate_929,"Experienced professional skilled in Agile, Leadership, React, Java, SQL, Communication.","Agile, Leadership, React, Java, SQL, Communication",M.Tech,5,Job_138,Software Engineer,"Project Management, Leadership, SQL, Scrum, Node.js",0.44,Rejected
Candidate_385,"Experienced professional skilled in React, Agile, Machine Learning, Project Management.","React, Agile, Machine Learning, Project Management",M.Sc,6,Job_94,Data Scientist,"Agile, Python, Java, Machine Learning, Leadership",0.48,Rejected
Candidate_267,"Experienced professional skilled in Java, C++, Machine Learning, Communication.","Java, C++, Machine Learning, Communication",M.Sc,13,Job_65,Machine Learning Engineer,"SQL, Scrum, Project Management, Agile, Deep Learning",0.4,Rejected
Candidate_448,"Experienced professional skilled in C++, Node.js, React, Machine Learning, Leadership, Agile.","C++, Node.js, React, Machine Learning, Leadership, Agile",B.Tech,9,Job_395,Project Manager,"Python, Java, Project Management, Scrum, Agile",0.48,Rejected
Candidate_317,"Experienced professional skilled in Deep Learning, Node.js, Machine Learning.","Deep Learning, Node.js, Machine Learning",M.Tech,6,Job_136,Machine Learning Engineer,"C++, Java, Deep Learning, SQL",0.39,Rejected
Candidate_696,"Experienced professional skilled in Java, Agile, Communication, Python, Deep Learning, Leadership.","Java, Agile, Communication, Python, Deep Learning, Leadership",M.Tech,9,Job_112,Frontend Developer,"Machine Learning, Java, Agile",0.76,Hired
Candidate_580,"Experienced professional skilled in Leadership, C++, Java, Machine Learning.","Leadership, C++, Java, Machine Learning",MBA,9,Job_299,Data Scientist,"Scrum, Python, Node.js, Java",0.51,Shortlisted
Candidate_200,"Experienced professional skilled in Deep Learning, Java, Scrum.","Deep Learning, Java, Scrum",B.Tech,13,Job_20,Software Engineer,"Project Management, Agile",0.4,Rejected
Candidate_558,"Experienced professional skilled in Python, Scrum, Communication.","Python, Scrum, Communication",M.Tech,9,Job_238,Machine Learning Engineer,"Node.js, Project Management, Deep Learning, Agile, Machine Learning",0.36,Rejected
Candidate_316,"Experienced professional skilled in SQL, Agile, Project Management.","SQL, Agile, Project Management",B.Sc,14,Job_47,Software Engineer,"Leadership, SQL, Node.js",0.6,Shortlisted
Candidate_648,"Experienced professional skilled in Node.js, Project Management, React, C++.","Node.js, Project Management, React, C++",MBA,2,Job_92,Frontend Developer,"Node.js, SQL, Scrum, Project Management",0.38,Rejected
Candidate_584,"Experienced professional skilled in Machine Learning, Node.js, Scrum, Java.","Machine Learning, Node.js, Scrum, Java",M.Sc,6,Job_88,Machine Learning Engineer,"Deep Learning, SQL, React",0.24,Rejected
Candidate_142,"Experienced professional skilled in Node.js, React, Agile, Python, Java.","Node.js, React, Agile, Python, Java",MBA,11,Job_171,Software Engineer,"React, Project Management",0.7,Shortlisted
Candidate_164,"Experienced professional skilled in Python, React, Node.js, Leadership.","Python, React, Node.js, Leadership",MBA,12,Job_367,Frontend Developer,"Node.js, Leadership, Java, React",0.85,Hired
Candidate_398,"Experienced professional skilled in Project Management, C++, Communication.","Project Management, C++, Communication",B.Tech,3,Job_3,Frontend Developer,"Node.js, Leadership",0.12,Rejected
Candidate_215,"Experienced professional skilled in Java, Machine Learning, Agile, Scrum.","Java, Machine Learning, Agile, Scrum",MBA,15,Job_250,Software Engineer,"Deep Learning, Project Management, C++",0.4,Rejected
Candidate_647,"Experienced professional skilled in Java, React, C++.","Java, React, C++",M.Tech,6,Job_456,Machine Learning Engineer,"Java, SQL, React",0.64,Shortlisted
Candidate_820,"Experienced professional skilled in Scrum, Agile, Python, SQL, Java, Communication.","Scrum, Agile, Python, SQL, Java, Communication",M.Tech,6,Job_437,Machine Learning Engineer,"Project Management, Java",0.54,Shortlisted
Candidate_252,"Experienced professional skilled in Leadership, Python, C++, Project Management, SQL.","Leadership, Python, C++, Project Management, SQL",MBA,12,Job_50,Backend Developer,"Java, Communication, Project Management, Agile, Leadership",0.64,Shortlisted
Candidate_481,"Experienced professional skilled in Java, Deep Learning, SQL, React, Agile, Scrum.","Java, Deep Learning, SQL, React, Agile, Scrum",M.Tech,4,Job_267,Data Scientist,"Node.js, Java, C++, Deep Learning, Communication",0.4,Rejected
Candidate_852,"Experienced professional skilled in Scrum, React, C++, Agile, Communication, Python.","Scrum, React, C++, Agile, Communication, Python",B.Sc,3,Job_334,Backend Developer,"React, SQL, Python, Machine Learning, Project Management",0.36,Rejected
Candidate_91,"Experienced professional skilled in Communication, Scrum, Project Management, Agile, Machine Learning, React.","Communication, Scrum, Project Management, Agile, Machine Learning, React",MBA,7,Job_494,Data Scientist,"Java, Project Management",0.58,Shortlisted
Candidate_61,"Experienced professional skilled in Agile, Java, Node.js.","Agile, Java, Node.js",MBA,15,Job_337,Backend Developer,"Deep Learning, Leadership, Java, React",0.55,Shortlisted
Candidate_134,"Experienced professional skilled in Agile, Machine Learning, Deep Learning.","Agile, Machine Learning, Deep Learning",M.Tech,14,Job_173,Data Scientist,"Project Management, Agile, Scrum, Node.js, React",0.52,Shortlisted
Candidate_141,"Experienced professional skilled in Leadership, Agile, Communication, Java.","Leadership, Agile, Communication, Java",M.Tech,15,Job_403,Backend Developer,"Deep Learning, SQL, Node.js",0.4,Rejected
Candidate_518,"Experienced professional skilled in Machine Learning, React, Communication.","Machine Learning, React, Communication",B.Tech,12,Job_282,Software Engineer,"Leadership, React",0.7,Shortlisted
Candidate_989,"Experienced professional skilled in Leadership, C++, Machine Learning, Communication.","Leadership, C++, Machine Learning, Communication",B.Tech,5,Job_258,Software Engineer,"Java, Project Management, Node.js",0.2,Rejected
Candidate_697,"Experienced professional skilled in SQL, Agile, Communication.","SQL, Agile, Communication",B.Tech,4,Job_270,Frontend Developer,"Python, Project Management, Node.js",0.16,Rejected
Candidate_28,"Experienced professional skilled in Scrum, C++, Communication, Leadership.","Scrum, C++, Communication, Leadership",M.Sc,4,Job_442,Data Scientist,"Python, Project Management",0.16,Rejected
Candidate_254,"Experienced professional skilled in Scrum, Communication, SQL, Java, Node.js.","Scrum, Communication, SQL, Java, Node.js",MBA,12,Job_198,Frontend Developer,"Agile, SQL, Python, Project Management",0.55,Shortlisted
Candidate_996,"Experienced professional skilled in SQL, C++, Communication, Deep Learning.","SQL, C++, Communication, Deep Learning",B.Tech,12,Job_15,Data Scientist,"Leadership, React",0.4,Rejected
Candidate_246,"Experienced professional skilled in Deep Learning, Agile, Python.","Deep Learning, Agile, Python",B.Tech,11,Job_249,Backend Developer,"SQL, Project Management, Node.js, React, Communication",0.4,Rejected
Candidate_81,"Experienced professional skilled in Leadership, React, Python.","Leadership, React, Python",MBA,13,Job_403,Frontend Developer,"C++, Python, Project Management, Scrum, Agile",0.52,Shortlisted
Candidate_1000,"Experienced professional skilled in Scrum, SQL, Java, C++, Project Management, Communication.","Scrum, SQL, Java, C++, Project Management, Communication",MBA,15,Job_417,Frontend Developer,"SQL, Communication, Agile, React, Python",0.64,Shortlisted
Candidate_129,"Experienced professional skilled in React, Agile, C++, Python.","React, Agile, C++, Python",M.Tech,2,Job_295,Machine Learning Engineer,"Leadership, Java, Project Management, Scrum",0.08,Rejected
Candidate_940,"Experienced professional skilled in Machine Learning, Leadership, Node.js, SQL, Project Management.","Machine Learning, Leadership, Node.js, SQL, Project Management",M.Sc,3,Job_186,Software Engineer,"Leadership, Communication, Project Management",0.52,Shortlisted
Candidate_917,"Experienced professional skilled in Scrum, Java, Communication.","Scrum, Java, Communication",B.Tech,11,Job_211,Software Engineer,"Leadership, Python, Node.js, Deep Learning, Agile",0.4,Rejected
Candidate_145,"Experienced professional skilled in C++, Python, Project Management, Scrum.","C++, Python, Project Management, Scrum",B.Tech,10,Job_384,Software Engineer,"Agile, Deep Learning, C++, SQL, Machine Learning",0.52,Shortlisted
Candidate_961,"Experienced professional skilled in Project Management, Communication, Scrum, Java, Leadership.","Project Management, Communication, Scrum, Java, Leadership",B.Tech,14,Job_338,Backend Developer,"Node.js, Machine Learning, Project Management",0.6,Shortlisted
Candidate_240,"Experienced professional skilled in Node.js, Machine Learning, C++, Scrum, Deep Learning.","Node.js, Machine Learning, C++, Scrum, Deep Learning",MBA,3,Job_310,Machine Learning Engineer,"Deep Learning, Leadership, Project Management, Machine Learning, Python",0.36,Rejected
Candidate_477,"Experienced professional skilled in Deep Learning, Leadership, C++, SQL.","Deep Learning, Leadership, C++, SQL",M.Tech,2,Job_375,Project Manager,"Communication, Leadership, React, Python",0.23,Rejected
Candidate_786,"Experienced professional skilled in Java, Node.js, Machine Learning, Communication, C++, Deep Learning.","Java, Node.js, Machine Learning, Communication, C++, Deep Learning",B.Tech,11,Job_236,Machine Learning Engineer,"Machine Learning, Scrum, Java, Python",0.7,Shortlisted
Candidate_645,"Experienced professional skilled in Deep Learning, Agile, Python.","Deep Learning, Agile, Python",M.Tech,5,Job_241,Data Scientist,"Java, React, Python, Communication, Leadership",0.32,Rejected
Candidate_651,"Experienced professional skilled in SQL, Java, Project Management.","SQL, Java, Project Management",M.Sc,4,Job_93,Backend Developer,"C++, Deep Learning, Agile",0.16,Rejected
Candidate_432,"Experienced professional skilled in Java, Communication, Project Management, Python, Deep Learning, Scrum.","Java, Communication, Project Management, Python, Deep Learning, Scrum",M.Tech,2,Job_317,Data Scientist,"Node.js, Java, Deep Learning, Communication, SQL",0.44,Rejected
Candidate_921,"Experienced professional skilled in Java, Node.js, Project Management, Scrum, SQL.","Java, Node.js, Project Management, Scrum, SQL",MBA,5,Job_298,Machine Learning Engineer,"Python, Java, Agile, Deep Learning",0.35,Rejected
Candidate_375,"Experienced professional skilled in C++, Deep Learning, Machine Learning, SQL, Java, Communication.","C++, Deep Learning, Machine Learning, SQL, Java, Communication",B.Sc,7,Job_483,Machine Learning Engineer,"SQL, Communication, Leadership",0.68,Shortlisted
Candidate_308,"Experienced professional skilled in Scrum, SQL, Python, Communication, Node.js, Deep Learning.","Scrum, SQL, Python, Communication, Node.js, Deep Learning",MBA,10,Job_397,Frontend Developer,"Node.js, Java, Python, Agile, SQL",0.76,Hired
Candidate_961,"Experienced professional skilled in Machine Learning, Scrum, Java, Project Management, Leadership.","Machine Learning, Scrum, Java, Project Management, Leadership",MBA,6,Job_407,Backend Developer,"Python, Deep Learning, C++, SQL, Agile",0.24,Rejected
Candidate_741,"Experienced professional skilled in Deep Learning, Java, Leadership, C++, Communication.","Deep Learning, Java, Leadership, C++, Communication",B.Sc,9,Job_435,Backend Developer,"Deep Learning, Java, Communication, Python, Agile",0.72,Shortlisted
Candidate_706,"Experienced professional skilled in SQL, Scrum, Python, Project Management.","SQL, Scrum, Python, Project Management",B.Sc,1,Job_161,Frontend Developer,"Machine Learning, Communication, Java, Node.js",0.04,Rejected
Candidate_299,"Experienced professional skilled in Machine Learning, Node.js, C++.","Machine Learning, Node.js, C++",M.Sc,7,Job_431,Backend Developer,"Java, Leadership, C++, Communication",0.43,Rejected
Candidate_280,"Experienced professional skilled in Project Management, Leadership, Python, Agile, Java, Deep Learning.","Project Management, Leadership, Python, Agile, Java, Deep Learning",MBA,4,Job_400,Backend Developer,"Node.js, Machine Learning, React, Communication",0.16,Rejected
Candidate_473,"Experienced professional skilled in Project Management, Communication, Scrum, SQL, Agile, Leadership.","Project Management, Communication, Scrum, SQL, Agile, Leadership",M.Sc,5,Job_15,Data Scientist,"React, Machine Learning, C++, Node.js, Scrum",0.32,Rejected
Candidate_48,"Experienced professional skilled in Agile, SQL, C++.","Agile, SQL, C++",B.Sc,10,Job_130,Software Engineer,"Scrum, Java, Machine Learning",0.4,Rejected
Candidate_963,"Experienced professional skilled in Scrum, React, Machine Learning, Project Management, Communication.","Scrum, React, Machine Learning, Project Management, Communication",B.Tech,12,Job_216,Software Engineer,"Java, Node.js, Communication, React, Project Management",0.76,Hired
Candidate_475,"Experienced professional skilled in C++, Node.js, Agile, Java.","C++, Node.js, Agile, Java",M.Tech,9,Job_23,Backend Developer,"Leadership, Deep Learning, Java, Node.js",0.66,Shortlisted
Candidate_144,"Experienced professional skilled in React, Project Management, Agile, Node.js, Scrum.","React, Project Management, Agile, Node.js, Scrum",M.Tech,10,Job_131,Project Manager,"Project Management, Agile, Node.js",1.0,Hired
Candidate_986,"Experienced professional skilled in Java, C++, Agile, Communication, Node.js.","Java, C++, Agile, Communication, Node.js",M.Sc,5,Job_481,Project Manager,"Node.js, Python",0.5,Shortlisted
Candidate_17,"Experienced professional skilled in Machine Learning, Node.js, Deep Learning.","Machine Learning, Node.js, Deep Learning",M.Tech,11,Job_40,Machine Learning Engineer,"React, Java, C++, SQL, Node.js",0.52,Shortlisted
Candidate_3,"Experienced professional skilled in Python, Leadership, Java, Scrum.","Python, Leadership, Java, Scrum",B.Sc,9,Job_473,Data Scientist,"Agile, Java, Project Management",0.56,Shortlisted
Candidate_130,"Experienced professional skilled in SQL, Communication, Machine Learning, C++, Python.","SQL, Communication, Machine Learning, C++, Python",M.Tech,5,Job_174,Data Scientist,"Scrum, Communication, C++, Project Management, React",0.44,Rejected
Candidate_600,"Experienced professional skilled in Node.js, Project Management, Machine Learning, Scrum, Leadership, SQL.","Node.js, Project Management, Machine Learning, Scrum, Leadership, SQL",B.Tech,4,Job_6,Backend Developer,"SQL, Agile, Machine Learning",0.56,Shortlisted
Candidate_413,"Experienced professional skilled in React, Leadership, Deep Learning, Scrum.","React, Leadership, Deep Learning, Scrum",B.Sc,14,Job_257,Backend Developer,"Node.js, C++, Agile",0.4,Rejected
Candidate_268,"Experienced professional skilled in Python, React, Java, SQL, Leadership, Deep Learning.","Python, React, Java, SQL, Leadership, Deep Learning",B.Sc,4,Job_135,Data Scientist,"Java, Leadership, Node.js, Deep Learning",0.61,Shortlisted
Candidate_625,"Experienced professional skilled in Scrum, Machine Learning, Leadership, SQL, Python.","Scrum, Machine Learning, Leadership, SQL, Python",M.Sc,4,Job_78,Software Engineer,"Agile, Leadership, Project Management, Deep Learning, C++",0.28,Rejected
Candidate_173,"Experienced professional skilled in Project Management, Java, Agile.","Project Management, Java, Agile",B.Tech,14,Job_190,Software Engineer,"Project Management, React, Deep Learning, Leadership",0.55,Shortlisted
Candidate_415,"Experienced professional skilled in Deep Learning, SQL, React, Node.js, Agile, C++.","Deep Learning, SQL, React, Node.js, Agile, C++",M.Tech,3,Job_270,Backend Developer,"Deep Learning, C++, SQL, Python, Communication",0.48,Rejected
Candidate_991,"Experienced professional skilled in Machine Learning, SQL, Project Management, Agile, React, Node.js.","Machine Learning, SQL, Project Management, Agile, React, Node.js",MBA,5,Job_497,Project Manager,"Machine Learning, Scrum, Java, Leadership",0.35,Rejected
Candidate_139,"Experienced professional skilled in Communication, React, C++, Node.js.","Communication, React, C++, Node.js",M.Sc,5,Job_184,Backend Developer,"Agile, Scrum",0.2,Rejected
Candidate_564,"Experienced professional skilled in React, Scrum, Python, C++, Node.js.","React, Scrum, Python, C++, Node.js",B.Tech,13,Job_15,Data Scientist,"Deep Learning, Java",0.4,Rejected
Candidate_603,"Experienced professional skilled in Communication, Deep Learning, Agile, Scrum, Java, Node.js.","Communication, Deep Learning, Agile, Scrum, Java, Node.js",M.Tech,5,Job_497,Machine Learning Engineer,"Deep Learning, SQL, Agile, Project Management, Scrum",0.56,Shortlisted
Candidate_487,"Experienced professional skilled in Node.js, C++, Deep Learning, Scrum.","Node.js, C++, Deep Learning, Scrum",M.Sc,10,Job_450,Data Scientist,"Scrum, Leadership",0.7,Shortlisted
Candidate_114,"Experienced professional skilled in Project Management, Scrum, Communication, C++.","Project Management, Scrum, Communication, C++",MBA,9,Job_10,Data Scientist,"Node.js, Scrum, C++, SQL",0.66,Shortlisted
Candidate_616,"Experienced professional skilled in Deep Learning, Python, Scrum, Project Management.","Deep Learning, Python, Scrum, Project Management",M.Tech,5,Job_453,Frontend Developer,"Leadership, Machine Learning",0.2,Rejected
Candidate_493,"Experienced professional skilled in C++, Agile, React.","C++, Agile, React",M.Tech,6,Job_66,Software Engineer,"React, Java, Deep Learning",0.44,Rejected
Candidate_581,"Experienced professional skilled in Node.js, Python, React.","Node.js, Python, React",MBA,5,Job_499,Machine Learning Engineer,"Deep Learning, Node.js, Agile",0.4,Rejected
Candidate_600,"Experienced professional skilled in Python, Agile, Java, Deep Learning, Project Management, SQL.","Python, Agile, Java, Deep Learning, Project Management, SQL",B.Sc,13,Job_75,Data Scientist,"Python, C++, Machine Learning, Project Management, Node.js",0.64,Shortlisted
Candidate_65,"Experienced professional skilled in React, Deep Learning, Scrum.","React, Deep Learning, Scrum",MBA,1,Job_288,Software Engineer,"Scrum, Agile, Node.js, Leadership, Machine Learning",0.16,Rejected
Candidate_758,"Experienced professional skilled in C++, React, Deep Learning, SQL.","C++, React, Deep Learning, SQL",M.Sc,11,Job_294,Machine Learning Engineer,"Project Management, Deep Learning, Python, Node.js",0.55,Shortlisted
Candidate_921,"Experienced professional skilled in Node.js, Leadership, Agile, Communication, Project Management.","Node.js, Leadership, Agile, Communication, Project Management",M.Tech,7,Job_154,Backend Developer,"SQL, Leadership",0.58,Shortlisted
Candidate_846,"Experienced professional skilled in Agile, Communication, Machine Learning, Node.js, Leadership, C++.","Agile, Communication, Machine Learning, Node.js, Leadership, C++",M.Sc,2,Job_236,Frontend Developer,"SQL, Java, Python, Leadership, C++",0.32,Rejected
Candidate_417,"Experienced professional skilled in Project Management, Communication, Leadership.","Project Management, Communication, Leadership",B.Tech,1,Job_273,Backend Developer,"C++, Communication, Scrum",0.24,Rejected
Candidate_395,"Experienced professional skilled in Python, C++, Scrum, React, SQL, Machine Learning.","Python, C++, Scrum, React, SQL, Machine Learning",M.Sc,8,Job_437,Software Engineer,"Leadership, Python",0.62,Shortlisted
Candidate_941,"Experienced professional skilled in Deep Learning, React, SQL, Scrum.","Deep Learning, React, SQL, Scrum",MBA,9,Job_269,Machine Learning Engineer,"Leadership, Communication, SQL, Deep Learning",0.66,Shortlisted
Candidate_854,"Experienced professional skilled in Java, Machine Learning, Agile.","Java, Machine Learning, Agile",B.Sc,11,Job_10,Project Manager,"SQL, Machine Learning",0.7,Shortlisted
Candidate_791,"Experienced professional skilled in Project Management, Scrum, Communication.","Project Management, Scrum, Communication",B.Tech,13,Job_143,Backend Developer,"Communication, C++, Java, Scrum, React",0.64,Shortlisted
Candidate_63,"Experienced professional skilled in React, Communication, Leadership, Python.","React, Communication, Leadership, Python",M.Tech,14,Job_80,Frontend Developer,"Machine Learning, Scrum, C++, Communication, Project Management",0.52,Shortlisted
Candidate_66,"Experienced professional skilled in Deep Learning, Project Management, Machine Learning, React, C++.","Deep Learning, Project Management, Machine Learning, React, C++",MBA,8,Job_208,Project Manager,"C++, Python, Deep Learning, Node.js",0.62,Shortlisted
Candidate_613,"Experienced professional skilled in Node.js, SQL, Leadership, Scrum, Communication.","Node.js, SQL, Leadership, Scrum, Communication",M.Tech,6,Job_306,Data Scientist,"Communication, Machine Learning, Node.js, SQL, Project Management",0.6,Shortlisted
Candidate_311,"Experienced professional skilled in Java, Project Management, Node.js.","Java, Project Management, Node.js",B.Tech,14,Job_461,Software Engineer,"Agile, React, Leadership, Java, Node.js",0.64,Shortlisted
Candidate_798,"Experienced professional skilled in C++, Node.js, Communication.","C++, Node.js, Communication",MBA,7,Job_199,Project Manager,"Leadership, C++, Machine Learning",0.48,Rejected
Candidate_767,"Experienced professional skilled in Communication, Leadership, Machine Learning, Deep Learning, Project Management.","Communication, Leadership, Machine Learning, Deep Learning, Project Management",M.Sc,4,Job_359,Machine Learning Engineer,"React, Communication",0.46,Rejected
Candidate_978,"Experienced professional skilled in SQL, Communication, Scrum, Java, Project Management.","SQL, Communication, Scrum, Java, Project Management",M.Tech,15,Job_347,Frontend Developer,"Python, C++, Leadership, React",0.4,Rejected
Candidate_62,"Experienced professional skilled in React, C++, Node.js, Leadership, Project Management.","React, C++, Node.js, Leadership, Project Management",M.Tech,14,Job_389,Software Engineer,"Java, React",0.7,Shortlisted
Candidate_260,"Experienced professional skilled in Python, Communication, Deep Learning.","Python, Communication, Deep Learning",M.Tech,4,Job_357,Software Engineer,"Deep Learning, Node.js, Agile, SQL, Scrum",0.28,Rejected
Candidate_24,"Experienced professional skilled in React, SQL, Machine Learning, Python.","React, SQL, Machine Learning, Python",M.Sc,14,Job_118,Machine Learning Engineer,"Deep Learning, Node.js, Project Management, C++",0.4,Rejected
Candidate_707,"Experienced professional skilled in Java, C++, Leadership, SQL, Node.js, Scrum.","Java, C++, Leadership, SQL, Node.js, Scrum",MBA,12,Job_419,Project Manager,"SQL, Agile, React, Java",0.7,Shortlisted
Candidate_959,"Experienced professional skilled in C++, SQL, Deep Learning, Python, Leadership.","C++, SQL, Deep Learning, Python, Leadership",M.Sc,14,Job_242,Project Manager,"C++, Agile",0.7,Shortlisted
Candidate_968,"Experienced professional skilled in Deep Learning, Node.js, Machine Learning.","Deep Learning, Node.js, Machine Learning",M.Tech,12,Job_173,Project Manager,"Leadership, Communication, Java, Agile",0.4,Rejected
Candidate_988,"Experienced professional skilled in Java, Project Management, SQL.","Java, Project Management, SQL",B.Tech,3,Job_312,Machine Learning Engineer,"Deep Learning, Leadership, C++",0.12,Rejected
Candidate_662,"Experienced professional skilled in SQL, Agile, Machine Learning, Java.","SQL, Agile, Machine Learning, Java",M.Sc,3,Job_444,Project Manager,"Node.js, Deep Learning, C++, Leadership, Agile",0.24,Rejected
Candidate_640,"Experienced professional skilled in Node.js, Agile, Machine Learning, Communication, Project Management.","Node.js, Agile, Machine Learning, Communication, Project Management",M.Tech,3,Job_26,Machine Learning Engineer,"Machine Learning, Leadership, Python, Scrum",0.27,Rejected
Candidate_994,"Experienced professional skilled in Python, Node.js, Machine Learning, Deep Learning, SQL.","Python, Node.js, Machine Learning, Deep Learning, SQL",B.Tech,15,Job_61,Project Manager,"Deep Learning, Machine Learning, Project Management",0.8,Hired
Candidate_884,"Experienced professional skilled in Node.js, Agile, C++, Deep Learning, Java, Leadership.","Node.js, Agile, C++, Deep Learning, Java, Leadership",B.Tech,15,Job_147,Project Manager,"Scrum, Java, Leadership, Project Management",0.7,Shortlisted
Candidate_450,"Experienced professional skilled in Machine Learning, Scrum, Leadership, Node.js.","Machine Learning, Scrum, Leadership, Node.js",M.Tech,15,Job_258,Project Manager,"Node.js, React, Communication, SQL, Scrum",0.64,Shortlisted
Candidate_512,"Experienced professional skilled in Java, C++, Deep Learning, Agile, Machine Learning, Project Management.","Java, C++, Deep Learning, Agile, Machine Learning, Project Management",B.Sc,10,Job_51,Machine Learning Engineer,"SQL, Deep Learning",0.7,Shortlisted
Candidate_880,"Experienced professional skilled in Python, Machine Learning, Leadership, Agile, Scrum, Project Management.","Python, Machine Learning, Leadership, Agile, Scrum, Project Management",B.Tech,12,Job_352,Backend Developer,"Scrum, Project Management, Machine Learning",1.0,Hired
Candidate_109,"Experienced professional skilled in Leadership, React, Python, Node.js.","Leadership, React, Python, Node.js",B.Sc,7,Job_3,Frontend Developer,"Scrum, Leadership, Deep Learning, React",0.58,Shortlisted
Candidate_392,"Experienced professional skilled in Scrum, Java, Deep Learning, Python.","Scrum, Java, Deep Learning, Python",B.Sc,14,Job_432,Backend Developer,"Machine Learning, Communication",0.4,Rejected
Candidate_624,"Experienced professional skilled in C++, SQL, Project Management, Deep Learning, React.","C++, SQL, Project Management, Deep Learning, React",B.Tech,13,Job_330,Data Scientist,"SQL, Python, Communication, Java",0.55,Shortlisted
Candidate_392,"Experienced professional skilled in Deep Learning, Python, SQL, Agile, React, Machine Learning.","Deep Learning, Python, SQL, Agile, React, Machine Learning",B.Sc,6,Job_356,Data Scientist,"Node.js, Agile, C++",0.44,Rejected
Candidate_167,"Experienced professional skilled in Leadership, Deep Learning, C++, React.","Leadership, Deep Learning, C++, React",B.Sc,4,Job_411,Software Engineer,"Python, Agile",0.16,Rejected
Candidate_429,"Experienced professional skilled in Node.js, Machine Learning, Scrum, Deep Learning, Project Management.","Node.js, Machine Learning, Scrum, Deep Learning, Project Management",MBA,11,Job_386,Project Manager,"Java, Leadership, Machine Learning",0.6,Shortlisted
Candidate_586,"Experienced professional skilled in Leadership, React, Scrum, Machine Learning, Java, Node.js.","Leadership, React, Scrum, Machine Learning, Java, Node.js",B.Tech,6,Job_428,Project Manager,"Python, Communication, Java, Project Management, Agile",0.36,Rejected
Candidate_796,"Experienced professional skilled in SQL, Node.js, Agile.","SQL, Node.js, Agile",MBA,6,Job_360,Project Manager,"Agile, Project Management",0.54,Shortlisted
Candidate_369,"Experienced professional skilled in C++, Scrum, Machine Learning, Java, Deep Learning, React.","C++, Scrum, Machine Learning, Java, Deep Learning, React",B.Tech,13,Job_44,Data Scientist,"C++, Machine Learning",1.0,Hired
Candidate_475,"Experienced professional skilled in Java, Communication, Agile, Deep Learning, Project Management, React.","Java, Communication, Agile, Deep Learning, Project Management, React",B.Tech,9,Job_379,Data Scientist,"Agile, Project Management",0.96,Hired
Candidate_320,"Experienced professional skilled in Machine Learning, Deep Learning, Node.js.","Machine Learning, Deep Learning, Node.js",B.Sc,6,Job_314,Project Manager,"Machine Learning, Communication, Node.js",0.64,Shortlisted
Candidate_351,"Experienced professional skilled in Project Management, C++, Python, React, Communication.","Project Management, C++, Python, React, Communication",B.Sc,13,Job_235,Frontend Developer,"Node.js, Project Management",0.7,Shortlisted
Candidate_967,"Experienced professional skilled in React, Leadership, Scrum.","React, Leadership, Scrum",MBA,3,Job_371,Machine Learning Engineer,"C++, Machine Learning, Project Management, Deep Learning, Communication",0.12,Rejected
Candidate_587,"Experienced professional skilled in Communication, React, C++, Leadership, Python, Node.js.","Communication, React, C++, Leadership, Python, Node.js",B.Sc,11,Job_50,Frontend Developer,"Leadership, SQL",0.7,Shortlisted
Candidate_791,"Experienced professional skilled in Communication, Java, Node.js, SQL, Project Management.","Communication, Java, Node.js, SQL, Project Management",M.Sc,15,Job_412,Frontend Developer,"Scrum, Agile, React, Leadership",0.4,Rejected
Candidate_830,"Experienced professional skilled in Project Management, Communication, Machine Learning, C++.","Project Management, Communication, Machine Learning, C++",B.Sc,15,Job_29,Machine Learning Engineer,"Python, Agile, Machine Learning, Communication, Leadership",0.64,Shortlisted
Candidate_156,"Experienced professional skilled in Machine Learning, C++, Leadership, SQL, Node.js.","Machine Learning, C++, Leadership, SQL, Node.js",M.Sc,6,Job_357,Software Engineer,"Deep Learning, React, Project Management",0.24,Rejected
Candidate_347,"Experienced professional skilled in Communication, React, C++.","Communication, React, C++",MBA,7,Job_80,Data Scientist,"Scrum, Java, Agile, Python",0.28,Rejected
Candidate_541,"Experienced professional skilled in SQL, C++, Agile.","SQL, C++, Agile",B.Tech,1,Job_421,Software Engineer,"Communication, Java",0.04,Rejected
Candidate_957,"Experienced professional skilled in SQL, C++, Java, React, Agile, Machine Learning.","SQL, C++, Java, React, Agile, Machine Learning",B.Sc,2,Job_445,Project Manager,"SQL, Java, React, Python",0.53,Shortlisted
Candidate_252,"Experienced professional skilled in Node.js, Java, Deep Learning, Python, Communication.","Node.js, Java, Deep Learning, Python, Communication",M.Tech,14,Job_389,Backend Developer,"C++, SQL, Communication, Leadership, Python",0.64,Shortlisted
Candidate_362,"Experienced professional skilled in Project Management, Communication, Agile, Leadership.","Project Management, Communication, Agile, Leadership",M.Sc,11,Job_473,Frontend Developer,"Python, Project Management, Node.js",0.6,Shortlisted
Candidate_281,"Experienced professional skilled in Communication, Machine Learning, Deep Learning, Node.js, React.","Communication, Machine Learning, Deep Learning, Node.js, React",M.Sc,4,Job_441,Backend Developer,"React, SQL, Java, Project Management",0.31,Rejected
Candidate_357,"Experienced professional skilled in SQL, Node.js, Agile, Leadership, React, Project Management.","SQL, Node.js, Agile, Leadership, React, Project Management",B.Sc,1,Job_278,Software Engineer,"Deep Learning, Project Management, C++",0.24,Rejected
Candidate_546,"Experienced professional skilled in C++, Project Management, Deep Learning, Node.js, Agile, Leadership.","C++, Project Management, Deep Learning, Node.js, Agile, Leadership",M.Sc,2,Job_442,Frontend Developer,"Leadership, Java, Communication, Deep Learning",0.38,Rejected
Candidate_154,"Experienced professional skilled in Machine Learning, Node.js, React.","Machine Learning, Node.js, React",B.Tech,1,Job_250,Data Scientist,"SQL, Python, Java, Communication",0.04,Rejected
Candidate_319,"Experienced professional skilled in Python, Deep Learning, React, Agile, SQL.","Python, Deep Learning, React, Agile, SQL",B.Tech,4,Job_259,Backend Developer,"Project Management, Node.js, Deep Learning, Leadership, Agile",0.4,Rejected
Candidate_981,"Experienced professional skilled in Machine Learning, Python, Scrum.","Machine Learning, Python, Scrum",M.Sc,10,Job_105,Frontend Developer,"Project Management, SQL",0.4,Rejected
Candidate_362,"Experienced professional skilled in Java, Machine Learning, Communication.","Java, Machine Learning, Communication",B.Tech,10,Job_12,Backend Developer,"Scrum, SQL",0.4,Rejected
Candidate_249,"Experienced professional skilled in React, SQL, Machine Learning, Agile, Python.","React, SQL, Machine Learning, Agile, Python",B.Tech,7,Job_233,Project Manager,"Scrum, Project Management, React",0.48,Rejected
Candidate_579,"Experienced professional skilled in SQL, Project Management, Leadership, Deep Learning, Node.js, React.","SQL, Project Management, Leadership, Deep Learning, Node.js, React",B.Tech,3,Job_473,Software Engineer,"Machine Learning, Node.js, Communication",0.32,Rejected
Candidate_189,"Experienced professional skilled in C++, Project Management, Python, Agile.","C++, Project Management, Python, Agile",B.Sc,5,Job_186,Software Engineer,"SQL, Java",0.2,Rejected
Candidate_506,"Experienced professional skilled in Java, React, Agile, Project Management.","Java, React, Agile, Project Management",M.Sc,8,Job_112,Software Engineer,"Communication, C++",0.32,Rejected
Candidate_160,"Experienced professional skilled in React, Scrum, Machine Learning.","React, Scrum, Machine Learning",M.Tech,14,Job_471,Software Engineer,"Node.js, React, Machine Learning, Leadership",0.7,Shortlisted
Candidate_264,"Experienced professional skilled in SQL, Project Management, Java, C++.","SQL, Project Management, Java, C++",M.Sc,7,Job_115,Machine Learning Engineer,"Project Management, Leadership",0.58,Shortlisted
Candidate_748,"Experienced professional skilled in Java, SQL, Python.","Java, SQL, Python",M.Tech,5,Job_318,Project Manager,"C++, Project Management, React, Machine Learning",0.2,Rejected
Candidate_63,"Experienced professional skilled in Python, Leadership, Machine Learning, C++, SQL.","Python, Leadership, Machine Learning, C++, SQL",B.Tech,5,Job_21,Data Scientist,"SQL, Python",0.8,Hired
Candidate_84,"Experienced professional skilled in React, Machine Learning, Scrum, Deep Learning, Leadership.","React, Machine Learning, Scrum, Deep Learning, Leadership",M.Sc,9,Job_334,Backend Developer,"Agile, Leadership",0.66,Shortlisted
Candidate_515,"Experienced professional skilled in Scrum, Machine Learning, React, Communication, SQL.","Scrum, Machine Learning, React, Communication, SQL",B.Sc,3,Job_238,Project Manager,"Deep Learning, Agile",0.12,Rejected
Candidate_607,"Experienced professional skilled in C++, Deep Learning, Agile.","C++, Deep Learning, Agile",B.Tech,14,Job_469,Frontend Developer,"Leadership, Java, Communication, Scrum, React",0.4,Rejected
Candidate_300,"Experienced professional skilled in Communication, C++, Java, Deep Learning.","Communication, C++, Java, Deep Learning",MBA,2,Job_77,Data Scientist,"Project Management, Java, Leadership, SQL",0.23,Rejected
Candidate_935,"Experienced professional skilled in Machine Learning, Project Management, Java, Deep Learning.","Machine Learning, Project Management, Java, Deep Learning",B.Sc,12,Job_339,Data Scientist,"Java, Node.js, Deep Learning",0.8,Hired
Candidate_101,"Experienced professional skilled in Scrum, Leadership, SQL, C++, React, Project Management.","Scrum, Leadership, SQL, C++, React, Project Management",M.Sc,5,Job_212,Project Manager,"Node.js, Machine Learning, Deep Learning, Leadership, Scrum",0.44,Rejected
Candidate_106,"Experienced professional skilled in React, Project Management, Agile.","React, Project Management, Agile",M.Sc,14,Job_388,Frontend Developer,"Communication, SQL, Leadership, C++, Scrum",0.4,Rejected
Candidate_614,"Experienced professional skilled in C++, Scrum, Deep Learning, Java.","C++, Scrum, Deep Learning, Java",B.Tech,5,Job_387,Project Manager,"SQL, Machine Learning",0.2,Rejected
Candidate_449,"Experienced professional skilled in C++, Node.js, SQL, Leadership, Java.","C++, Node.js, SQL, Leadership, Java",B.Sc,10,Job_13,Frontend Developer,"Machine Learning, Java, Project Management",0.6,Shortlisted
Candidate_343,"Experienced professional skilled in C++, Leadership, Python, Project Management, Java, SQL.","C++, Leadership, Python, Project Management, Java, SQL",MBA,9,Job_269,Data Scientist,"SQL, Java",0.96,Hired
Candidate_195,"Experienced professional skilled in Python, C++, Project Management, Machine Learning, Leadership.","Python, C++, Project Management, Machine Learning, Leadership",B.Tech,2,Job_319,Machine Learning Engineer,"React, SQL, Communication",0.08,Rejected
Candidate_491,"Experienced professional skilled in React, Scrum, Java, Leadership, Communication, SQL.","React, Scrum, Java, Leadership, Communication, SQL",B.Tech,4,Job_408,Machine Learning Engineer,"Communication, Scrum, C++, Agile",0.46,Rejected
Candidate_897,"Experienced professional skilled in Agile, Machine Learning, Deep Learning, Project Management, C++, React.","Agile, Machine Learning, Deep Learning, Project Management, C++, React",MBA,4,Job_224,Machine Learning Engineer,"SQL, Python, C++",0.36,Rejected
Candidate_435,"Experienced professional skilled in Agile, Node.js, Machine Learning, Project Management.","Agile, Node.js, Machine Learning, Project Management",M.Tech,6,Job_300,Data Scientist,"Node.js, Python, Deep Learning",0.44,Rejected
Candidate_168,"Experienced professional skilled in React, Scrum, Python, C++.","React, Scrum, Python, C++",B.Sc,15,Job_429,Data Scientist,"Java, Project Management",0.4,Rejected
Candidate_574,"Experienced professional skilled in Communication, React, Leadership, Agile, Python.","Communication, React, Leadership, Agile, Python",B.Tech,11,Job_357,Data Scientist,"Agile, Project Management",0.7,Shortlisted
Candidate_955,"Experienced professional skilled in Scrum, Machine Learning, C++.","Scrum, Machine Learning, C++",M.Tech,7,Job_103,Data Scientist,"React, Node.js, Communication",0.28,Rejected
Candidate_641,"Experienced professional skilled in Deep Learning, Python, Java, Machine Learning.","Deep Learning, Python, Java, Machine Learning",B.Sc,6,Job_233,Data Scientist,"Machine Learning, Scrum, Node.js, Deep Learning, C++",0.48,Rejected
Candidate_305,"Experienced professional skilled in Node.js, Machine Learning, Scrum.","Node.js, Machine Learning, Scrum",B.Tech,4,Job_146,Backend Developer,"Java, Leadership, Project Management, React",0.16,Rejected
Candidate_303,"Experienced professional skilled in Communication, React, Leadership, Deep Learning, SQL, C++.","Communication, React, Leadership, Deep Learning, SQL, C++",B.Tech,15,Job_209,Project Manager,"Node.js, Deep Learning, Python",0.6,Shortlisted
Candidate_632,"Experienced professional skilled in Python, Scrum, Project Management, Leadership.","Python, Scrum, Project Management, Leadership",M.Tech,2,Job_268,Project Manager,"Agile, React, Leadership, SQL",0.23,Rejected
Candidate_315,"Experienced professional skilled in Java, Communication, Leadership.","Java, Communication, Leadership",B.Sc,5,Job_491,Project Manager,"Agile, Machine Learning",0.2,Rejected
Candidate_29,"Experienced professional skilled in Communication, Leadership, React, C++, Scrum.","Communication, Leadership, React, C++, Scrum",B.Tech,4,Job_1,Frontend Developer,"Python, SQL, Node.js, Communication, React",0.4,Rejected
Candidate_739,"Experienced professional skilled in SQL, Java, Leadership.","SQL, Java, Leadership",B.Sc,9,Job_443,Data Scientist,"Java, Deep Learning, React, Node.js, Project Management",0.48,Rejected
Candidate_157,"Experienced professional skilled in Scrum, Project Management, Node.js.","Scrum, Project Management, Node.js",B.Sc,4,Job_119,Frontend Developer,"React, Communication, Leadership, SQL, Java",0.16,Rejected
Candidate_594,"Experienced professional skilled in Node.js, Java, Scrum, React, Communication, SQL.","Node.js, Java, Scrum, React, Communication, SQL",M.Tech,13,Job_268,Frontend Developer,"C++, React, Python, Leadership, Scrum",0.64,Shortlisted
Candidate_338,"Experienced professional skilled in Agile, Project Management, Java, Node.js.","Agile, Project Management, Java, Node.js",M.Sc,3,Job_110,Data Scientist,"Node.js, Python",0.42,Rejected
Candidate_347,"Experienced professional skilled in Communication, Python, React.","Communication, Python, React",M.Sc,12,Job_241,Backend Developer,"C++, Java, Agile",0.4,Rejected
Candidate_284,"Experienced professional skilled in Communication, Project Management, Agile, Leadership.","Communication, Project Management, Agile, Leadership",M.Sc,9,Job_32,Machine Learning Engineer,"Java, Node.js, Deep Learning",0.36,Rejected
Candidate_86,"Experienced professional skilled in SQL, React, Scrum.","SQL, React, Scrum",MBA,11,Job_416,Data Scientist,"SQL, Communication, React",0.8,Hired
Candidate_19,"Experienced professional skilled in Machine Learning, SQL, Deep Learning, C++, React.","Machine Learning, SQL, Deep Learning, C++, React",B.Tech,6,Job_63,Project Manager,"React, Deep Learning, C++",0.84,Hired
Candidate_795,"Experienced professional skilled in React, Project Management, Machine Learning, Agile, Scrum.","React, Project Management, Machine Learning, Agile, Scrum",B.Tech,5,Job_472,Frontend Developer,"Agile, Project Management",0.8,Hired
Candidate_558,"Experienced professional skilled in Agile, Communication, Python.","Agile, Communication, Python",B.Tech,6,Job_291,Frontend Developer,"Scrum, Project Management, Node.js, SQL, Machine Learning",0.24,Rejected
Candidate_315,"Experienced professional skilled in Node.js, Communication, C++.","Node.js, Communication, C++",B.Sc,4,Job_495,Data Scientist,"Leadership, C++, Project Management",0.36,Rejected
Candidate_904,"Experienced professional skilled in Node.js, React, Machine Learning, Python, Communication.","Node.js, React, Machine Learning, Python, Communication",M.Tech,13,Job_198,Machine Learning Engineer,"Java, Machine Learning, Agile, Python, Communication",0.76,Hired
Candidate_199,"Experienced professional skilled in React, Python, Java, SQL, Leadership.","React, Python, Java, SQL, Leadership",B.Sc,8,Job_200,Data Scientist,"Leadership, Deep Learning, Python, Scrum, Machine Learning",0.56,Shortlisted
Candidate_980,"Experienced professional skilled in Java, Node.js, Machine Learning, SQL, Communication, Scrum.","Java, Node.js, Machine Learning, SQL, Communication, Scrum",B.Sc,7,Job_320,Data Scientist,"Project Management, Node.js, Leadership, React, Python",0.4,Rejected
Candidate_666,"Experienced professional skilled in Python, Leadership, Project Management, SQL, Deep Learning, Machine Learning.","Python, Leadership, Project Management, SQL, Deep Learning, Machine Learning",B.Tech,3,Job_431,Frontend Developer,"Java, React, Project Management, Communication",0.27,Rejected
Candidate_953,"Experienced professional skilled in Agile, Node.js, Machine Learning.","Agile, Node.js, Machine Learning",B.Tech,6,Job_216,Backend Developer,"Communication, Project Management",0.24,Rejected
Candidate_689,"Experienced professional skilled in Java, Scrum, SQL, Project Management, Deep Learning, C++.","Java, Scrum, SQL, Project Management, Deep Learning, C++",B.Tech,7,Job_183,Machine Learning Engineer,"Communication, Node.js, Leadership, Java, C++",0.52,Shortlisted
Candidate_548,"Experienced professional skilled in Python, Node.js, C++.","Python, Node.js, C++",M.Sc,7,Job_287,Machine Learning Engineer,"Deep Learning, Scrum",0.28,Rejected
Candidate_900,"Experienced professional skilled in Agile, Python, Leadership.","Agile, Python, Leadership",B.Sc,15,Job_278,Project Manager,"Machine Learning, Communication, C++",0.4,Rejected
Candidate_80,"Experienced professional skilled in Leadership, Agile, Scrum, Communication.","Leadership, Agile, Scrum, Communication",MBA,2,Job_228,Frontend Developer,"SQL, Scrum, Machine Learning, Python",0.23,Rejected
Candidate_441,"Experienced professional skilled in Scrum, Node.js, Machine Learning, Project Management, React, Python.","Scrum, Node.js, Machine Learning, Project Management, React, Python",M.Tech,8,Job_365,Backend Developer,"Deep Learning, SQL, Scrum, Project Management, React",0.68,Shortlisted
Candidate_386,"Experienced professional skilled in Project Management, SQL, Agile, Deep Learning.","Project Management, SQL, Agile, Deep Learning",B.Sc,15,Job_400,Backend Developer,"React, Project Management, Agile, C++",0.7,Shortlisted
Candidate_601,"Experienced professional skilled in Agile, Communication, Scrum, Leadership, Machine Learning, C++.","Agile, Communication, Scrum, Leadership, Machine Learning, C++",M.Sc,5,Job_475,Frontend Developer,"SQL, Agile, Scrum, Project Management, Java",0.44,Rejected
Candidate_859,"Experienced professional skilled in Python, Java, Machine Learning, Agile.","Python, Java, Machine Learning, Agile",B.Tech,4,Job_115,Backend Developer,"Node.js, React",0.16,Rejected
Candidate_363,"Experienced professional skilled in Machine Learning, Communication, Project Management.","Machine Learning, Communication, Project Management",B.Sc,11,Job_217,Project Manager,"Leadership, Communication, Project Management, SQL, Python",0.64,Shortlisted
Candidate_939,"Experienced professional skilled in Python, Scrum, Communication.","Python, Scrum, Communication",M.Tech,2,Job_112,Software Engineer,"Project Management, Communication, Java, Leadership, Machine Learning",0.2,Rejected
Candidate_677,"Experienced professional skilled in Communication, Java, Machine Learning, React.","Communication, Java, Machine Learning, React",B.Tech,5,Job_409,Frontend Developer,"Agile, Java, Python",0.4,Rejected
Candidate_582,"Experienced professional skilled in Machine Learning, Scrum, Leadership.","Machine Learning, Scrum, Leadership",M.Tech,4,Job_370,Machine Learning Engineer,"C++, Deep Learning, Communication",0.16,Rejected
Candidate_397,"Experienced professional skilled in Node.js, Communication, Scrum, Java, Leadership, Deep Learning.","Node.js, Communication, Scrum, Java, Leadership, Deep Learning",MBA,2,Job_443,Machine Learning Engineer,"Project Management, C++, Java, Leadership, SQL",0.32,Rejected
Candidate_331,"Experienced professional skilled in React, C++, Machine Learning, Python, Node.js, Scrum.","React, C++, Machine Learning, Python, Node.js, Scrum",M.Tech,1,Job_45,Software Engineer,"Agile, Scrum",0.34,Rejected
Candidate_569,"Experienced professional skilled in Agile, Machine Learning, Project Management, Java.","Agile, Machine Learning, Project Management, Java",B.Tech,4,Job_30,Frontend Developer,"Node.js, Machine Learning, C++",0.36,Rejected
Candidate_492,"Experienced professional skilled in C++, Leadership, Scrum, Node.js, SQL, Agile.","C++, Leadership, Scrum, Node.js, SQL, Agile",B.Sc,11,Job_63,Machine Learning Engineer,"Java, Machine Learning, Leadership, React",0.55,Shortlisted
Candidate_101,"Experienced professional skilled in Project Management, Leadership, React.","Project Management, Leadership, React",B.Sc,13,Job_14,Project Manager,"Machine Learning, Java",0.4,Rejected
Candidate_717,"Experienced professional skilled in Machine Learning, Node.js, C++, Java.","Machine Learning, Node.js, C++, Java",B.Tech,3,Job_340,Project Manager,"Python, Agile",0.12,Rejected
Candidate_300,"Experienced professional skilled in Deep Learning, C++, SQL, Java.","Deep Learning, C++, SQL, Java",B.Sc,14,Job_122,Machine Learning Engineer,"Machine Learning, Node.js",0.4,Rejected
Candidate_539,"Experienced professional skilled in Scrum, Node.js, React, C++.","Scrum, Node.js, React, C++",M.Tech,7,Job_145,Software Engineer,"Node.js, Project Management, Scrum",0.68,Shortlisted
Candidate_270,"Experienced professional skilled in Node.js, Communication, Project Management.","Node.js, Communication, Project Management",MBA,6,Job_193,Machine Learning Engineer,"Deep Learning, Python, Node.js, React, Machine Learning",0.36,Rejected
Candidate_612,"Experienced professional skilled in C++, Java, Communication, Scrum, Machine Learning.","C++, Java, Communication, Scrum, Machine Learning",B.Tech,14,Job_81,Software Engineer,"Scrum, React, SQL, Agile, Project Management",0.52,Shortlisted
Candidate_548,"Experienced professional skilled in Python, Machine Learning, Agile, Java, Node.js, React.","Python, Machine Learning, Agile, Java, Node.js, React",B.Sc,4,Job_28,Data Scientist,"C++, Python, SQL, Scrum",0.31,Rejected
Candidate_174,"Experienced professional skilled in React, Agile, Python.","React, Agile, Python",B.Tech,7,Job_145,Project Manager,"Leadership, SQL, Node.js, Agile, C++",0.4,Rejected
Candidate_204,"Experienced professional skilled in Scrum, Agile, SQL, Machine Learning, Leadership, Project Management.","Scrum, Agile, SQL, Machine Learning, Leadership, Project Management",B.Tech,4,Job_75,Project Manager,"Deep Learning, Agile, C++",0.36,Rejected
Candidate_763,"Experienced professional skilled in Scrum, Python, Agile, C++, Deep Learning.","Scrum, Python, Agile, C++, Deep Learning",MBA,14,Job_242,Machine Learning Engineer,"Machine Learning, Agile",0.7,Shortlisted
Candidate_302,"Experienced professional skilled in Java, Project Management, Scrum, Communication, Agile.","Java, Project Management, Scrum, Communication, Agile",M.Tech,12,Job_118,Frontend Developer,"Agile, Deep Learning, SQL, Python",0.55,Shortlisted
Candidate_65,"Experienced professional skilled in Scrum, Machine Learning, Leadership, Agile, SQL.","Scrum, Machine Learning, Leadership, Agile, SQL",M.Tech,3,Job_468,Frontend Developer,"Machine Learning, Project Management, Deep Learning, C++",0.27,Rejected
Candidate_47,"Experienced professional skilled in React, Node.js, Project Management.","React, Node.js, Project Management",B.Sc,2,Job_69,Backend Developer,"Node.js, Project Management, Leadership",0.48,Rejected
Candidate_250,"Experienced professional skilled in Java, Project Management, Agile.","Java, Project Management, Agile",B.Sc,4,Job_172,Project Manager,"Node.js, Python",0.16,Rejected
Candidate_929,"Experienced professional skilled in Java, Leadership, Communication, C++.","Java, Leadership, Communication, C++",M.Tech,13,Job_393,Data Scientist,"Agile, SQL, React, Leadership",0.55,Shortlisted
Candidate_219,"Experienced professional skilled in Python, C++, Machine Learning.","Python, C++, Machine Learning",M.Tech,11,Job_145,Frontend Developer,"Project Management, SQL",0.4,Rejected
Candidate_806,"Experienced professional skilled in C++, Agile, Communication, Leadership, Project Management, Machine Learning.","C++, Agile, Communication, Leadership, Project Management, Machine Learning",B.Tech,7,Job_357,Frontend Developer,"Machine Learning, Java, Scrum",0.48,Rejected
Candidate_88,"Experienced professional skilled in React, Node.js, Project Management, Python, Machine Learning, Java.","React, Node.js, Project Management, Python, Machine Learning, Java",B.Sc,5,Job_212,Project Manager,"Agile, Python, Communication, Machine Learning",0.5,Shortlisted
Candidate_97,"Experienced professional skilled in SQL, Project Management, Agile, Communication, React, Java.","SQL, Project Management, Agile, Communication, React, Java",B.Sc,10,Job_452,Backend Developer,"Communication, Scrum, C++, Node.js",0.55,Shortlisted
Candidate_555,"Experienced professional skilled in Machine Learning, Node.js, Java, SQL.","Machine Learning, Node.js, Java, SQL",B.Tech,5,Job_243,Data Scientist,"Project Management, Java, Python, C++",0.35,Rejected
Candidate_329,"Experienced professional skilled in Machine Learning, Agile, Python, Node.js.","Machine Learning, Agile, Python, Node.js",MBA,7,Job_241,Project Manager,"Node.js, React, Python, SQL, Java",0.52,Shortlisted
Candidate_463,"Experienced professional skilled in React, Agile, C++, Machine Learning, Scrum.","React, Agile, C++, Machine Learning, Scrum",M.Tech,8,Job_209,Machine Learning Engineer,"Deep Learning, Leadership",0.32,Rejected
Candidate_721,"Experienced professional skilled in Java, Project Management, Communication, Machine Learning, SQL.","Java, Project Management, Communication, Machine Learning, SQL",B.Sc,3,Job_351,Data Scientist,"Node.js, SQL, Leadership",0.32,Rejected
Candidate_282,"Experienced professional skilled in Node.js, SQL, C++, Deep Learning.","Node.js, SQL, C++, Deep Learning",B.Tech,6,Job_130,Project Manager,"Leadership, Node.js, Machine Learning, Python, React",0.36,Rejected
Candidate_123,"Experienced professional skilled in React, Deep Learning, Node.js, Python.","React, Deep Learning, Node.js, Python",M.Tech,7,Job_246,Frontend Developer,"Agile, Python, Deep Learning, C++",0.58,Shortlisted
Candidate_842,"Experienced professional skilled in Node.js, Python, Project Management, Machine Learning.","Node.js, Python, Project Management, Machine Learning",M.Sc,1,Job_143,Data Scientist,"Scrum, Node.js",0.34,Rejected
Candidate_856,"Experienced professional skilled in React, Communication, Node.js.","React, Communication, Node.js",B.Tech,3,Job_5,Machine Learning Engineer,"Java, Python, Node.js, Project Management",0.27,Rejected
Candidate_166,"Experienced professional skilled in Node.js, React, SQL, C++.","Node.js, React, SQL, C++",B.Sc,9,Job_462,Frontend Developer,"Java, Scrum",0.36,Rejected
Candidate_58,"Experienced professional skilled in Agile, SQL, C++, Python, Communication.","Agile, SQL, C++, Python, Communication",B.Sc,13,Job_137,Data Scientist,"Machine Learning, Scrum, Communication",0.6,Shortlisted
Candidate_768,"Experienced professional skilled in Leadership, Java, Project Management, Python, SQL.","Leadership, Java, Project Management, Python, SQL",B.Sc,2,Job_249,Software Engineer,"SQL, Machine Learning, Java, Deep Learning",0.38,Rejected
Candidate_690,"Experienced professional skilled in Communication, Project Management, Python, Scrum, C++, Leadership.","Communication, Project Management, Python, Scrum, C++, Leadership",B.Tech,14,Job_165,Machine Learning Engineer,"React, Scrum",0.7,Shortlisted
Candidate_924,"Experienced professional skilled in React, Deep Learning, Machine Learning, Node.js.","React, Deep Learning, Machine Learning, Node.js",M.Sc,7,Job_170,Software Engineer,"C++, Python, Deep Learning, Agile",0.43,Rejected
Candidate_943,"Experienced professional skilled in React, C++, Node.js, Agile, Project Management.","React, C++, Node.js, Agile, Project Management",M.Tech,14,Job_145,Project Manager,"Scrum, Python",0.4,Rejected
Candidate_750,"Experienced professional skilled in SQL, Project Management, Node.js.","SQL, Project Management, Node.js",M.Tech,5,Job_373,Machine Learning Engineer,"Communication, Node.js, Deep Learning",0.4,Rejected
Candidate_594,"Experienced professional skilled in Agile, Leadership, Node.js.","Agile, Leadership, Node.js",B.Sc,15,Job_165,Software Engineer,"Agile, Scrum, Project Management",0.6,Shortlisted
Candidate_917,"Experienced professional skilled in SQL, Agile, Deep Learning.","SQL, Agile, Deep Learning",B.Tech,9,Job_445,Data Scientist,"C++, SQL, Deep Learning, Leadership",0.66,Shortlisted
Candidate_592,"Experienced professional skilled in Python, C++, Machine Learning, React, Project Management.","Python, C++, Machine Learning, React, Project Management",M.Tech,12,Job_380,Data Scientist,"Scrum, Python, Machine Learning, Leadership",0.7,Shortlisted
Candidate_252,"Experienced professional skilled in SQL, Agile, Communication.","SQL, Agile, Communication",M.Tech,14,Job_324,Data Scientist,"Java, C++",0.4,Rejected
Candidate_333,"Experienced professional skilled in React, Agile, Scrum, Python.","React, Agile, Scrum, Python",MBA,13,Job_405,Project Manager,"Leadership, SQL",0.4,Rejected
Candidate_849,"Experienced professional skilled in Communication, Leadership, SQL, Node.js, Machine Learning.","Communication, Leadership, SQL, Node.js, Machine Learning",M.Sc,1,Job_409,Software Engineer,"Leadership, Node.js, SQL",0.64,Shortlisted
Candidate_569,"Experienced professional skilled in SQL, Scrum, Deep Learning, Machine Learning, Node.js, React.","SQL, Scrum, Deep Learning, Machine Learning, Node.js, React",MBA,2,Job_438,Software Engineer,"Communication, Machine Learning, Agile, Deep Learning, Scrum",0.44,Rejected
Candidate_403,"Experienced professional skilled in Communication, Leadership, React, Java.","Communication, Leadership, React, Java",M.Tech,13,Job_192,Machine Learning Engineer,"Communication, Node.js, Java",0.8,Hired
Candidate_848,"Experienced professional skilled in C++, Project Management, Deep Learning.","C++, Project Management, Deep Learning",B.Tech,7,Job_117,Backend Developer,"Python, Deep Learning, C++, Node.js",0.58,Shortlisted
Candidate_995,"Experienced professional skilled in React, C++, Deep Learning.","React, C++, Deep Learning",B.Sc,8,Job_490,Project Manager,"React, Python",0.62,Shortlisted
Candidate_46,"Experienced professional skilled in Node.js, Project Management, React, Leadership, SQL.","Node.js, Project Management, React, Leadership, SQL",B.Tech,12,Job_281,Data Scientist,"Node.js, Agile, SQL, Scrum",0.7,Shortlisted
Candidate_712,"Experienced professional skilled in Communication, SQL, Leadership, Project Management, Machine Learning, Node.js.","Communication, SQL, Leadership, Project Management, Machine Learning, Node.js",M.Sc,1,Job_27,Project Manager,"Agile, Deep Learning, Machine Learning, C++, Python",0.16,Rejected
Candidate_298,"Experienced professional skilled in Leadership, Node.js, Machine Learning, Python.","Leadership, Node.js, Machine Learning, Python",B.Tech,14,Job_140,Project Manager,"Project Management, Agile, Communication",0.4,Rejected
Candidate_159,"Experienced professional skilled in Machine Learning, Scrum, Communication.","Machine Learning, Scrum, Communication",MBA,7,Job_366,Frontend Developer,"Agile, Machine Learning, Scrum, Node.js, Java",0.52,Shortlisted
Candidate_873,"Experienced professional skilled in Deep Learning, Communication, C++.","Deep Learning, Communication, C++",M.Sc,11,Job_305,Backend Developer,"Python, Communication, Scrum",0.6,Shortlisted
Candidate_134,"Experienced professional skilled in React, Project Management, Communication, Scrum, Leadership.","React, Project Management, Communication, Scrum, Leadership",M.Tech,8,Job_498,Machine Learning Engineer,"Deep Learning, Leadership",0.62,Shortlisted
Candidate_153,"Experienced professional skilled in C++, Leadership, Agile.","C++, Leadership, Agile",B.Sc,4,Job_278,Machine Learning Engineer,"SQL, Agile, Communication, Leadership",0.46,Rejected
Candidate_343,"Experienced professional skilled in C++, Node.js, Communication, Deep Learning.","C++, Node.js, Communication, Deep Learning",M.Sc,8,Job_292,Machine Learning Engineer,"Agile, React",0.32,Rejected
Candidate_629,"Experienced professional skilled in Python, Java, Project Management, SQL.","Python, Java, Project Management, SQL",MBA,13,Job_23,Software Engineer,"Scrum, Machine Learning, C++, Deep Learning",0.4,Rejected
Candidate_966,"Experienced professional skilled in Python, Java, Communication, Agile.","Python, Java, Communication, Agile",M.Sc,15,Job_79,Software Engineer,"React, Machine Learning, Python, Communication, Agile",0.76,Hired
Candidate_344,"Experienced professional skilled in Project Management, Java, Python.","Project Management, Java, Python",B.Sc,7,Job_93,Software Engineer,"Deep Learning, Machine Learning, React, Leadership",0.28,Rejected
Candidate_820,"Experienced professional skilled in Project Management, Leadership, Scrum, Machine Learning, Communication.","Project Management, Leadership, Scrum, Machine Learning, Communication",B.Tech,14,Job_465,Machine Learning Engineer,"SQL, C++",0.4,Rejected
Candidate_2,"Experienced professional skilled in Machine Learning, Node.js, Communication, Project Management, Agile, Deep Learning.","Machine Learning, Node.js, Communication, Project Management, Agile, Deep Learning",B.Sc,7,Job_303,Software Engineer,"Project Management, SQL",0.58,Shortlisted
Candidate_412,"Experienced professional skilled in Node.js, Agile, Java.","Node.js, Agile, Java",M.Tech,2,Job_50,Project Manager,"Project Management, C++, Leadership",0.08,Rejected
Candidate_260,"Experienced professional skilled in Python, Agile, Leadership.","Python, Agile, Leadership",B.Tech,9,Job_464,Machine Learning Engineer,"Leadership, Project Management, Scrum, Machine Learning",0.51,Shortlisted
Candidate_597,"Experienced professional skilled in Agile, Project Management, Java, Communication, React, Leadership.","Agile, Project Management, Java, Communication, React, Leadership",MBA,10,Job_193,Data Scientist,"Machine Learning, SQL",0.4,Rejected
Candidate_830,"Experienced professional skilled in Leadership, Java, React, Node.js.","Leadership, Java, React, Node.js",B.Tech,4,Job_287,Backend Developer,"C++, React, Python",0.36,Rejected
Candidate_487,"Experienced professional skilled in Scrum, Agile, C++.","Scrum, Agile, C++",B.Tech,2,Job_307,Software Engineer,"Project Management, SQL, React, Node.js, Python",0.08,Rejected
Candidate_896,"Experienced professional skilled in Deep Learning, Machine Learning, Communication.","Deep Learning, Machine Learning, Communication",B.Sc,12,Job_163,Data Scientist,"Node.js, Deep Learning, Agile, C++, Leadership",0.52,Shortlisted
Candidate_942,"Experienced professional skilled in Java, C++, Project Management, Deep Learning.","Java, C++, Project Management, Deep Learning",M.Tech,2,Job_312,Project Manager,"Java, React, Leadership",0.28,Rejected
Candidate_928,"Experienced professional skilled in Node.js, Agile, Project Management, Leadership, Machine Learning, Python.","Node.js, Agile, Project Management, Leadership, Machine Learning, Python",MBA,8,Job_308,Project Manager,"React, Deep Learning, C++",0.32,Rejected
Candidate_633,"Experienced professional skilled in Node.js, Python, C++.","Node.js, Python, C++",B.Sc,11,Job_7,Data Scientist,"React, Deep Learning",0.4,Rejected
Candidate_433,"Experienced professional skilled in Leadership, Machine Learning, Java, Project Management, Communication.","Leadership, Machine Learning, Java, Project Management, Communication",M.Sc,7,Job_216,Backend Developer,"Node.js, Deep Learning, Machine Learning, Leadership, Python",0.52,Shortlisted
Candidate_193,"Experienced professional skilled in Node.js, Python, Java, Leadership, Project Management.","Node.js, Python, Java, Leadership, Project Management",MBA,4,Job_63,Project Manager,"React, SQL, Scrum, Agile",0.16,Rejected
Candidate_391,"Experienced professional skilled in Python, Node.js, Deep Learning, React, Machine Learning.","Python, Node.js, Deep Learning, React, Machine Learning",M.Tech,8,Job_41,Frontend Developer,"Communication, C++, Python, Leadership",0.47,Rejected
Candidate_165,"Experienced professional skilled in Deep Learning, SQL, Scrum, Leadership, Node.js.","Deep Learning, SQL, Scrum, Leadership, Node.js",M.Tech,13,Job_344,Software Engineer,"C++, Project Management, Deep Learning",0.6,Shortlisted
Candidate_966,"Experienced professional skilled in SQL, Project Management, Machine Learning.","SQL, Project Management, Machine Learning",B.Sc,5,Job_35,Machine Learning Engineer,"C++, React, SQL, Python, Scrum",0.32,Rejected
Candidate_179,"Experienced professional skilled in Communication, Scrum, SQL.","Communication, Scrum, SQL",B.Tech,11,Job_107,Data Scientist,"React, Scrum, C++, Java",0.55,Shortlisted
Candidate_979,"Experienced professional skilled in Scrum, Agile, React, Python, Communication.","Scrum, Agile, React, Python, Communication",M.Sc,14,Job_162,Software Engineer,"Scrum, Java",0.7,Shortlisted
Candidate_667,"Experienced professional skilled in Communication, Project Management, Machine Learning, SQL.","Communication, Project Management, Machine Learning, SQL",M.Tech,11,Job_355,Software Engineer,"Deep Learning, Machine Learning, Agile, SQL",0.7,Shortlisted
Candidate_61,"Experienced professional skilled in Project Management, Python, Machine Learning, SQL, Leadership, C++.","Project Management, Python, Machine Learning, SQL, Leadership, C++",M.Sc,5,Job_96,Frontend Developer,"Deep Learning, Scrum",0.2,Rejected
Candidate_240,"Experienced professional skilled in Machine Learning, Scrum, Communication.","Machine Learning, Scrum, Communication",B.Sc,7,Job_62,Data Scientist,"Python, SQL",0.28,Rejected
Candidate_295,"Experienced professional skilled in Java, Deep Learning, Python.","Java, Deep Learning, Python",M.Tech,6,Job_142,Backend Developer,"Machine Learning, C++",0.24,Rejected
Candidate_808,"Experienced professional skilled in Python, Java, Machine Learning.","Python, Java, Machine Learning",M.Tech,14,Job_262,Project Manager,"Agile, Machine Learning, Scrum, Project Management, Java",0.64,Shortlisted
Candidate_409,"Experienced professional skilled in C++, Java, SQL, Scrum, Communication, Deep Learning.","C++, Java, SQL, Scrum, Communication, Deep Learning",B.Sc,2,Job_261,Software Engineer,"Leadership, Machine Learning, Communication",0.28,Rejected
Candidate_807,"Experienced professional skilled in Project Management, Leadership, SQL, Deep Learning, Scrum.","Project Management, Leadership, SQL, Deep Learning, Scrum",M.Tech,1,Job_392,Project Manager,"C++, Python, Leadership, React, Java",0.16,Rejected
Candidate_767,"Experienced professional skilled in Python, C++, SQL.","Python, C++, SQL",M.Tech,2,Job_123,Data Scientist,"Java, Node.js",0.08,Rejected
Candidate_164,"Experienced professional skilled in Deep Learning, Node.js, Java, Communication, Agile, Python.","Deep Learning, Node.js, Java, Communication, Agile, Python",MBA,7,Job_178,Software Engineer,"Deep Learning, Agile",0.88,Hired
Candidate_500,"Experienced professional skilled in Deep Learning, Machine Learning, Python, Communication.","Deep Learning, Machine Learning, Python, Communication",M.Tech,8,Job_386,Project Manager,"Leadership, Node.js",0.32,Rejected
Candidate_2,"Experienced professional skilled in Java, React, Machine Learning.","Java, React, Machine Learning",B.Sc,3,Job_45,Software Engineer,"Communication, SQL",0.12,Rejected
Candidate_656,"Experienced professional skilled in SQL, Communication, Project Management.","SQL, Communication, Project Management",M.Sc,15,Job_361,Project Manager,"Scrum, Machine Learning",0.4,Rejected
Candidate_956,"Experienced professional skilled in Communication, Java, Python, React.","Communication, Java, Python, React",B.Sc,6,Job_49,Machine Learning Engineer,"Python, C++, Leadership, Communication, Project Management",0.48,Rejected
Candidate_736,"Experienced professional skilled in C++, React, Java.","C++, React, Java",B.Tech,1,Job_139,Frontend Developer,"Deep Learning, Node.js, Leadership, Python",0.04,Rejected
Candidate_458,"Experienced professional skilled in Leadership, Deep Learning, Project Management, Node.js, React.","Leadership, Deep Learning, Project Management, Node.js, React",M.Tech,7,Job_130,Software Engineer,"Machine Learning, Project Management, Agile, Java",0.43,Rejected
Candidate_925,"Experienced professional skilled in Communication, Scrum, SQL, Python.","Communication, Scrum, SQL, Python",MBA,11,Job_375,Frontend Developer,"Node.js, Java",0.4,Rejected
Candidate_743,"Experienced professional skilled in Python, Communication, Leadership.","Python, Communication, Leadership",MBA,4,Job_87,Frontend Developer,"Scrum, React, Communication",0.36,Rejected
Candidate_770,"Experienced professional skilled in Leadership, Deep Learning, Project Management.","Leadership, Deep Learning, Project Management",M.Tech,4,Job_117,Project Manager,"Deep Learning, Machine Learning, Leadership",0.56,Shortlisted
Candidate_944,"Experienced professional skilled in Node.js, SQL, C++, Deep Learning.","Node.js, SQL, C++, Deep Learning",M.Sc,1,Job_10,Data Scientist,"SQL, Python, C++, Node.js",0.49,Rejected
Candidate_664,"Experienced professional skilled in Leadership, C++, Communication, Deep Learning, Node.js, Python.","Leadership, C++, Communication, Deep Learning, Node.js, Python",B.Tech,9,Job_101,Software Engineer,"Java, Communication, Deep Learning",0.76,Hired
Candidate_836,"Experienced professional skilled in Deep Learning, Python, SQL, Java, Project Management.","Deep Learning, Python, SQL, Java, Project Management",M.Sc,15,Job_434,Data Scientist,"Java, React, C++, Leadership",0.55,Shortlisted
Candidate_405,"Experienced professional skilled in SQL, Leadership, C++, React, Scrum, Communication.","SQL, Leadership, C++, React, Scrum, Communication",MBA,7,Job_43,Machine Learning Engineer,"Java, React, Deep Learning",0.48,Rejected
Candidate_466,"Experienced professional skilled in React, C++, Project Management, Leadership, Agile, Communication.","React, C++, Project Management, Leadership, Agile, Communication",MBA,4,Job_369,Machine Learning Engineer,"Java, C++",0.46,Rejected
Candidate_545,"Experienced professional skilled in Machine Learning, Project Management, React, Leadership.","Machine Learning, Project Management, React, Leadership",M.Sc,2,Job_64,Frontend Developer,"Leadership, C++, Communication, SQL, Project Management",0.32,Rejected
Candidate_663,"Experienced professional skilled in Project Management, Python, SQL, Java, Agile.","Project Management, Python, SQL, Java, Agile",MBA,4,Job_81,Machine Learning Engineer,"React, Node.js, Deep Learning",0.16,Rejected
Candidate_693,"Experienced professional skilled in SQL, Python, Deep Learning.","SQL, Python, Deep Learning",B.Tech,2,Job_109,Frontend Developer,"Python, Leadership, SQL, Deep Learning",0.53,Shortlisted
Candidate_192,"Experienced professional skilled in Communication, Deep Learning, SQL, Agile, Python, Java.","Communication, Deep Learning, SQL, Agile, Python, Java",MBA,14,Job_465,Software Engineer,"C++, Communication, Deep Learning",0.8,Hired
Candidate_36,"Experienced professional skilled in SQL, Machine Learning, Leadership, Agile, C++.","SQL, Machine Learning, Leadership, Agile, C++",B.Tech,6,Job_119,Backend Developer,"React, Node.js, Leadership, Project Management, Deep Learning",0.36,Rejected
Candidate_720,"Experienced professional skilled in Node.js, Scrum, Communication, React.","Node.js, Scrum, Communication, React",MBA,13,Job_85,Machine Learning Engineer,"Leadership, React",0.7,Shortlisted
Candidate_948,"Experienced professional skilled in Deep Learning, Scrum, Python, Communication.","Deep Learning, Scrum, Python, Communication",M.Tech,8,Job_90,Project Manager,"Python, Project Management, SQL, React, Communication",0.56,Shortlisted
Candidate_557,"Experienced professional skilled in Leadership, Node.js, Communication, React, Deep Learning.","Leadership, Node.js, Communication, React, Deep Learning",B.Sc,3,Job_162,Machine Learning Engineer,"Node.js, C++, Deep Learning, Communication, SQL",0.48,Rejected
Candidate_818,"Experienced professional skilled in Deep Learning, Agile, Java, React.","Deep Learning, Agile, Java, React",B.Sc,11,Job_387,Machine Learning Engineer,"Python, Node.js, Java, SQL",0.55,Shortlisted
Candidate_10,"Experienced professional skilled in Python, Project Management, Deep Learning.","Python, Project Management, Deep Learning",M.Sc,9,Job_117,Machine Learning Engineer,"Communication, Scrum, C++",0.36,Rejected
Candidate_666,"Experienced professional skilled in Leadership, React, Python, Communication.","Leadership, React, Python, Communication",MBA,7,Job_46,Machine Learning Engineer,"Leadership, Agile, React, Deep Learning, Communication",0.64,Shortlisted
Candidate_892,"Experienced professional skilled in Python, Node.js, Agile.","Python, Node.js, Agile",M.Sc,8,Job_340,Software Engineer,"Deep Learning, Communication, Java, C++",0.32,Rejected
Candidate_197,"Experienced professional skilled in Project Management, C++, Python, Deep Learning, Communication.","Project Management, C++, Python, Deep Learning, Communication",M.Tech,10,Job_433,Frontend Developer,"Java, Project Management",0.7,Shortlisted
Candidate_460,"Experienced professional skilled in Communication, C++, React, Deep Learning, Scrum, SQL.","Communication, C++, React, Deep Learning, Scrum, SQL",M.Sc,5,Job_490,Frontend Developer,"Scrum, Node.js, Python, React",0.5,Shortlisted
Candidate_85,"Experienced professional skilled in Node.js, SQL, Communication, Project Management.","Node.js, SQL, Communication, Project Management",B.Tech,6,Job_353,Software Engineer,"Project Management, C++, SQL, Communication",0.69,Shortlisted
Candidate_778,"Experienced professional skilled in Deep Learning, Machine Learning, SQL, Node.js, C++, Scrum.","Deep Learning, Machine Learning, SQL, Node.js, C++, Scrum",B.Tech,6,Job_170,Frontend Developer,"Scrum, Python, React, Deep Learning",0.54,Shortlisted
Candidate_628,"Experienced professional skilled in Java, Project Management, C++.","Java, Project Management, C++",M.Tech,10,Job_311,Data Scientist,"Project Management, Agile, Python",0.6,Shortlisted
Candidate_664,"Experienced professional skilled in Leadership, React, Deep Learning, Communication.","Leadership, React, Deep Learning, Communication",B.Sc,13,Job_10,Data Scientist,"C++, Python, Deep Learning, Leadership",0.7,Shortlisted
Candidate_295,"Experienced professional skilled in Machine Learning, React, Project Management, Java.","Machine Learning, React, Project Management, Java",M.Tech,10,Job_293,Project Manager,"Node.js, React",0.7,Shortlisted
Candidate_72,"Experienced professional skilled in Deep Learning, C++, Java.","Deep Learning, C++, Java",M.Tech,10,Job_13,Machine Learning Engineer,"Deep Learning, Agile",0.7,Shortlisted
Candidate_389,"Experienced professional skilled in Scrum, Machine Learning, Agile, Java, Deep Learning.","Scrum, Machine Learning, Agile, Java, Deep Learning",B.Sc,8,Job_257,Backend Developer,"Project Management, React",0.32,Rejected
Candidate_822,"Experienced professional skilled in Communication, SQL, Node.js, Project Management.","Communication, SQL, Node.js, Project Management",B.Sc,5,Job_180,Backend Developer,"C++, Machine Learning, Python",0.2,Rejected
Candidate_252,"Experienced professional skilled in Python, C++, Deep Learning, Scrum, Agile, Machine Learning.","Python, C++, Deep Learning, Scrum, Agile, Machine Learning",MBA,13,Job_97,Data Scientist,"C++, Java, Communication, Node.js",0.55,Shortlisted
Candidate_190,"Experienced professional skilled in C++, Communication, Node.js, Machine Learning.","C++, Communication, Node.js, Machine Learning",M.Sc,7,Job_25,Machine Learning Engineer,"Communication, Scrum, Leadership, React, Deep Learning",0.4,Rejected
Candidate_63,"Experienced professional skilled in Java, Project Management, Scrum.","Java, Project Management, Scrum",MBA,11,Job_323,Backend Developer,"Java, SQL, Agile",0.6,Shortlisted
Candidate_335,"Experienced professional skilled in Python, Agile, SQL, Deep Learning, Node.js, Machine Learning.","Python, Agile, SQL, Deep Learning, Node.js, Machine Learning",M.Tech,10,Job_436,Software Engineer,"React, Python, Agile",0.8,Hired
Candidate_25,"Experienced professional skilled in C++, Project Management, Scrum.","C++, Project Management, Scrum",M.Sc,14,Job_306,Software Engineer,"Scrum, Node.js, React",0.6,Shortlisted
Candidate_68,"Experienced professional skilled in Node.js, Deep Learning, Python, C++, Scrum.","Node.js, Deep Learning, Python, C++, Scrum",M.Tech,11,Job_132,Machine Learning Engineer,"Project Management, Python",0.7,Shortlisted
Candidate_58,"Experienced professional skilled in Python, Deep Learning, Scrum, Communication, Java, Agile.","Python, Deep Learning, Scrum, Communication, Java, Agile",B.Tech,8,Job_190,Data Scientist,"Node.js, Agile, Project Management",0.52,Shortlisted
Candidate_661,"Experienced professional skilled in Python, Java, Machine Learning, Deep Learning.","Python, Java, Machine Learning, Deep Learning",B.Sc,15,Job_415,Project Manager,"Java, SQL",0.7,Shortlisted
Candidate_258,"Experienced professional skilled in Deep Learning, SQL, C++.","Deep Learning, SQL, C++",B.Tech,6,Job_283,Data Scientist,"C++, Project Management, Node.js",0.44,Rejected
Candidate_168,"Experienced professional skilled in Node.js, Communication, Java, SQL, React.","Node.js, Communication, Java, SQL, React",M.Sc,14,Job_36,Machine Learning Engineer,"Scrum, C++, Communication, Java, Deep Learning",0.64,Shortlisted
Candidate_44,"Experienced professional skilled in Node.js, Java, Agile, Leadership.","Node.js, Java, Agile, Leadership",M.Sc,15,Job_240,Data Scientist,"SQL, Node.js, Scrum, React",0.55,Shortlisted
Candidate_392,"Experienced professional skilled in C++, Deep Learning, React, Python, SQL, Node.js.","C++, Deep Learning, React, Python, SQL, Node.js",M.Sc,14,Job_443,Frontend Developer,"C++, Project Management, Communication, Node.js",0.7,Shortlisted
Candidate_458,"Experienced professional skilled in Agile, C++, Deep Learning, SQL, Python, Java.","Agile, C++, Deep Learning, SQL, Python, Java",MBA,2,Job_100,Frontend Developer,"React, C++",0.38,Rejected
Candidate_629,"Experienced professional skilled in Machine Learning, Leadership, Agile, Scrum, Project Management, Python.","Machine Learning, Leadership, Agile, Scrum, Project Management, Python",B.Tech,14,Job_215,Project Manager,"Deep Learning, C++",0.4,Rejected
Candidate_771,"Experienced professional skilled in Python, SQL, Project Management, Agile.","Python, SQL, Project Management, Agile",B.Tech,12,Job_227,Data Scientist,"Node.js, Project Management",0.7,Shortlisted
Candidate_417,"Experienced professional skilled in Project Management, SQL, Communication.","Project Management, SQL, Communication",B.Sc,2,Job_280,Project Manager,"Scrum, Leadership",0.08,Rejected
Candidate_169,"Experienced professional skilled in Deep Learning, Scrum, SQL.","Deep Learning, Scrum, SQL",B.Tech,15,Job_404,Backend Developer,"Java, Node.js",0.4,Rejected
Candidate_241,"Experienced professional skilled in Scrum, Deep Learning, Leadership, C++, Communication.","Scrum, Deep Learning, Leadership, C++, Communication",M.Tech,10,Job_85,Frontend Developer,"Project Management, Scrum, Deep Learning, Python, Agile",0.64,Shortlisted
Candidate_317,"Experienced professional skilled in Project Management, Leadership, Node.js, Communication, C++, SQL.","Project Management, Leadership, Node.js, Communication, C++, SQL",M.Sc,9,Job_199,Data Scientist,"Communication, Node.js, C++, Scrum, Python",0.72,Shortlisted
Candidate_417,"Experienced professional skilled in C++, Communication, Scrum, Leadership, Deep Learning.","C++, Communication, Scrum, Leadership, Deep Learning",MBA,5,Job_150,Software Engineer,"Deep Learning, Agile, Leadership, Java",0.5,Shortlisted
Candidate_796,"Experienced professional skilled in React, SQL, Machine Learning, Agile.","React, SQL, Machine Learning, Agile",B.Tech,6,Job_129,Backend Developer,"Project Management, SQL, Machine Learning",0.64,Shortlisted
Candidate_998,"Experienced professional skilled in Python, Agile, Machine Learning, Node.js.","Python, Agile, Machine Learning, Node.js",B.Tech,9,Job_190,Software Engineer,"Scrum, Python, React, Leadership",0.51,Shortlisted
Candidate_906,"Experienced professional skilled in Machine Learning, Project Management, SQL, React.","Machine Learning, Project Management, SQL, React",B.Tech,12,Job_246,Frontend Developer,"Leadership, Scrum",0.4,Rejected
Candidate_586,"Experienced professional skilled in SQL, C++, Python, React, Java, Communication.","SQL, C++, Python, React, Java, Communication",MBA,5,Job_125,Software Engineer,"SQL, Machine Learning",0.5,Shortlisted
Candidate_658,"Experienced professional skilled in Java, Leadership, Scrum, Agile, Communication.","Java, Leadership, Scrum, Agile, Communication",B.Tech,12,Job_257,Machine Learning Engineer,"Machine Learning, Agile, Python, Project Management, Node.js",0.52,Shortlisted
Candidate_623,"Experienced professional skilled in Machine Learning, Python, Agile, React, Project Management, Node.js.","Machine Learning, Python, Agile, React, Project Management, Node.js",M.Tech,3,Job_407,Project Manager,"SQL, Node.js, Deep Learning, React, Leadership",0.36,Rejected
Candidate_689,"Experienced professional skilled in Node.js, Machine Learning, C++.","Node.js, Machine Learning, C++",MBA,11,Job_329,Backend Developer,"Agile, SQL, React",0.4,Rejected
Candidate_638,"Experienced professional skilled in SQL, React, Python, Project Management.","SQL, React, Python, Project Management",MBA,5,Job_286,Backend Developer,"SQL, Machine Learning, React, Agile",0.5,Shortlisted
Candidate_660,"Experienced professional skilled in React, Python, Java, Deep Learning, Scrum.","React, Python, Java, Deep Learning, Scrum",MBA,14,Job_446,Machine Learning Engineer,"Project Management, SQL",0.4,Rejected
Candidate_722,"Experienced professional skilled in Python, Node.js, Leadership.","Python, Node.js, Leadership",M.Sc,5,Job_364,Software Engineer,"C++, Scrum, Python, Node.js",0.5,Shortlisted
Candidate_387,"Experienced professional skilled in C++, Node.js, Java, SQL.","C++, Node.js, Java, SQL",B.Tech,2,Job_24,Frontend Developer,"Python, Deep Learning, Scrum, C++",0.23,Rejected
Candidate_299,"Experienced professional skilled in Communication, Leadership, React, Agile, Machine Learning, SQL.","Communication, Leadership, React, Agile, Machine Learning, SQL",M.Tech,2,Job_479,Backend Developer,"Java, Python",0.08,Rejected
Candidate_842,"Experienced professional skilled in Scrum, Leadership, SQL, Communication.","Scrum, Leadership, SQL, Communication",B.Sc,9,Job_487,Machine Learning Engineer,"Python, Java, SQL, Communication, Scrum",0.72,Shortlisted
Candidate_181,"Experienced professional skilled in SQL, C++, Machine Learning, React, Leadership.","SQL, C++, Machine Learning, React, Leadership",MBA,2,Job_403,Software Engineer,"Agile, Communication, SQL, Project Management",0.23,Rejected
Candidate_335,"Experienced professional skilled in Communication, Agile, Node.js.","Communication, Agile, Node.js",M.Tech,14,Job_48,Machine Learning Engineer,"Node.js, Project Management, C++, Communication",0.7,Shortlisted
Candidate_785,"Experienced professional skilled in Project Management, Leadership, Java, Node.js, SQL, Scrum.","Project Management, Leadership, Java, Node.js, SQL, Scrum",M.Tech,2,Job_269,Project Manager,"Communication, Java, Machine Learning, Scrum",0.38,Rejected
Candidate_186,"Experienced professional skilled in Scrum, Communication, Project Management, Agile, Deep Learning, Java.","Scrum, Communication, Project Management, Agile, Deep Learning, Java",M.Tech,14,Job_63,Data Scientist,"Machine Learning, SQL, Scrum, C++, Deep Learning",0.64,Shortlisted
Candidate_132,"Experienced professional skilled in Python, React, Machine Learning, Scrum.","Python, React, Machine Learning, Scrum",MBA,1,Job_429,Data Scientist,"Machine Learning, Project Management, Agile, React, Leadership",0.28,Rejected
Candidate_809,"Experienced professional skilled in Java, Communication, Agile.","Java, Communication, Agile",B.Tech,13,Job_262,Machine Learning Engineer,"Machine Learning, Communication, Node.js, Python, Java",0.64,Shortlisted
Candidate_549,"Experienced professional skilled in Node.js, Project Management, Scrum.","Node.js, Project Management, Scrum",B.Tech,4,Job_414,Backend Developer,"SQL, Communication, Python, Deep Learning",0.16,Rejected
Candidate_316,"Experienced professional skilled in Node.js, Communication, Leadership, Python.","Node.js, Communication, Leadership, Python",B.Tech,7,Job_264,Data Scientist,"Deep Learning, Project Management",0.28,Rejected
Candidate_511,"Experienced professional skilled in Deep Learning, Java, Leadership.","Deep Learning, Java, Leadership",M.Sc,2,Job_224,Data Scientist,"React, SQL, Machine Learning, Node.js, C++",0.08,Rejected
Candidate_479,"Experienced professional skilled in Agile, Node.js, Project Management, Java, Communication.","Agile, Node.js, Project Management, Java, Communication",M.Sc,13,Job_293,Frontend Developer,"Deep Learning, React, Machine Learning, Python",0.4,Rejected
Candidate_833,"Experienced professional skilled in C++, React, Leadership, Scrum, Project Management.","C++, React, Leadership, Scrum, Project Management",M.Sc,13,Job_329,Machine Learning Engineer,"Java, Node.js, Machine Learning, React, Agile",0.52,Shortlisted
Candidate_554,"Experienced professional skilled in Machine Learning, Node.js, Communication, Project Management, Python, Agile.","Machine Learning, Node.js, Communication, Project Management, Python, Agile",MBA,10,Job_28,Frontend Developer,"Project Management, Communication",1.0,Hired
Candidate_247,"Experienced professional skilled in C++, SQL, Deep Learning, React.","C++, SQL, Deep Learning, React",MBA,2,Job_319,Machine Learning Engineer,"Agile, Scrum, C++, Java",0.23,Rejected
Candidate_539,"Experienced professional skilled in Machine Learning, Node.js, Agile, C++, Project Management, Communication.","Machine Learning, Node.js, Agile, C++, Project Management, Communication",B.Tech,13,Job_362,Backend Developer,"Java, Project Management, Agile, C++, SQL",0.76,Hired
Candidate_917,"Experienced professional skilled in Project Management, Agile, C++, Java, Node.js.","Project Management, Agile, C++, Java, Node.js",MBA,15,Job_462,Project Manager,"Java, Project Management, Node.js, React",0.85,Hired
Candidate_710,"Experienced professional skilled in Machine Learning, Python, Project Management, React, Scrum, Node.js.","Machine Learning, Python, Project Management, React, Scrum, Node.js",M.Tech,15,Job_99,Data Scientist,"Machine Learning, C++, Project Management, Python, SQL",0.76,Hired
Candidate_540,"Experienced professional skilled in Communication, React, C++, Agile, Leadership, Scrum.","Communication, React, C++, Agile, Leadership, Scrum",B.Sc,12,Job_182,Backend Developer,"Leadership, Node.js, C++, SQL, Deep Learning",0.64,Shortlisted
Candidate_255,"Experienced professional skilled in Scrum, Python, React.","Scrum, Python, React",M.Tech,4,Job_199,Project Manager,"Agile, Node.js, Leadership, Communication, SQL",0.16,Rejected
Candidate_43,"Experienced professional skilled in Project Management, Java, Deep Learning, Python, C++, Leadership.","Project Management, Java, Deep Learning, Python, C++, Leadership",B.Sc,13,Job_459,Machine Learning Engineer,"Project Management, Leadership, Java",1.0,Hired
Candidate_672,"Experienced professional skilled in Agile, Communication, Scrum.","Agile, Communication, Scrum",B.Tech,6,Job_38,Backend Developer,"Deep Learning, Python",0.24,Rejected
Candidate_404,"Experienced professional skilled in C++, React, Machine Learning, Agile, Java, Project Management.","C++, React, Machine Learning, Agile, Java, Project Management",M.Sc,15,Job_206,Frontend Developer,"Machine Learning, Node.js",0.7,Shortlisted
Candidate_142,"Experienced professional skilled in Node.js, Scrum, Agile, React.","Node.js, Scrum, Agile, React",M.Tech,10,Job_285,Backend Developer,"Project Management, Java",0.4,Rejected
Candidate_979,"Experienced professional skilled in Deep Learning, Agile, Machine Learning, Java, Project Management.","Deep Learning, Agile, Machine Learning, Java, Project Management",M.Sc,14,Job_210,Backend Developer,"Java, Node.js, SQL, React, Leadership",0.52,Shortlisted
Candidate_652,"Experienced professional skilled in Agile, SQL, React, Communication.","Agile, SQL, React, Communication",M.Tech,11,Job_434,Data Scientist,"Scrum, Communication, Java, Machine Learning",0.55,Shortlisted
Candidate_23,"Experienced professional skilled in Python, Java, SQL, Node.js, Machine Learning, Agile.","Python, Java, SQL, Node.js, Machine Learning, Agile",B.Sc,14,Job_496,Data Scientist,"Machine Learning, React",0.7,Shortlisted
Candidate_259,"Experienced professional skilled in Deep Learning, Machine Learning, Node.js.","Deep Learning, Machine Learning, Node.js",MBA,2,Job_418,Backend Developer,"Node.js, C++, Machine Learning, React",0.38,Rejected
Candidate_804,"Experienced professional skilled in Leadership, SQL, Machine Learning, Project Management, Communication, Deep Learning.","Leadership, SQL, Machine Learning, Project Management, Communication, Deep Learning",M.Sc,3,Job_202,Project Manager,"SQL, Communication",0.72,Shortlisted
Candidate_971,"Experienced professional skilled in Python, React, Agile.","Python, React, Agile",M.Tech,8,Job_237,Machine Learning Engineer,"React, Agile, Machine Learning, Java",0.62,Shortlisted
Candidate_588,"Experienced professional skilled in Leadership, Java, Scrum, SQL, Node.js.","Leadership, Java, Scrum, SQL, Node.js",B.Sc,3,Job_314,Data Scientist,"Python, Java, React",0.32,Rejected
Candidate_310,"Experienced professional skilled in Agile, Deep Learning, Communication.","Agile, Deep Learning, Communication",M.Sc,1,Job_204,Project Manager,"C++, Communication, Python, React, Project Management",0.16,Rejected
Candidate_568,"Experienced professional skilled in Leadership, Node.js, Agile, React.","Leadership, Node.js, Agile, React",MBA,6,Job_163,Project Manager,"Java, Machine Learning, Deep Learning, Project Management",0.24,Rejected
Candidate_352,"Experienced professional skilled in Agile, Project Management, C++, SQL, Leadership.","Agile, Project Management, C++, SQL, Leadership",B.Tech,5,Job_121,Backend Developer,"Agile, React",0.5,Shortlisted
Candidate_923,"Experienced professional skilled in Leadership, Node.js, SQL.","Leadership, Node.js, SQL",M.Sc,13,Job_91,Data Scientist,"Node.js, Java, React, Project Management",0.55,Shortlisted
Candidate_854,"Experienced professional skilled in React, Machine Learning, Leadership, Communication, C++, Deep Learning.","React, Machine Learning, Leadership, Communication, C++, Deep Learning",M.Sc,7,Job_174,Frontend Developer,"Scrum, Project Management, Node.js, Deep Learning",0.43,Rejected
Candidate_303,"Experienced professional skilled in Communication, Leadership, Deep Learning, Node.js, Machine Learning, SQL.","Communication, Leadership, Deep Learning, Node.js, Machine Learning, SQL",B.Sc,13,Job_25,Backend Developer,"Scrum, Agile, Deep Learning",0.6,Shortlisted
Candidate_775,"Experienced professional skilled in React, Scrum, Java, C++, Machine Learning.","React, Scrum, Java, C++, Machine Learning",M.Sc,9,Job_226,Software Engineer,"SQL, Python, Machine Learning",0.56,Shortlisted
Candidate_56,"Experienced professional skilled in Deep Learning, SQL, Python.","Deep Learning, SQL, Python",M.Sc,4,Job_475,Backend Developer,"SQL, Scrum, Node.js, Project Management, Machine Learning",0.28,Rejected
Candidate_864,"Experienced professional skilled in Machine Learning, C++, Deep Learning, Communication.","Machine Learning, C++, Deep Learning, Communication",M.Tech,5,Job_59,Project Manager,"C++, Communication, Deep Learning",0.8,Hired
Candidate_238,"Experienced professional skilled in C++, Leadership, Machine Learning.","C++, Leadership, Machine Learning",MBA,13,Job_413,Frontend Developer,"Node.js, Deep Learning, C++, SQL, Python",0.52,Shortlisted
Candidate_407,"Experienced professional skilled in C++, Communication, Leadership, Node.js, Agile.","C++, Communication, Leadership, Node.js, Agile",M.Sc,6,Job_453,Data Scientist,"SQL, Deep Learning",0.24,Rejected
Candidate_104,"Experienced professional skilled in Leadership, Deep Learning, Scrum, Communication, Project Management, React.","Leadership, Deep Learning, Scrum, Communication, Project Management, React",M.Sc,7,Job_249,Backend Developer,"Node.js, Project Management, Scrum",0.68,Shortlisted
Candidate_569,"Experienced professional skilled in Deep Learning, Agile, Communication, Leadership, Node.js.","Deep Learning, Agile, Communication, Leadership, Node.js",B.Tech,2,Job_113,Software Engineer,"C++, Deep Learning, Node.js, React",0.38,Rejected
Candidate_490,"Experienced professional skilled in Machine Learning, Node.js, Java, Leadership.","Machine Learning, Node.js, Java, Leadership",B.Sc,5,Job_95,Backend Developer,"Java, Project Management, Scrum, React",0.35,Rejected
Candidate_603,"Experienced professional skilled in Communication, Node.js, C++, Java.","Communication, Node.js, C++, Java",MBA,8,Job_311,Backend Developer,"Project Management, Machine Learning",0.32,Rejected
Candidate_464,"Experienced professional skilled in Python, Communication, Leadership, Project Management, React, C++.","Python, Communication, Leadership, Project Management, React, C++",B.Tech,2,Job_465,Backend Developer,"React, Deep Learning, Agile, Java, Python",0.32,Rejected
Candidate_87,"Experienced professional skilled in SQL, Agile, Node.js, Project Management, C++.","SQL, Agile, Node.js, Project Management, C++",M.Tech,3,Job_233,Machine Learning Engineer,"Java, Agile, C++, Machine Learning",0.42,Rejected
Candidate_379,"Experienced professional skilled in Node.js, Python, Communication, SQL.","Node.js, Python, Communication, SQL",M.Tech,10,Job_436,Data Scientist,"Deep Learning, Leadership, SQL, Agile, Java",0.52,Shortlisted
Candidate_479,"Experienced professional skilled in Agile, Node.js, Scrum.","Agile, Node.js, Scrum",MBA,14,Job_408,Backend Developer,"Scrum, SQL, Project Management, React, Java",0.52,Shortlisted
Candidate_662,"Experienced professional skilled in Java, Python, SQL, Deep Learning.","Java, Python, SQL, Deep Learning",B.Tech,6,Job_1,Software Engineer,"SQL, Java, Agile, C++, React",0.48,Rejected
Candidate_577,"Experienced professional skilled in Deep Learning, Project Management, React, Java, Scrum, Agile.","Deep Learning, Project Management, React, Java, Scrum, Agile",B.Sc,14,Job_473,Software Engineer,"Agile, Machine Learning",0.7,Shortlisted
Candidate_500,"Experienced professional skilled in Java, Node.js, Agile.","Java, Node.js, Agile",MBA,8,Job_307,Project Manager,"Project Management, Node.js, Machine Learning, Deep Learning",0.47,Rejected
Candidate_809,"Experienced professional skilled in Communication, Node.js, SQL, Project Management.","Communication, Node.js, SQL, Project Management",B.Tech,3,Job_293,Project Manager,"Project Management, Java",0.42,Rejected
Candidate_512,"Experienced professional skilled in SQL, Agile, Node.js, Deep Learning.","SQL, Agile, Node.js, Deep Learning",M.Tech,13,Job_13,Data Scientist,"Deep Learning, Python, Machine Learning",0.6,Shortlisted
Candidate_355,"Experienced professional skilled in Deep Learning, Scrum, Machine Learning, Python, React, Communication.","Deep Learning, Scrum, Machine Learning, Python, React, Communication",B.Sc,9,Job_33,Data Scientist,"Node.js, SQL",0.36,Rejected
Candidate_561,"Experienced professional skilled in Deep Learning, Scrum, Communication.","Deep Learning, Scrum, Communication",M.Sc,3,Job_389,Machine Learning Engineer,"Node.js, Python",0.12,Rejected
Candidate_646,"Experienced professional skilled in React, Deep Learning, Agile, Project Management, Node.js, Machine Learning.","React, Deep Learning, Agile, Project Management, Node.js, Machine Learning",B.Tech,15,Job_456,Software Engineer,"Agile, Node.js, Machine Learning, Communication",0.85,Hired
Candidate_564,"Experienced professional skilled in C++, Communication, Leadership, Project Management, Machine Learning, Python.","C++, Communication, Leadership, Project Management, Machine Learning, Python",M.Tech,6,Job_231,Project Manager,"Scrum, Project Management",0.54,Shortlisted
Candidate_541,"Experienced professional skilled in Java, SQL, Project Management, React, Node.js.","Java, SQL, Project Management, React, Node.js",B.Sc,11,Job_238,Backend Developer,"Python, Communication, Java, Machine Learning",0.55,Shortlisted
Candidate_740,"Experienced professional skilled in Python, Communication, Project Management.","Python, Communication, Project Management",B.Sc,15,Job_324,Software Engineer,"Agile, Node.js",0.4,Rejected
Candidate_681,"Experienced professional skilled in Java, C++, Project Management, React, Deep Learning, Machine Learning.","Java, C++, Project Management, React, Deep Learning, Machine Learning",B.Tech,7,Job_262,Machine Learning Engineer,"Java, Node.js, Scrum, Python, Communication",0.4,Rejected
Candidate_117,"Experienced professional skilled in Project Management, Scrum, SQL, React, Java.","Project Management, Scrum, SQL, React, Java",B.Sc,4,Job_498,Frontend Developer,"Deep Learning, C++, SQL",0.36,Rejected
Candidate_573,"Experienced professional skilled in Scrum, Leadership, Machine Learning, React, C++, Communication.","Scrum, Leadership, Machine Learning, React, C++, Communication",MBA,13,Job_411,Backend Developer,"Deep Learning, Python, Node.js",0.4,Rejected
Candidate_507,"Experienced professional skilled in Leadership, React, Node.js.","Leadership, React, Node.js",M.Sc,11,Job_165,Machine Learning Engineer,"React, C++, Communication, SQL",0.55,Shortlisted
Candidate_921,"Experienced professional skilled in Scrum, React, C++, Deep Learning, Communication.","Scrum, React, C++, Deep Learning, Communication",M.Tech,5,Job_493,Software Engineer,"Leadership, Scrum",0.5,Shortlisted
Candidate_983,"Experienced professional skilled in SQL, Scrum, React, Node.js, C++, Python.","SQL, Scrum, React, Node.js, C++, Python",MBA,15,Job_22,Data Scientist,"Deep Learning, React, Agile",0.6,Shortlisted
Candidate_794,"Experienced professional skilled in C++, Machine Learning, SQL.","C++, Machine Learning, SQL",M.Tech,4,Job_396,Backend Developer,"C++, Deep Learning, Scrum, Python, Node.js",0.28,Rejected
Candidate_142,"Experienced professional skilled in Machine Learning, Leadership, Project Management.","Machine Learning, Leadership, Project Management",B.Tech,13,Job_195,Data Scientist,"Agile, Python, Scrum",0.4,Rejected
Candidate_425,"Experienced professional skilled in C++, Machine Learning, Scrum, Node.js, Project Management, SQL.","C++, Machine Learning, Scrum, Node.js, Project Management, SQL",MBA,8,Job_69,Backend Developer,"Agile, Communication, React, Scrum, Machine Learning",0.56,Shortlisted
Candidate_458,"Experienced professional skilled in Machine Learning, Java, Python, Leadership, Deep Learning.","Machine Learning, Java, Python, Leadership, Deep Learning",B.Tech,2,Job_228,Software Engineer,"Agile, Deep Learning",0.38,Rejected
Candidate_574,"Experienced professional skilled in Agile, Leadership, React.","Agile, Leadership, React",MBA,15,Job_61,Frontend Developer,"Scrum, Communication, SQL, Node.js, Machine Learning",0.4,Rejected
Candidate_747,"Experienced professional skilled in Communication, Leadership, Java, Agile.","Communication, Leadership, Java, Agile",B.Tech,12,Job_371,Frontend Developer,"C++, SQL, React",0.4,Rejected
Candidate_764,"Experienced professional skilled in Java, Scrum, C++, Project Management, Machine Learning.","Java, Scrum, C++, Project Management, Machine Learning",MBA,11,Job_128,Backend Developer,"Communication, Agile, Leadership, Deep Learning",0.4,Rejected
Candidate_29,"Experienced professional skilled in React, Deep Learning, C++, Java, Communication.","React, Deep Learning, C++, Java, Communication",M.Sc,3,Job_344,Software Engineer,"Leadership, Python",0.12,Rejected
Candidate_607,"Experienced professional skilled in Agile, Deep Learning, Leadership.","Agile, Deep Learning, Leadership",B.Tech,14,Job_434,Data Scientist,"Machine Learning, Communication, Scrum",0.4,Rejected
Candidate_839,"Experienced professional skilled in Leadership, Agile, Communication, Python, Node.js.","Leadership, Agile, Communication, Python, Node.js",B.Sc,3,Job_403,Project Manager,"Node.js, Java, Communication, SQL, Scrum",0.36,Rejected
Candidate_819,"Experienced professional skilled in Scrum, Python, Machine Learning, Agile, Leadership.","Scrum, Python, Machine Learning, Agile, Leadership",M.Tech,9,Job_286,Data Scientist,"React, Project Management, Agile",0.56,Shortlisted
Candidate_147,"Experienced professional skilled in Project Management, Node.js, SQL.","Project Management, Node.js, SQL",B.Tech,2,Job_3,Project Manager,"Scrum, SQL, Agile, React",0.23,Rejected
Candidate_545,"Experienced professional skilled in React, Leadership, Project Management, Python.","React, Leadership, Project Management, Python",B.Tech,3,Job_121,Frontend Developer,"Leadership, Python, Machine Learning, Communication",0.42,Rejected
Candidate_632,"Experienced professional skilled in React, Java, Project Management, Node.js, SQL.","React, Java, Project Management, Node.js, SQL",M.Tech,10,Job_443,Frontend Developer,"Python, Java, Communication, React",0.7,Shortlisted
Candidate_235,"Experienced professional skilled in Deep Learning, Scrum, Agile, Leadership, Project Management.","Deep Learning, Scrum, Agile, Leadership, Project Management",MBA,10,Job_350,Software Engineer,"Node.js, Leadership, Java, Scrum, C++",0.64,Shortlisted
Candidate_404,"Experienced professional skilled in Agile, Machine Learning, SQL, Scrum, Java, Deep Learning.","Agile, Machine Learning, SQL, Scrum, Java, Deep Learning",M.Tech,2,Job_405,Backend Developer,"Deep Learning, Java, Python, Agile, Project Management",0.44,Rejected
Candidate_294,"Experienced professional skilled in Machine Learning, React, Deep Learning, SQL, Leadership.","Machine Learning, React, Deep Learning, SQL, Leadership",MBA,4,Job_377,Frontend Developer,"Deep Learning, SQL, Machine Learning, Agile, React",0.64,Shortlisted
Candidate_988,"Experienced professional skilled in Deep Learning, Agile, Python, React, C++, Communication.","Deep Learning, Agile, Python, React, C++, Communication",B.Sc,10,Job_446,Machine Learning Engineer,"Project Management, C++",0.7,Shortlisted
Candidate_64,"Experienced professional skilled in React, Python, C++, Communication, Deep Learning, Node.js.","React, Python, C++, Communication, Deep Learning, Node.js",M.Sc,12,Job_394,Machine Learning Engineer,"C++, Agile, SQL, Java",0.55,Shortlisted
Candidate_890,"Experienced professional skilled in Leadership, Python, SQL, Node.js, C++, Machine Learning.","Leadership, Python, SQL, Node.js, C++, Machine Learning",B.Tech,15,Job_123,Frontend Developer,"C++, SQL",1.0,Hired
Candidate_585,"Experienced professional skilled in React, SQL, Machine Learning.","React, SQL, Machine Learning",B.Tech,4,Job_62,Machine Learning Engineer,"Python, Deep Learning, Scrum, C++, Leadership",0.16,Rejected
Candidate_246,"Experienced professional skilled in Scrum, C++, Java, Leadership, Machine Learning.","Scrum, C++, Java, Leadership, Machine Learning",MBA,1,Job_38,Backend Developer,"Leadership, React",0.34,Rejected
Candidate_119,"Experienced professional skilled in React, Deep Learning, Node.js, Agile, Python, Leadership.","React, Deep Learning, Node.js, Agile, Python, Leadership",MBA,14,Job_240,Project Manager,"Deep Learning, Leadership, React",1.0,Hired
Candidate_815,"Experienced professional skilled in Agile, Scrum, Deep Learning, React.","Agile, Scrum, Deep Learning, React",MBA,1,Job_112,Project Manager,"C++, Deep Learning, Leadership, Java",0.19,Rejected
Candidate_273,"Experienced professional skilled in Project Management, React, Deep Learning.","Project Management, React, Deep Learning",B.Tech,12,Job_290,Frontend Developer,"Deep Learning, Communication, SQL",0.6,Shortlisted
Candidate_467,"Experienced professional skilled in Java, Machine Learning, React.","Java, Machine Learning, React",B.Sc,3,Job_108,Machine Learning Engineer,"Scrum, Python, Deep Learning, Leadership, Node.js",0.12,Rejected
Candidate_772,"Experienced professional skilled in Deep Learning, Agile, SQL, Scrum, Leadership.","Deep Learning, Agile, SQL, Scrum, Leadership",M.Tech,6,Job_114,Machine Learning Engineer,"Scrum, Machine Learning",0.54,Shortlisted
Candidate_218,"Experienced professional skilled in React, Machine Learning, Scrum.","React, Machine Learning, Scrum",MBA,2,Job_340,Software Engineer,"Java, C++, React, Node.js",0.23,Rejected
Candidate_942,"Experienced professional skilled in Leadership, Scrum, Project Management.","Leadership, Scrum, Project Management",MBA,10,Job_420,Frontend Developer,"Scrum, Node.js, SQL, Communication, Agile",0.52,Shortlisted
Candidate_707,"Experienced professional skilled in Machine Learning, Deep Learning, Node.js, SQL.","Machine Learning, Deep Learning, Node.js, SQL",M.Sc,9,Job_492,Project Manager,"Communication, Leadership, Python, Deep Learning, Project Management",0.48,Rejected
Candidate_218,"Experienced professional skilled in Scrum, C++, Leadership, Java.","Scrum, C++, Leadership, Java",M.Sc,1,Job_267,Machine Learning Engineer,"Agile, Leadership",0.34,Rejected
Candidate_32,"Experienced professional skilled in Machine Learning, Communication, Project Management, SQL, Python.","Machine Learning, Communication, Project Management, SQL, Python",B.Tech,7,Job_221,Project Manager,"Node.js, SQL, Python, Java, Communication",0.64,Shortlisted
Candidate_683,"Experienced professional skilled in Deep Learning, Scrum, Java, Python, Project Management.","Deep Learning, Scrum, Java, Python, Project Management",MBA,2,Job_18,Machine Learning Engineer,"Agile, Deep Learning, Node.js, SQL",0.23,Rejected
Candidate_861,"Experienced professional skilled in Leadership, Machine Learning, Node.js, Java, SQL.","Leadership, Machine Learning, Node.js, Java, SQL",MBA,5,Job_338,Software Engineer,"Agile, Python, Node.js, Java",0.5,Shortlisted
Candidate_803,"Experienced professional skilled in C++, Agile, Java, Deep Learning, Communication, Python.","C++, Agile, Java, Deep Learning, Communication, Python",B.Sc,7,Job_140,Software Engineer,"Node.js, C++, Project Management, React, Communication",0.52,Shortlisted
Candidate_804,"Experienced professional skilled in Scrum, Agile, Python, React.","Scrum, Agile, Python, React",B.Tech,7,Job_22,Backend Developer,"Python, Project Management, C++",0.48,Rejected
Candidate_727,"Experienced professional skilled in Leadership, Java, SQL, Communication.","Leadership, Java, SQL, Communication",MBA,15,Job_316,Data Scientist,"SQL, Project Management, Scrum",0.6,Shortlisted
Candidate_966,"Experienced professional skilled in Machine Learning, Agile, C++, Leadership, Communication.","Machine Learning, Agile, C++, Leadership, Communication",M.Sc,8,Job_174,Frontend Developer,"Deep Learning, Agile",0.62,Shortlisted
Candidate_301,"Experienced professional skilled in Scrum, C++, Java, Leadership, React.","Scrum, C++, Java, Leadership, React",MBA,12,Job_435,Data Scientist,"Project Management, C++",0.7,Shortlisted
Candidate_335,"Experienced professional skilled in React, Java, Node.js, Project Management, Python, Leadership.","React, Java, Node.js, Project Management, Python, Leadership",M.Sc,15,Job_65,Software Engineer,"Machine Learning, Scrum, C++, Deep Learning",0.4,Rejected
Candidate_599,"Experienced professional skilled in Java, SQL, Leadership, C++, Node.js, Project Management.","Java, SQL, Leadership, C++, Node.js, Project Management",MBA,13,Job_145,Frontend Developer,"Leadership, Scrum, Machine Learning",0.6,Shortlisted
Candidate_555,"Experienced professional skilled in React, C++, SQL, Agile, Project Management, Leadership.","React, C++, SQL, Agile, Project Management, Leadership",M.Sc,3,Job_456,Data Scientist,"Node.js, Machine Learning, Leadership",0.32,Rejected
Candidate_599,"Experienced professional skilled in SQL, Communication, React.","SQL, Communication, React",B.Tech,14,Job_205,Software Engineer,"React, Machine Learning",0.7,Shortlisted
Candidate_619,"Experienced professional skilled in Python, SQL, Node.js, Communication, Project Management.","Python, SQL, Node.js, Communication, Project Management",M.Sc,14,Job_195,Software Engineer,"Project Management, Deep Learning",0.7,Shortlisted
Candidate_83,"Experienced professional skilled in Scrum, Deep Learning, React, C++, SQL.","Scrum, Deep Learning, React, C++, SQL",M.Tech,14,Job_433,Software Engineer,"Scrum, Deep Learning, Communication, Python",0.7,Shortlisted
Candidate_109,"Experienced professional skilled in Scrum, C++, Project Management, Deep Learning, React, Machine Learning.","Scrum, C++, Project Management, Deep Learning, React, Machine Learning",B.Sc,8,Job_48,Data Scientist,"Leadership, Scrum, React, Project Management, Machine Learning",0.8,Hired
Candidate_811,"Experienced professional skilled in Agile, Java, Deep Learning, Scrum, Machine Learning, Python.","Agile, Java, Deep Learning, Scrum, Machine Learning, Python",B.Sc,3,Job_80,Project Manager,"Python, SQL",0.42,Rejected
Candidate_385,"Experienced professional skilled in Machine Learning, Scrum, SQL, React, C++, Java.","Machine Learning, Scrum, SQL, React, C++, Java",M.Tech,12,Job_431,Frontend Developer,"Project Management, Node.js, SQL",0.6,Shortlisted
Candidate_993,"Experienced professional skilled in Leadership, Project Management, SQL.","Leadership, Project Management, SQL",M.Tech,14,Job_457,Backend Developer,"Project Management, Scrum, Agile",0.6,Shortlisted
Candidate_704,"Experienced professional skilled in Node.js, Project Management, Agile.","Node.js, Project Management, Agile",B.Tech,2,Job_103,Data Scientist,"Project Management, Deep Learning, Machine Learning",0.28,Rejected
Candidate_614,"Experienced professional skilled in Leadership, React, Communication.","Leadership, React, Communication",M.Tech,10,Job_39,Software Engineer,"Deep Learning, Python",0.4,Rejected
Candidate_627,"Experienced professional skilled in Project Management, Node.js, Communication, Scrum, SQL.","Project Management, Node.js, Communication, Scrum, SQL",M.Tech,6,Job_39,Data Scientist,"C++, SQL, Java, Scrum",0.54,Shortlisted
Candidate_508,"Experienced professional skilled in Leadership, Deep Learning, SQL, React.","Leadership, Deep Learning, SQL, React",M.Sc,4,Job_463,Data Scientist,"Machine Learning, Scrum",0.16,Rejected
Candidate_683,"Experienced professional skilled in Agile, Deep Learning, C++, React, Project Management.","Agile, Deep Learning, C++, React, Project Management",MBA,13,Job_212,Frontend Developer,"C++, Python",0.7,Shortlisted
Candidate_599,"Experienced professional skilled in Java, Communication, Agile, Deep Learning, C++.","Java, Communication, Agile, Deep Learning, C++",MBA,5,Job_462,Machine Learning Engineer,"React, SQL",0.2,Rejected
Candidate_794,"Experienced professional skilled in Node.js, Java, Scrum, Leadership, C++, Communication.","Node.js, Java, Scrum, Leadership, C++, Communication",MBA,7,Job_207,Project Manager,"Communication, Deep Learning, SQL, Python",0.43,Rejected
Candidate_856,"Experienced professional skilled in Leadership, Python, Java, Project Management, React.","Leadership, Python, Java, Project Management, React",M.Sc,11,Job_16,Backend Developer,"Leadership, SQL, React, Deep Learning",0.7,Shortlisted
Candidate_520,"Experienced professional skilled in Node.js, Machine Learning, SQL, Project Management, Scrum, React.","Node.js, Machine Learning, SQL, Project Management, Scrum, React",B.Sc,1,Job_140,Frontend Developer,"SQL, Leadership, C++, Project Management, Node.js",0.4,Rejected
Candidate_67,"Experienced professional skilled in Deep Learning, Agile, C++, Communication, Scrum, Python.","Deep Learning, Agile, C++, Communication, Scrum, Python",MBA,6,Job_209,Machine Learning Engineer,"Agile, Deep Learning, SQL, Leadership, Communication",0.6,Shortlisted
Candidate_138,"Experienced professional skilled in Project Management, Machine Learning, Communication, Python.","Project Management, Machine Learning, Communication, Python",B.Tech,10,Job_264,Project Manager,"C++, Communication, Java, SQL, Agile",0.52,Shortlisted
Candidate_956,"Experienced professional skilled in Machine Learning, Deep Learning, Agile.","Machine Learning, Deep Learning, Agile",B.Sc,7,Job_114,Backend Developer,"C++, SQL, Scrum, Agile",0.43,Rejected
Candidate_701,"Experienced professional skilled in React, Project Management, Java, SQL, Machine Learning.","React, Project Management, Java, SQL, Machine Learning",MBA,3,Job_308,Machine Learning Engineer,"Project Management, Machine Learning, Python, Node.js, Agile",0.36,Rejected
Candidate_407,"Experienced professional skilled in Python, Project Management, C++, Machine Learning, Communication.","Python, Project Management, C++, Machine Learning, Communication",B.Tech,5,Job_66,Data Scientist,"Deep Learning, Agile, Machine Learning, Communication, Leadership",0.44,Rejected
Candidate_883,"Experienced professional skilled in Agile, SQL, Machine Learning, Python, Scrum, React.","Agile, SQL, Machine Learning, Python, Scrum, React",MBA,9,Job_423,Frontend Developer,"Python, Leadership, Agile",0.76,Hired
Candidate_168,"Experienced professional skilled in SQL, Python, Agile, C++.","SQL, Python, Agile, C++",M.Sc,7,Job_304,Project Manager,"React, Deep Learning, Node.js, Agile, Python",0.52,Shortlisted
Candidate_510,"Experienced professional skilled in Node.js, React, Communication, Scrum.","Node.js, React, Communication, Scrum",B.Sc,5,Job_48,Project Manager,"Project Management, Leadership, Node.js",0.4,Rejected
Candidate_536,"Experienced professional skilled in SQL, Scrum, Deep Learning, Machine Learning, Java, Node.js.","SQL, Scrum, Deep Learning, Machine Learning, Java, Node.js",B.Sc,8,Job_253,Data Scientist,"Communication, Deep Learning, Scrum",0.72,Shortlisted
Candidate_369,"Experienced professional skilled in Leadership, Deep Learning, React, Scrum.","Leadership, Deep Learning, React, Scrum",M.Tech,8,Job_147,Frontend Developer,"Project Management, Python, Leadership, C++, Scrum",0.56,Shortlisted
Candidate_632,"Experienced professional skilled in C++, Python, Java.","C++, Python, Java",B.Tech,9,Job_120,Data Scientist,"Scrum, Java, Machine Learning, Communication",0.51,Shortlisted
Candidate_4,"Experienced professional skilled in Scrum, React, C++, Java.","Scrum, React, C++, Java",B.Sc,5,Job_126,Backend Developer,"Communication, Agile, Scrum, Leadership",0.35,Rejected
Candidate_346,"Experienced professional skilled in Python, Agile, Communication, C++.","Python, Agile, Communication, C++",M.Tech,7,Job_317,Data Scientist,"Agile, C++, Deep Learning, Machine Learning",0.58,Shortlisted
Candidate_442,"Experienced professional skilled in Deep Learning, Scrum, C++, Node.js, React.","Deep Learning, Scrum, C++, Node.js, React",B.Sc,12,Job_206,Frontend Developer,"Node.js, Python, Machine Learning, Project Management",0.55,Shortlisted
Candidate_271,"Experienced professional skilled in Java, SQL, Python.","Java, SQL, Python",M.Sc,7,Job_408,Software Engineer,"Project Management, C++, Python, Leadership",0.43,Rejected
Candidate_378,"Experienced professional skilled in Deep Learning, Python, Node.js, Scrum, Agile, Leadership.","Deep Learning, Python, Node.js, Scrum, Agile, Leadership",MBA,1,Job_58,Frontend Developer,"C++, Project Management, Leadership, Node.js, Agile",0.4,Rejected
Candidate_54,"Experienced professional skilled in Deep Learning, SQL, React, Node.js, Java.","Deep Learning, SQL, React, Node.js, Java",MBA,6,Job_190,Data Scientist,"React, Scrum, Leadership, C++",0.39,Rejected
Candidate_668,"Experienced professional skilled in Python, React, Node.js, Java, C++, Scrum.","Python, React, Node.js, Java, C++, Scrum",M.Tech,6,Job_467,Backend Developer,"Agile, Leadership",0.24,Rejected
Candidate_438,"Experienced professional skilled in Agile, Java, Machine Learning.","Agile, Java, Machine Learning",MBA,7,Job_14,Data Scientist,"Node.js, Project Management, Machine Learning, Java, React",0.52,Shortlisted
Candidate_838,"Experienced professional skilled in Machine Learning, SQL, Python.","Machine Learning, SQL, Python",M.Tech,15,Job_406,Machine Learning Engineer,"Python, Java, Node.js, Scrum, SQL",0.64,Shortlisted
Candidate_8,"Experienced professional skilled in Scrum, Leadership, Machine Learning, Agile, React.","Scrum, Leadership, Machine Learning, Agile, React",M.Tech,10,Job_451,Project Manager,"Machine Learning, Project Management",0.7,Shortlisted
Candidate_620,"Experienced professional skilled in Project Management, Leadership, Scrum, Python, React, Node.js.","Project Management, Leadership, Scrum, Python, React, Node.js",B.Sc,15,Job_382,Software Engineer,"C++, Leadership, Project Management, Scrum, Deep Learning",0.76,Hired
Candidate_462,"Experienced professional skilled in SQL, Leadership, Machine Learning, Python, Communication.","SQL, Leadership, Machine Learning, Python, Communication",M.Sc,5,Job_52,Machine Learning Engineer,"C++, Scrum, Node.js, Java, Python",0.32,Rejected
Candidate_871,"Experienced professional skilled in Communication, Scrum, Leadership, React, Python, Project Management.","Communication, Scrum, Leadership, React, Python, Project Management",B.Tech,5,Job_404,Project Manager,"Agile, SQL",0.2,Rejected
Candidate_901,"Experienced professional skilled in C++, Java, Deep Learning, Communication, Agile, Machine Learning.","C++, Java, Deep Learning, Communication, Agile, Machine Learning",B.Tech,2,Job_215,Backend Developer,"Machine Learning, C++, Node.js, Project Management",0.38,Rejected
Candidate_582,"Experienced professional skilled in Python, Project Management, Node.js, Deep Learning, Communication.","Python, Project Management, Node.js, Deep Learning, Communication",M.Sc,10,Job_404,Project Manager,"React, Communication, Scrum, Java, SQL",0.52,Shortlisted
Candidate_190,"Experienced professional skilled in React, Node.js, Communication, Java, Agile.","React, Node.js, Communication, Java, Agile",B.Sc,13,Job_18,Project Manager,"Java, Communication, SQL",0.8,Hired
Candidate_707,"Experienced professional skilled in Leadership, Project Management, Deep Learning, Scrum, React, C++.","Leadership, Project Management, Deep Learning, Scrum, React, C++",B.Tech,15,Job_114,Project Manager,"SQL, Java, Machine Learning",0.4,Rejected
Candidate_143,"Experienced professional skilled in Java, Scrum, Communication, Machine Learning.","Java, Scrum, Communication, Machine Learning",MBA,12,Job_229,Frontend Developer,"Python, Java, Agile, SQL",0.55,Shortlisted
Candidate_913,"Experienced professional skilled in Machine Learning, Project Management, C++, SQL, Deep Learning, Agile.","Machine Learning, Project Management, C++, SQL, Deep Learning, Agile",MBA,13,Job_29,Data Scientist,"React, SQL, Node.js",0.6,Shortlisted
Candidate_517,"Experienced professional skilled in SQL, Scrum, Communication, Node.js, Project Management.","SQL, Scrum, Communication, Node.js, Project Management",M.Sc,9,Job_488,Software Engineer,"Python, Agile, Node.js",0.56,Shortlisted
Candidate_539,"Experienced professional skilled in C++, Communication, Node.js, Scrum, Leadership, Machine Learning.","C++, Communication, Node.js, Scrum, Leadership, Machine Learning",M.Sc,14,Job_65,Backend Developer,"Node.js, Agile",0.7,Shortlisted
Candidate_936,"Experienced professional skilled in Machine Learning, C++, SQL, Node.js, Java.","Machine Learning, C++, SQL, Node.js, Java",B.Tech,7,Job_198,Project Manager,"Node.js, Project Management",0.58,Shortlisted
Candidate_552,"Experienced professional skilled in C++, Deep Learning, Python.","C++, Deep Learning, Python",MBA,10,Job_271,Software Engineer,"Communication, SQL",0.4,Rejected
Candidate_128,"Experienced professional skilled in Node.js, Machine Learning, Java, Scrum.","Node.js, Machine Learning, Java, Scrum",B.Sc,13,Job_306,Project Manager,"Agile, Python",0.4,Rejected
Candidate_613,"Experienced professional skilled in Project Management, Node.js, Scrum, Python, Communication.","Project Management, Node.js, Scrum, Python, Communication",MBA,10,Job_187,Software Engineer,"Project Management, Deep Learning, Agile, Communication, Node.js",0.76,Hired
Candidate_267,"Experienced professional skilled in C++, Python, SQL, Agile.","C++, Python, SQL, Agile",B.Tech,1,Job_62,Software Engineer,"Machine Learning, Python",0.34,Rejected
Candidate_602,"Experienced professional skilled in Node.js, Scrum, React, C++, Java.","Node.js, Scrum, React, C++, Java",MBA,12,Job_224,Machine Learning Engineer,"Java, Agile, Node.js, SQL, Deep Learning",0.64,Shortlisted
Candidate_187,"Experienced professional skilled in Communication, C++, Project Management.","Communication, C++, Project Management",B.Tech,13,Job_449,Machine Learning Engineer,"Machine Learning, Python",0.4,Rejected
Candidate_747,"Experienced professional skilled in Machine Learning, Node.js, Python, Leadership.","Machine Learning, Node.js, Python, Leadership",MBA,10,Job_375,Backend Developer,"Node.js, Deep Learning, Scrum, Agile, C++",0.52,Shortlisted
Candidate_520,"Experienced professional skilled in Python, React, Agile.","Python, React, Agile",B.Sc,3,Job_228,Machine Learning Engineer,"Machine Learning, SQL",0.12,Rejected
Candidate_749,"Experienced professional skilled in Agile, Scrum, Project Management, Node.js.","Agile, Scrum, Project Management, Node.js",M.Sc,15,Job_192,Software Engineer,"Java, SQL, Communication, Agile, Scrum",0.64,Shortlisted
Candidate_667,"Experienced professional skilled in Communication, Java, Scrum, Deep Learning, Python.","Communication, Java, Scrum, Deep Learning, Python",MBA,5,Job_403,Software Engineer,"Agile, Java, Python",0.6,Shortlisted
Candidate_675,"Experienced professional skilled in Java, Machine Learning, Leadership.","Java, Machine Learning, Leadership",M.Tech,10,Job_185,Backend Developer,"Communication, React, Deep Learning, Python, Machine Learning",0.52,Shortlisted
Candidate_520,"Experienced professional skilled in Scrum, Communication, Node.js.","Scrum, Communication, Node.js",B.Sc,9,Job_99,Backend Developer,"Project Management, Agile, Node.js, C++, Deep Learning",0.48,Rejected
Candidate_372,"Experienced professional skilled in React, Project Management, Python, Scrum, SQL.","React, Project Management, Python, Scrum, SQL",M.Sc,14,Job_454,Machine Learning Engineer,"React, Agile",0.7,Shortlisted
Candidate_582,"Experienced professional skilled in SQL, Java, C++, Project Management, React.","SQL, Java, C++, Project Management, React",M.Sc,8,Job_476,Frontend Developer,"Node.js, Java, Leadership, C++",0.62,Shortlisted
Candidate_834,"Experienced professional skilled in Scrum, Machine Learning, Node.js, Java.","Scrum, Machine Learning, Node.js, Java",M.Tech,13,Job_281,Data Scientist,"Deep Learning, Python, Java",0.6,Shortlisted
Candidate_867,"Experienced professional skilled in Scrum, Node.js, Project Management.","Scrum, Node.js, Project Management",MBA,13,Job_53,Software Engineer,"React, Scrum",0.7,Shortlisted
Candidate_678,"Experienced professional skilled in Deep Learning, Java, Agile.","Deep Learning, Java, Agile",M.Sc,6,Job_19,Project Manager,"Java, Deep Learning",0.84,Hired
Candidate_807,"Experienced professional skilled in Leadership, Scrum, Python.","Leadership, Scrum, Python",M.Tech,11,Job_6,Machine Learning Engineer,"Project Management, Python",0.7,Shortlisted
Candidate_350,"Experienced professional skilled in Node.js, Agile, Java.","Node.js, Agile, Java",B.Sc,6,Job_188,Project Manager,"Project Management, Agile, Java",0.64,Shortlisted
Candidate_916,"Experienced professional skilled in Deep Learning, Leadership, SQL, Machine Learning.","Deep Learning, Leadership, SQL, Machine Learning",B.Sc,1,Job_434,Software Engineer,"Scrum, React",0.04,Rejected
Candidate_720,"Experienced professional skilled in Agile, SQL, Python, Communication, Scrum, Node.js.","Agile, SQL, Python, Communication, Scrum, Node.js",M.Tech,12,Job_202,Data Scientist,"Communication, Leadership",0.7,Shortlisted
Candidate_608,"Experienced professional skilled in SQL, Machine Learning, Node.js.","SQL, Machine Learning, Node.js",M.Sc,11,Job_247,Machine Learning Engineer,"Agile, Communication, C++",0.4,Rejected
Candidate_892,"Experienced professional skilled in Project Management, React, Python, Java, Communication, SQL.","Project Management, React, Python, Java, Communication, SQL",M.Tech,12,Job_82,Backend Developer,"React, Project Management, Deep Learning, C++, Agile",0.64,Shortlisted
Candidate_496,"Experienced professional skilled in React, Node.js, Java, Scrum.","React, Node.js, Java, Scrum",M.Sc,7,Job_184,Machine Learning Engineer,"Machine Learning, Python, Agile",0.28,Rejected
Candidate_621,"Experienced professional skilled in Project Management, Scrum, Deep Learning, Leadership, React, Node.js.","Project Management, Scrum, Deep Learning, Leadership, React, Node.js",B.Tech,3,Job_190,Software Engineer,"SQL, Agile, Communication, Deep Learning",0.27,Rejected
Candidate_255,"Experienced professional skilled in Node.js, Project Management, Python, Deep Learning.","Node.js, Project Management, Python, Deep Learning",M.Sc,9,Job_258,Software Engineer,"Scrum, Communication, React",0.36,Rejected
Candidate_870,"Experienced professional skilled in Scrum, Agile, Node.js, Leadership.","Scrum, Agile, Node.js, Leadership",B.Sc,4,Job_8,Data Scientist,"Leadership, Node.js, Project Management",0.56,Shortlisted
Candidate_641,"Experienced professional skilled in Machine Learning, Project Management, Leadership.","Machine Learning, Project Management, Leadership",B.Tech,3,Job_349,Frontend Developer,"SQL, Python, Agile, Deep Learning",0.12,Rejected
Candidate_376,"Experienced professional skilled in Project Management, React, Leadership, Machine Learning.","Project Management, React, Leadership, Machine Learning",B.Sc,7,Job_368,Backend Developer,"Machine Learning, Java, Python, C++, Agile",0.4,Rejected
Candidate_373,"Experienced professional skilled in SQL, Communication, Deep Learning, Machine Learning, Python, C++.","SQL, Communication, Deep Learning, Machine Learning, Python, C++",MBA,3,Job_98,Frontend Developer,"React, C++, Machine Learning, Agile",0.42,Rejected
Candidate_353,"Experienced professional skilled in Communication, SQL, Node.js.","Communication, SQL, Node.js",M.Sc,10,Job_63,Data Scientist,"React, SQL, Python, Leadership, Java",0.52,Shortlisted
Candidate_621,"Experienced professional skilled in Scrum, Agile, Project Management, Deep Learning, Node.js, Java.","Scrum, Agile, Project Management, Deep Learning, Node.js, Java",B.Tech,10,Job_237,Software Engineer,"Deep Learning, Project Management, Python, Machine Learning, Scrum",0.76,Hired
Candidate_617,"Experienced professional skilled in SQL, Java, Deep Learning.","SQL, Java, Deep Learning",M.Tech,12,Job_254,Data Scientist,"Java, Leadership, Node.js, React",0.55,Shortlisted
Candidate_66,"Experienced professional skilled in Python, Scrum, Node.js, SQL.","Python, Scrum, Node.js, SQL",MBA,1,Job_500,Data Scientist,"Communication, Python, Leadership",0.24,Rejected
Candidate_508,"Experienced professional skilled in Machine Learning, Communication, Scrum, Node.js, Project Management, Deep Learning.","Machine Learning, Communication, Scrum, Node.js, Project Management, Deep Learning",M.Sc,3,Job_233,Project Manager,"C++, Machine Learning",0.42,Rejected
Candidate_797,"Experienced professional skilled in Python, React, Leadership, Deep Learning, C++.","Python, React, Leadership, Deep Learning, C++",B.Sc,4,Job_181,Frontend Developer,"C++, Leadership, SQL, Node.js",0.46,Rejected
Candidate_676,"Experienced professional skilled in Machine Learning, React, Communication, Scrum, Leadership.","Machine Learning, React, Communication, Scrum, Leadership",MBA,3,Job_184,Software Engineer,"Scrum, SQL",0.42,Rejected
Candidate_501,"Experienced professional skilled in Java, Communication, Python, Scrum, Agile.","Java, Communication, Python, Scrum, Agile",MBA,4,Job_159,Machine Learning Engineer,"Python, React, Project Management, Communication, C++",0.4,Rejected
Candidate_246,"Experienced professional skilled in React, Scrum, C++.","React, Scrum, C++",B.Sc,10,Job_270,Project Manager,"C++, React",1.0,Hired
Candidate_252,"Experienced professional skilled in Communication, SQL, Machine Learning, Leadership.","Communication, SQL, Machine Learning, Leadership",B.Sc,7,Job_130,Software Engineer,"Communication, Machine Learning, Agile",0.68,Shortlisted
Candidate_700,"Experienced professional skilled in Java, Communication, C++, Scrum.","Java, Communication, C++, Scrum",M.Tech,7,Job_214,Machine Learning Engineer,"Scrum, React, C++, Deep Learning, Leadership",0.52,Shortlisted
Candidate_940,"Experienced professional skilled in Python, Agile, Leadership, Scrum, React.","Python, Agile, Leadership, Scrum, React",B.Tech,1,Job_319,Project Manager,"Python, React, Node.js",0.44,Rejected
Candidate_703,"Experienced professional skilled in React, Machine Learning, SQL.","React, Machine Learning, SQL",M.Tech,12,Job_45,Data Scientist,"C++, Leadership",0.4,Rejected
Candidate_531,"Experienced professional skilled in Python, SQL, React, C++, Node.js, Scrum.","Python, SQL, React, C++, Node.js, Scrum",M.Sc,9,Job_306,Machine Learning Engineer,"SQL, React",0.96,Hired
Candidate_180,"Experienced professional skilled in Communication, Deep Learning, Agile.","Communication, Deep Learning, Agile",MBA,13,Job_302,Software Engineer,"Leadership, Deep Learning",0.7,Shortlisted
Candidate_553,"Experienced professional skilled in Leadership, Deep Learning, SQL, Communication, Project Management.","Leadership, Deep Learning, SQL, Communication, Project Management",B.Sc,3,Job_461,Software Engineer,"Machine Learning, Deep Learning, React, Communication, Project Management",0.48,Rejected
Candidate_583,"Experienced professional skilled in SQL, Python, Leadership, Communication, Machine Learning.","SQL, Python, Leadership, Communication, Machine Learning",B.Sc,2,Job_150,Backend Developer,"Deep Learning, Leadership, C++, Python, React",0.32,Rejected
Candidate_464,"Experienced professional skilled in Project Management, Scrum, Python, SQL, Deep Learning, Machine Learning.","Project Management, Scrum, Python, SQL, Deep Learning, Machine Learning",B.Tech,5,Job_291,Software Engineer,"Agile, SQL, C++, Python",0.5,Shortlisted
Candidate_742,"Experienced professional skilled in Leadership, C++, Python.","Leadership, C++, Python",M.Tech,12,Job_343,Frontend Developer,"React, Leadership",0.7,Shortlisted
Candidate_162,"Experienced professional skilled in Java, Machine Learning, Project Management, SQL.","Java, Machine Learning, Project Management, SQL",B.Sc,14,Job_234,Software Engineer,"Node.js, Leadership, Agile, Scrum",0.4,Rejected
Candidate_370,"Experienced professional skilled in Machine Learning, Scrum, Node.js, Project Management, Java, Python.","Machine Learning, Scrum, Node.js, Project Management, Java, Python",M.Tech,11,Job_115,Data Scientist,"Deep Learning, React",0.4,Rejected
Candidate_464,"Experienced professional skilled in Leadership, C++, Machine Learning, Java, React, Node.js.","Leadership, C++, Machine Learning, Java, React, Node.js",M.Sc,11,Job_237,Machine Learning Engineer,"Java, React, Python",0.8,Hired
Candidate_908,"Experienced professional skilled in Scrum, SQL, Python.","Scrum, SQL, Python",M.Tech,14,Job_411,Software Engineer,"Communication, Deep Learning, Python",0.6,Shortlisted
Candidate_295,"Experienced professional skilled in Java, Project Management, Scrum, Leadership, Machine Learning.","Java, Project Management, Scrum, Leadership, Machine Learning",B.Sc,8,Job_380,Data Scientist,"Leadership, Deep Learning",0.62,Shortlisted
Candidate_462,"Experienced professional skilled in SQL, Deep Learning, Java, Scrum, Machine Learning.","SQL, Deep Learning, Java, Scrum, Machine Learning",MBA,3,Job_320,Frontend Developer,"Machine Learning, Communication",0.42,Rejected
Candidate_841,"Experienced professional skilled in Leadership, Node.js, Scrum, C++.","Leadership, Node.js, Scrum, C++",MBA,1,Job_378,Project Manager,"Project Management, SQL, Python, Leadership, Machine Learning",0.16,Rejected
Candidate_110,"Experienced professional skilled in Leadership, React, Java, SQL, C++.","Leadership, React, Java, SQL, C++",B.Tech,2,Job_15,Project Manager,"React, SQL, Scrum, Node.js",0.38,Rejected
Candidate_177,"Experienced professional skilled in Leadership, Python, React.","Leadership, Python, React",MBA,5,Job_241,Backend Developer,"Java, Python, Machine Learning",0.4,Rejected
Candidate_968,"Experienced professional skilled in Deep Learning, React, Communication, Leadership, Project Management, Machine Learning.","Deep Learning, React, Communication, Leadership, Project Management, Machine Learning",M.Sc,8,Job_371,Machine Learning Engineer,"Leadership, React, Machine Learning, Scrum",0.77,Hired
Candidate_208,"Experienced professional skilled in Leadership, Project Management, Machine Learning, SQL.","Leadership, Project Management, Machine Learning, SQL",B.Sc,11,Job_358,Project Manager,"Project Management, SQL, Machine Learning, Communication, Node.js",0.76,Hired
Candidate_406,"Experienced professional skilled in Scrum, SQL, Machine Learning, React, Node.js, C++.","Scrum, SQL, Machine Learning, React, Node.js, C++",B.Tech,8,Job_408,Software Engineer,"Java, Deep Learning",0.32,Rejected
Candidate_974,"Experienced professional skilled in Project Management, Deep Learning, SQL.","Project Management, Deep Learning, SQL",M.Sc,1,Job_358,Machine Learning Engineer,"C++, Java, SQL, Leadership",0.19,Rejected
Candidate_767,"Experienced professional skilled in Scrum, Deep Learning, C++, Python, Node.js, React.","Scrum, Deep Learning, C++, Python, Node.js, React",B.Tech,9,Job_182,Data Scientist,"Agile, Python, Communication",0.56,Shortlisted
Candidate_503,"Experienced professional skilled in Node.js, Scrum, Project Management, Machine Learning, C++.","Node.js, Scrum, Project Management, Machine Learning, C++",MBA,4,Job_288,Machine Learning Engineer,"Leadership, React, Agile, Communication, Java",0.16,Rejected
Candidate_154,"Experienced professional skilled in Scrum, Leadership, Communication, Project Management, C++, Node.js.","Scrum, Leadership, Communication, Project Management, C++, Node.js",M.Tech,5,Job_457,Project Manager,"Agile, Python",0.2,Rejected
Candidate_409,"Experienced professional skilled in SQL, C++, Scrum, Agile, Deep Learning.","SQL, C++, Scrum, Agile, Deep Learning",M.Tech,1,Job_476,Project Manager,"Communication, Agile, Project Management",0.24,Rejected
Candidate_495,"Experienced professional skilled in Java, Leadership, C++, Machine Learning, Scrum, Communication.","Java, Leadership, C++, Machine Learning, Scrum, Communication",B.Sc,10,Job_214,Project Manager,"Java, Machine Learning, React",0.8,Hired
Candidate_694,"Experienced professional skilled in Python, C++, Project Management, Scrum, React.","Python, C++, Project Management, Scrum, React",B.Tech,7,Job_469,Project Manager,"Leadership, React, Node.js, Communication, Java",0.4,Rejected
Candidate_545,"Experienced professional skilled in Python, Communication, Leadership, C++.","Python, Communication, Leadership, C++",M.Sc,1,Job_213,Frontend Developer,"Java, Python",0.34,Rejected
Candidate_981,"Experienced professional skilled in React, Machine Learning, C++, Node.js, Python.","React, Machine Learning, C++, Node.js, Python",B.Sc,3,Job_270,Software Engineer,"Communication, Java, Deep Learning",0.12,Rejected
Candidate_374,"Experienced professional skilled in SQL, React, Communication, Deep Learning, Leadership.","SQL, React, Communication, Deep Learning, Leadership",M.Tech,12,Job_428,Frontend Developer,"Machine Learning, Project Management, Leadership, Deep Learning",0.7,Shortlisted
Candidate_294,"Experienced professional skilled in Communication, Project Management, Deep Learning, Machine Learning, Java.","Communication, Project Management, Deep Learning, Machine Learning, Java",B.Tech,10,Job_437,Data Scientist,"C++, Communication, SQL",0.6,Shortlisted
Candidate_371,"Experienced professional skilled in Scrum, Agile, Java, C++, Python.","Scrum, Agile, Java, C++, Python",M.Sc,8,Job_273,Software Engineer,"Agile, Java, Node.js, SQL",0.62,Shortlisted
Candidate_227,"Experienced professional skilled in Deep Learning, Python, Scrum, Node.js.","Deep Learning, Python, Scrum, Node.js",B.Sc,14,Job_289,Software Engineer,"Machine Learning, Java, Leadership, React, Deep Learning",0.52,Shortlisted
Candidate_814,"Experienced professional skilled in Communication, C++, Machine Learning, Project Management.","Communication, C++, Machine Learning, Project Management",M.Sc,4,Job_192,Backend Developer,"Java, Scrum",0.16,Rejected
Candidate_230,"Experienced professional skilled in Leadership, Scrum, Java, Node.js, Communication.","Leadership, Scrum, Java, Node.js, Communication",B.Tech,14,Job_69,Project Manager,"React, Machine Learning, Deep Learning",0.4,Rejected
Candidate_815,"Experienced professional skilled in React, Leadership, Project Management, Agile, SQL.","React, Leadership, Project Management, Agile, SQL",M.Tech,7,Job_489,Software Engineer,"C++, React, Agile",0.68,Shortlisted
Candidate_844,"Experienced professional skilled in Agile, Machine Learning, C++.","Agile, Machine Learning, C++",B.Tech,11,Job_141,Software Engineer,"Node.js, Machine Learning, Project Management, Communication, Leadership",0.52,Shortlisted
Candidate_143,"Experienced professional skilled in Machine Learning, Leadership, SQL, Java.","Machine Learning, Leadership, SQL, Java",B.Sc,1,Job_280,Software Engineer,"C++, Java, Python",0.24,Rejected
Candidate_423,"Experienced professional skilled in Node.js, Java, Python, SQL.","Node.js, Java, Python, SQL",MBA,3,Job_112,Software Engineer,"Machine Learning, Java, Python",0.52,Shortlisted
Candidate_828,"Experienced professional skilled in Python, Communication, Scrum, Deep Learning, SQL.","Python, Communication, Scrum, Deep Learning, SQL",M.Sc,14,Job_291,Project Manager,"Node.js, Java, C++, Project Management",0.4,Rejected
Candidate_161,"Experienced professional skilled in Python, Project Management, Agile, Leadership, C++.","Python, Project Management, Agile, Leadership, C++",M.Sc,2,Job_311,Data Scientist,"Node.js, SQL, Project Management",0.28,Rejected
Candidate_228,"Experienced professional skilled in Agile, Scrum, Python, Java, Deep Learning, Machine Learning.","Agile, Scrum, Python, Java, Deep Learning, Machine Learning",B.Sc,11,Job_413,Frontend Developer,"Scrum, Communication, Project Management, Python, React",0.64,Shortlisted
Candidate_558,"Experienced professional skilled in Leadership, Project Management, SQL, Agile, React, Scrum.","Leadership, Project Management, SQL, Agile, React, Scrum",MBA,5,Job_327,Machine Learning Engineer,"Deep Learning, Leadership, Agile, SQL",0.65,Shortlisted
Candidate_244,"Experienced professional skilled in C++, Machine Learning, Project Management, React, Node.js.","C++, Machine Learning, Project Management, React, Node.js",B.Sc,10,Job_179,Frontend Developer,"Leadership, React, Machine Learning",0.8,Hired
Candidate_333,"Experienced professional skilled in C++, Communication, Scrum.","C++, Communication, Scrum",B.Sc,7,Job_422,Machine Learning Engineer,"Scrum, Machine Learning",0.58,Shortlisted
Candidate_62,"Experienced professional skilled in Leadership, Communication, SQL, React, Node.js, Scrum.","Leadership, Communication, SQL, React, Node.js, Scrum",B.Sc,14,Job_332,Machine Learning Engineer,"React, Machine Learning, C++, SQL",0.7,Shortlisted
Candidate_40,"Experienced professional skilled in React, Deep Learning, Leadership, C++, Communication, Machine Learning.","React, Deep Learning, Leadership, C++, Communication, Machine Learning",MBA,7,Job_291,Software Engineer,"Communication, Node.js, Scrum, Java, Deep Learning",0.52,Shortlisted
Candidate_258,"Experienced professional skilled in Deep Learning, Python, Machine Learning, Agile.","Deep Learning, Python, Machine Learning, Agile",B.Sc,3,Job_461,Project Manager,"Machine Learning, C++",0.42,Rejected
Candidate_896,"Experienced professional skilled in Python, Machine Learning, Node.js, SQL.","Python, Machine Learning, Node.js, SQL",MBA,6,Job_184,Frontend Developer,"Node.js, Scrum, Deep Learning, Python",0.54,Shortlisted
Candidate_221,"Experienced professional skilled in C++, SQL, Python.","C++, SQL, Python",B.Tech,10,Job_498,Project Manager,"SQL, Java, Scrum, Communication, Node.js",0.52,Shortlisted
Candidate_730,"Experienced professional skilled in Agile, Machine Learning, Project Management, React, Java, Communication.","Agile, Machine Learning, Project Management, React, Java, Communication",B.Tech,6,Job_378,Data Scientist,"Communication, Deep Learning, Node.js, Agile",0.54,Shortlisted
Candidate_688,"Experienced professional skilled in Machine Learning, Agile, Leadership, SQL, React, Project Management.","Machine Learning, Agile, Leadership, SQL, React, Project Management",M.Sc,2,Job_402,Machine Learning Engineer,"Machine Learning, SQL",0.68,Shortlisted
Candidate_721,"Experienced professional skilled in React, C++, SQL, Leadership, Node.js.","React, C++, SQL, Leadership, Node.js",B.Sc,7,Job_124,Data Scientist,"React, Python, Java, Node.js, Communication",0.52,Shortlisted
Candidate_108,"Experienced professional skilled in Communication, Leadership, SQL, Python, Java, Scrum.","Communication, Leadership, SQL, Python, Java, Scrum",B.Sc,7,Job_47,Software Engineer,"Project Management, SQL, Agile, React",0.43,Rejected
Candidate_67,"Experienced professional skilled in React, Node.js, Project Management, Machine Learning, Leadership.","React, Node.js, Project Management, Machine Learning, Leadership",B.Sc,2,Job_9,Machine Learning Engineer,"C++, Node.js, Project Management",0.48,Rejected
Candidate_288,"Experienced professional skilled in Communication, React, Leadership, Machine Learning, Scrum.","Communication, React, Leadership, Machine Learning, Scrum",B.Sc,5,Job_494,Software Engineer,"Agile, Project Management",0.2,Rejected
Candidate_15,"Experienced professional skilled in Scrum, Machine Learning, React, Python, C++.","Scrum, Machine Learning, React, Python, C++",B.Tech,1,Job_64,Machine Learning Engineer,"SQL, Node.js, Project Management",0.04,Rejected
Candidate_512,"Experienced professional skilled in Python, Communication, React, Node.js, Deep Learning, Leadership.","Python, Communication, React, Node.js, Deep Learning, Leadership",B.Sc,5,Job_283,Frontend Developer,"Python, Project Management",0.5,Shortlisted
Candidate_660,"Experienced professional skilled in Communication, Leadership, Node.js, C++.","Communication, Leadership, Node.js, C++",M.Tech,12,Job_202,Machine Learning Engineer,"Deep Learning, Java, Project Management, C++",0.55,Shortlisted
Candidate_795,"Experienced professional skilled in Machine Learning, React, Node.js.","Machine Learning, React, Node.js",M.Sc,5,Job_383,Project Manager,"Java, Machine Learning, Communication, Node.js",0.5,Shortlisted
Candidate_362,"Experienced professional skilled in Java, Node.js, Deep Learning, Communication, Leadership.","Java, Node.js, Deep Learning, Communication, Leadership",M.Tech,12,Job_430,Data Scientist,"Python, Scrum, SQL, Java, Leadership",0.64,Shortlisted
Candidate_933,"Experienced professional skilled in Project Management, Leadership, Communication, Machine Learning, React, Agile.","Project Management, Leadership, Communication, Machine Learning, React, Agile",M.Sc,5,Job_416,Data Scientist,"Agile, Java, Communication, SQL",0.5,Shortlisted
Candidate_599,"Experienced professional skilled in Java, Scrum, Project Management, React, SQL.","Java, Scrum, Project Management, React, SQL",B.Sc,11,Job_23,Data Scientist,"Java, React, Scrum, Node.js, Machine Learning",0.76,Hired
Candidate_2,"Experienced professional skilled in Scrum, React, Node.js.","Scrum, React, Node.js",M.Sc,4,Job_193,Backend Developer,"Java, C++, Scrum, Machine Learning",0.31,Rejected
Candidate_973,"Experienced professional skilled in Scrum, Deep Learning, Java.","Scrum, Deep Learning, Java",B.Tech,6,Job_62,Frontend Developer,"Leadership, SQL, Project Management, Java, Communication",0.36,Rejected
Candidate_460,"Experienced professional skilled in Scrum, Python, SQL, Agile, Project Management, Communication.","Scrum, Python, SQL, Agile, Project Management, Communication",B.Tech,11,Job_108,Machine Learning Engineer,"Leadership, Machine Learning, Communication, C++",0.55,Shortlisted
Candidate_808,"Experienced professional skilled in Node.js, C++, Machine Learning, SQL, Deep Learning, Agile.","Node.js, C++, Machine Learning, SQL, Deep Learning, Agile",B.Sc,15,Job_267,Software Engineer,"SQL, Agile, Leadership",0.8,Hired
Candidate_521,"Experienced professional skilled in Project Management, Machine Learning, Python, Node.js, Scrum, Java.","Project Management, Machine Learning, Python, Node.js, Scrum, Java",M.Sc,12,Job_252,Backend Developer,"C++, Scrum, Machine Learning, Communication, Deep Learning",0.64,Shortlisted
Candidate_630,"Experienced professional skilled in React, Python, Communication, Leadership.","React, Python, Communication, Leadership",MBA,11,Job_65,Data Scientist,"Project Management, C++",0.4,Rejected
Candidate_827,"Experienced professional skilled in Java, SQL, Python.","Java, SQL, Python",MBA,8,Job_245,Machine Learning Engineer,"C++, Leadership, Machine Learning, React, Agile",0.32,Rejected
Candidate_798,"Experienced professional skilled in React, SQL, Scrum.","React, SQL, Scrum",B.Sc,9,Job_312,Software Engineer,"Node.js, React, Deep Learning, Project Management",0.51,Shortlisted
Candidate_851,"Experienced professional skilled in C++, Leadership, React.","C++, Leadership, React",MBA,8,Job_233,Software Engineer,"Communication, SQL, Deep Learning, React",0.47,Rejected
Candidate_655,"Experienced professional skilled in Java, Python, Communication, C++.","Java, Python, Communication, C++",M.Sc,12,Job_365,Machine Learning Engineer,"Node.js, SQL",0.4,Rejected
Candidate_99,"Experienced professional skilled in Scrum, Deep Learning, Java, C++.","Scrum, Deep Learning, Java, C++",M.Tech,9,Job_108,Project Manager,"Machine Learning, Python",0.36,Rejected
Candidate_335,"Experienced professional skilled in C++, Scrum, Deep Learning, Python.","C++, Scrum, Deep Learning, Python",B.Sc,8,Job_42,Machine Learning Engineer,"SQL, Java, Deep Learning",0.52,Shortlisted
Candidate_472,"Experienced professional skilled in C++, Node.js, SQL.","C++, Node.js, SQL",MBA,1,Job_478,Machine Learning Engineer,"Agile, Scrum, SQL",0.24,Rejected
Candidate_897,"Experienced professional skilled in Deep Learning, Project Management, C++, Communication, Java.","Deep Learning, Project Management, C++, Communication, Java",M.Sc,12,Job_204,Project Manager,"Leadership, Scrum, Communication",0.6,Shortlisted
Candidate_217,"Experienced professional skilled in Node.js, C++, React, Agile.","Node.js, C++, React, Agile",B.Sc,13,Job_438,Backend Developer,"Python, Scrum",0.4,Rejected
Candidate_366,"Experienced professional skilled in Agile, Machine Learning, Scrum, Project Management, C++.","Agile, Machine Learning, Scrum, Project Management, C++",M.Tech,7,Job_69,Data Scientist,"Leadership, React, Machine Learning",0.48,Rejected
Candidate_330,"Experienced professional skilled in Scrum, C++, SQL, React, Node.js, Agile.","Scrum, C++, SQL, React, Node.js, Agile",M.Tech,11,Job_243,Backend Developer,"Python, Deep Learning, C++",0.6,Shortlisted
Candidate_67,"Experienced professional skilled in SQL, Communication, Python, React.","SQL, Communication, Python, React",M.Sc,4,Job_452,Frontend Developer,"Python, Agile, Machine Learning, Project Management",0.31,Rejected
Candidate_800,"Experienced professional skilled in Communication, Agile, Machine Learning, Leadership, React, C++.","Communication, Agile, Machine Learning, Leadership, React, C++",M.Sc,9,Job_70,Backend Developer,"Node.js, Deep Learning",0.36,Rejected
Candidate_170,"Experienced professional skilled in React, Scrum, Leadership, Node.js, Project Management, C++.","React, Scrum, Leadership, Node.js, Project Management, C++",B.Sc,4,Job_282,Backend Developer,"Java, SQL, Python",0.16,Rejected
Candidate_111,"Experienced professional skilled in Project Management, React, C++, Java.","Project Management, React, C++, Java",MBA,3,Job_346,Frontend Developer,"Leadership, Machine Learning",0.12,Rejected
Candidate_520,"Experienced professional skilled in Communication, Java, Deep Learning, Leadership, React.","Communication, Java, Deep Learning, Leadership, React",M.Sc,3,Job_221,Software Engineer,"Python, SQL, Project Management, Leadership, React",0.36,Rejected
Candidate_676,"Experienced professional skilled in Project Management, React, Agile, Node.js, Scrum.","Project Management, React, Agile, Node.js, Scrum",MBA,7,Job_344,Backend Developer,"React, Python",0.58,Shortlisted
Candidate_971,"Experienced professional skilled in Python, Leadership, SQL, Machine Learning, Project Management, C++.","Python, Leadership, SQL, Machine Learning, Project Management, C++",B.Tech,8,Job_308,Backend Developer,"Node.js, Java, Agile",0.32,Rejected
Candidate_806,"Experienced professional skilled in Project Management, Scrum, Machine Learning, Java.","Project Management, Scrum, Machine Learning, Java",B.Tech,9,Job_394,Project Manager,"Node.js, Java, Machine Learning, Scrum, SQL",0.72,Shortlisted
Candidate_962,"Experienced professional skilled in React, Project Management, C++.","React, Project Management, C++",B.Sc,14,Job_428,Machine Learning Engineer,"Agile, Node.js, Communication, React, Machine Learning",0.52,Shortlisted
Candidate_749,"Experienced professional skilled in Python, Communication, Machine Learning, Agile, Deep Learning.","Python, Communication, Machine Learning, Agile, Deep Learning",B.Sc,13,Job_59,Backend Developer,"Project Management, C++, React, Java, SQL",0.4,Rejected
Candidate_937,"Experienced professional skilled in Scrum, Java, C++, Node.js, SQL, Communication.","Scrum, Java, C++, Node.js, SQL, Communication",B.Sc,13,Job_349,Software Engineer,"C++, Agile, Leadership, SQL",0.7,Shortlisted
Candidate_903,"Experienced professional skilled in C++, Leadership, Project Management.","C++, Leadership, Project Management",B.Tech,12,Job_291,Data Scientist,"Python, Machine Learning",0.4,Rejected
Candidate_236,"Experienced professional skilled in SQL, Node.js, Java, Scrum.","SQL, Node.js, Java, Scrum",M.Sc,5,Job_323,Frontend Developer,"C++, Deep Learning, Node.js, Machine Learning",0.35,Rejected
Candidate_811,"Experienced professional skilled in SQL, React, Project Management.","SQL, React, Project Management",MBA,6,Job_312,Software Engineer,"Agile, Project Management, Node.js, Leadership",0.39,Rejected
Candidate_140,"Experienced professional skilled in Communication, Java, Deep Learning, Node.js.","Communication, Java, Deep Learning, Node.js",MBA,7,Job_128,Software Engineer,"C++, SQL, Java",0.48,Rejected
Candidate_110,"Experienced professional skilled in Java, Scrum, Communication.","Java, Scrum, Communication",M.Sc,6,Job_328,Frontend Developer,"Project Management, Leadership",0.24,Rejected
Candidate_643,"Experienced professional skilled in React, Scrum, Agile, Project Management, Deep Learning, C++.","React, Scrum, Agile, Project Management, Deep Learning, C++",M.Tech,10,Job_327,Software Engineer,"Machine Learning, Java, Communication, Project Management, Agile",0.64,Shortlisted
Candidate_891,"Experienced professional skilled in Scrum, Java, Node.js, Agile, Python, SQL.","Scrum, Java, Node.js, Agile, Python, SQL",B.Tech,10,Job_223,Machine Learning Engineer,"Communication, Java, Agile",0.8,Hired
Candidate_153,"Experienced professional skilled in Leadership, React, Scrum.","Leadership, React, Scrum",MBA,2,Job_333,Software Engineer,"SQL, Agile, Leadership",0.28,Rejected
Candidate_353,"Experienced professional skilled in Deep Learning, Project Management, SQL, Communication.","Deep Learning, Project Management, SQL, Communication",B.Sc,9,Job_19,Software Engineer,"Node.js, Agile, Leadership, Project Management",0.51,Shortlisted
Candidate_433,"Experienced professional skilled in Agile, React, Java, SQL.","Agile, React, Java, SQL",M.Sc,9,Job_191,Backend Developer,"Python, Agile, Scrum, C++",0.51,Shortlisted
Candidate_277,"Experienced professional skilled in Node.js, C++, SQL, Communication, Deep Learning.","Node.js, C++, SQL, Communication, Deep Learning",M.Tech,2,Job_499,Machine Learning Engineer,"Scrum, React, Project Management",0.08,Rejected
Candidate_658,"Experienced professional skilled in Agile, SQL, Project Management.","Agile, SQL, Project Management",MBA,14,Job_465,Backend Developer,"Machine Learning, Node.js, SQL, Communication",0.55,Shortlisted
Candidate_728,"Experienced professional skilled in C++, Java, Machine Learning.","C++, Java, Machine Learning",M.Sc,14,Job_451,Machine Learning Engineer,"Project Management, Agile, Deep Learning, Java, Python",0.52,Shortlisted
Candidate_835,"Experienced professional skilled in Scrum, Agile, C++, Deep Learning.","Scrum, Agile, C++, Deep Learning",MBA,15,Job_366,Frontend Developer,"Java, Node.js, Scrum, Leadership",0.55,Shortlisted
Candidate_775,"Experienced professional skilled in Project Management, Leadership, C++, React.","Project Management, Leadership, C++, React",M.Tech,9,Job_242,Project Manager,"Agile, SQL, Python, C++, Scrum",0.48,Rejected
Candidate_47,"Experienced professional skilled in C++, Node.js, Agile, Deep Learning, React, Machine Learning.","C++, Node.js, Agile, Deep Learning, React, Machine Learning",M.Sc,5,Job_203,Software Engineer,"Project Management, SQL, Agile",0.4,Rejected
Candidate_954,"Experienced professional skilled in Project Management, React, Java, Agile, Machine Learning, C++.","Project Management, React, Java, Agile, Machine Learning, C++",MBA,9,Job_242,Data Scientist,"Deep Learning, Java",0.66,Shortlisted
Candidate_62,"Experienced professional skilled in SQL, Node.js, Deep Learning, Scrum, Java, Project Management.","SQL, Node.js, Deep Learning, Scrum, Java, Project Management",B.Tech,3,Job_258,Data Scientist,"C++, Java, SQL, Scrum",0.57,Shortlisted
Candidate_186,"Experienced professional skilled in Project Management, Leadership, Machine Learning, Deep Learning.","Project Management, Leadership, Machine Learning, Deep Learning",M.Sc,14,Job_209,Machine Learning Engineer,"Agile, Communication",0.4,Rejected
Candidate_44,"Experienced professional skilled in C++, SQL, Java, Deep Learning, Leadership.","C++, SQL, Java, Deep Learning, Leadership",M.Tech,15,Job_422,Frontend Developer,"Deep Learning, Communication, React, Leadership, Agile",0.64,Shortlisted
Candidate_41,"Experienced professional skilled in Scrum, React, Java.","Scrum, React, Java",B.Sc,5,Job_261,Data Scientist,"Scrum, Python, C++",0.4,Rejected
Candidate_922,"Experienced professional skilled in Node.js, Agile, C++, Leadership.","Node.js, Agile, C++, Leadership",MBA,10,Job_208,Machine Learning Engineer,"Node.js, Communication, C++, Agile, SQL",0.76,Hired
Candidate_492,"Experienced professional skilled in SQL, Scrum, C++, Deep Learning, Node.js, React.","SQL, Scrum, C++, Deep Learning, Node.js, React",M.Sc,4,Job_234,Software Engineer,"C++, Java, Node.js, Scrum, Python",0.52,Shortlisted
Candidate_420,"Experienced professional skilled in Machine Learning, Project Management, Node.js, React.","Machine Learning, Project Management, Node.js, React",M.Tech,11,Job_499,Data Scientist,"React, Machine Learning, Communication",0.8,Hired
Candidate_235,"Experienced professional skilled in Leadership, Scrum, Python.","Leadership, Scrum, Python",M.Tech,15,Job_289,Backend Developer,"Machine Learning, Project Management, Java, Node.js, SQL",0.4,Rejected
Candidate_90,"Experienced professional skilled in Project Management, Machine Learning, Python, Node.js, C++.","Project Management, Machine Learning, Python, Node.js, C++",B.Tech,3,Job_193,Data Scientist,"Deep Learning, C++",0.42,Rejected
Candidate_738,"Experienced professional skilled in Java, Deep Learning, Python, Agile.","Java, Deep Learning, Python, Agile",B.Tech,5,Job_138,Backend Developer,"Leadership, Node.js, Project Management",0.2,Rejected
Candidate_702,"Experienced professional skilled in Communication, Python, Java, Scrum.","Communication, Python, Java, Scrum",M.Sc,6,Job_69,Machine Learning Engineer,"Agile, SQL, Python, Node.js",0.39,Rejected
Candidate_346,"Experienced professional skilled in Project Management, Deep Learning, Machine Learning, Leadership, Python, Communication.","Project Management, Deep Learning, Machine Learning, Leadership, Python, Communication",MBA,3,Job_261,Software Engineer,"Machine Learning, C++",0.42,Rejected
Candidate_499,"Experienced professional skilled in React, Agile, Deep Learning, Java.","React, Agile, Deep Learning, Java",B.Sc,10,Job_377,Project Manager,"Leadership, Node.js",0.4,Rejected
Candidate_444,"Experienced professional skilled in Machine Learning, Scrum, Python, Leadership, Deep Learning.","Machine Learning, Scrum, Python, Leadership, Deep Learning",B.Sc,14,Job_376,Software Engineer,"React, Deep Learning, Leadership",0.8,Hired
Candidate_38,"Experienced professional skilled in Machine Learning, Node.js, React, SQL, Deep Learning, C++.","Machine Learning, Node.js, React, SQL, Deep Learning, C++",M.Tech,12,Job_204,Software Engineer,"Project Management, Machine Learning",0.7,Shortlisted
Candidate_324,"Experienced professional skilled in Leadership, Java, Deep Learning.","Leadership, Java, Deep Learning",M.Tech,11,Job_403,Frontend Developer,"Leadership, Communication, Java, React",0.7,Shortlisted
Candidate_381,"Experienced professional skilled in Agile, C++, Project Management, Machine Learning, SQL.","Agile, C++, Project Management, Machine Learning, SQL",MBA,13,Job_495,Machine Learning Engineer,"Java, Project Management, SQL",0.8,Hired
Candidate_770,"Experienced professional skilled in C++, Scrum, Project Management, Python, Machine Learning.","C++, Scrum, Project Management, Python, Machine Learning",B.Tech,5,Job_291,Project Manager,"SQL, Deep Learning, Agile, Scrum",0.35,Rejected
Candidate_656,"Experienced professional skilled in Deep Learning, Scrum, Machine Learning, React.","Deep Learning, Scrum, Machine Learning, React",M.Sc,9,Job_79,Data Scientist,"Leadership, Python, Scrum, Node.js, Java",0.48,Rejected
Candidate_682,"Experienced professional skilled in Leadership, Node.js, C++, Java.","Leadership, Node.js, C++, Java",B.Tech,11,Job_286,Machine Learning Engineer,"Leadership, SQL, Scrum, Communication",0.55,Shortlisted
Candidate_865,"Experienced professional skilled in SQL, Deep Learning, Leadership, Node.js.","SQL, Deep Learning, Leadership, Node.js",B.Sc,3,Job_142,Data Scientist,"C++, Project Management, Scrum, Communication",0.12,Rejected
Candidate_828,"Experienced professional skilled in Deep Learning, Project Management, Scrum.","Deep Learning, Project Management, Scrum",MBA,13,Job_378,Frontend Developer,"Java, Scrum, Project Management, Communication, Node.js",0.64,Shortlisted
Candidate_238,"Experienced professional skilled in React, Java, Scrum, Node.js, Agile.","React, Java, Scrum, Node.js, Agile",M.Tech,10,Job_467,Data Scientist,"SQL, Machine Learning, Agile, Python, Deep Learning",0.52,Shortlisted
Candidate_738,"Experienced professional skilled in Node.js, Deep Learning, SQL, C++, Java.","Node.js, Deep Learning, SQL, C++, Java",B.Sc,12,Job_355,Machine Learning Engineer,"Communication, Java, Project Management, Scrum, Node.js",0.64,Shortlisted
Candidate_821,"Experienced professional skilled in Agile, Communication, Project Management, Scrum, Python.","Agile, Communication, Project Management, Scrum, Python",M.Sc,10,Job_295,Software Engineer,"Deep Learning, Java, Machine Learning, Python, SQL",0.52,Shortlisted
Candidate_741,"Experienced professional skilled in Java, Python, Machine Learning, React, Agile, SQL.","Java, Python, Machine Learning, React, Agile, SQL",B.Sc,8,Job_483,Data Scientist,"Node.js, Project Management, Java",0.52,Shortlisted
Candidate_878,"Experienced professional skilled in Java, C++, Machine Learning, Scrum, Deep Learning, Agile.","Java, C++, Machine Learning, Scrum, Deep Learning, Agile",M.Tech,7,Job_5,Backend Developer,"Python, Machine Learning, C++, Scrum, Communication",0.64,Shortlisted
Candidate_446,"Experienced professional skilled in Communication, C++, Agile, Project Management, Java.","Communication, C++, Agile, Project Management, Java",M.Sc,1,Job_410,Project Manager,"Project Management, Communication, Java, Agile",0.64,Shortlisted
Candidate_577,"Experienced professional skilled in C++, SQL, Machine Learning, Agile.","C++, SQL, Machine Learning, Agile",M.Sc,12,Job_491,Data Scientist,"C++, Machine Learning, Scrum",0.8,Hired
Candidate_38,"Experienced professional skilled in Deep Learning, Leadership, React, C++, Agile, Machine Learning.","Deep Learning, Leadership, React, C++, Agile, Machine Learning",B.Sc,1,Job_379,Frontend Developer,"Project Management, Python",0.04,Rejected
Candidate_370,"Experienced professional skilled in Communication, SQL, Deep Learning, Project Management, Python.","Communication, SQL, Deep Learning, Project Management, Python",M.Sc,9,Job_147,Machine Learning Engineer,"Communication, Machine Learning, React, Project Management, Agile",0.6,Shortlisted
Candidate_757,"Experienced professional skilled in React, SQL, Project Management, Leadership.","React, SQL, Project Management, Leadership",MBA,15,Job_380,Project Manager,"Project Management, C++, Communication, SQL",0.7,Shortlisted
Candidate_7,"Experienced professional skilled in Scrum, C++, Agile.","Scrum, C++, Agile",M.Tech,4,Job_43,Project Manager,"Agile, Scrum, React, Project Management, C++",0.52,Shortlisted
Candidate_191,"Experienced professional skilled in Project Management, Machine Learning, Python.","Project Management, Machine Learning, Python",MBA,11,Job_57,Machine Learning Engineer,"Leadership, Java, Communication",0.4,Rejected
Candidate_9,"Experienced professional skilled in Deep Learning, Leadership, C++, Project Management.","Deep Learning, Leadership, C++, Project Management",M.Sc,8,Job_500,Software Engineer,"Project Management, Scrum",0.62,Shortlisted
Candidate_444,"Experienced professional skilled in Java, Leadership, Machine Learning, Scrum.","Java, Leadership, Machine Learning, Scrum",MBA,3,Job_480,Project Manager,"SQL, Agile, Deep Learning, Leadership, Node.js",0.24,Rejected
Candidate_590,"Experienced professional skilled in Leadership, Scrum, Communication.","Leadership, Scrum, Communication",B.Tech,10,Job_194,Frontend Developer,"Scrum, React, Project Management, Python",0.55,Shortlisted
Candidate_113,"Experienced professional skilled in Scrum, C++, Agile, Leadership, Node.js.","Scrum, C++, Agile, Leadership, Node.js",M.Sc,5,Job_179,Backend Developer,"Deep Learning, Project Management, Communication, Agile, Machine Learning",0.32,Rejected
Candidate_104,"Experienced professional skilled in Communication, Leadership, Node.js, React.","Communication, Leadership, Node.js, React",MBA,14,Job_286,Frontend Developer,"Agile, Scrum, Python",0.4,Rejected
Candidate_56,"Experienced professional skilled in SQL, Deep Learning, Leadership, Project Management, Python.","SQL, Deep Learning, Leadership, Project Management, Python",M.Sc,15,Job_55,Machine Learning Engineer,"Deep Learning, Python, React",0.8,Hired
Candidate_767,"Experienced professional skilled in C++, Deep Learning, Agile, Communication, Machine Learning.","C++, Deep Learning, Agile, Communication, Machine Learning",B.Tech,8,Job_204,Frontend Developer,"C++, Leadership",0.62,Shortlisted
Candidate_781,"Experienced professional skilled in Agile, Node.js, SQL, Deep Learning.","Agile, Node.js, SQL, Deep Learning",B.Sc,7,Job_15,Project Manager,"Leadership, Communication",0.28,Rejected
Candidate_639,"Experienced professional skilled in Communication, Java, SQL, React.","Communication, Java, SQL, React",MBA,12,Job_456,Data Scientist,"Scrum, React, Java, Deep Learning",0.7,Shortlisted
Candidate_7,"Experienced professional skilled in Communication, SQL, Java, Machine Learning, Leadership, Agile.","Communication, SQL, Java, Machine Learning, Leadership, Agile",M.Tech,12,Job_299,Machine Learning Engineer,"SQL, Machine Learning, Python, Java, Node.js",0.76,Hired
Candidate_629,"Experienced professional skilled in Agile, Deep Learning, Java, Leadership, Machine Learning.","Agile, Deep Learning, Java, Leadership, Machine Learning",B.Tech,11,Job_30,Backend Developer,"C++, Machine Learning",0.7,Shortlisted
Candidate_965,"Experienced professional skilled in Node.js, Agile, Project Management, Java.","Node.js, Agile, Project Management, Java",B.Sc,14,Job_151,Backend Developer,"React, Agile, Deep Learning",0.6,Shortlisted
Candidate_653,"Experienced professional skilled in SQL, Deep Learning, C++, Java, Communication.","SQL, Deep Learning, C++, Java, Communication",M.Sc,14,Job_463,Machine Learning Engineer,"Java, Node.js, Communication, Deep Learning",0.85,Hired
Candidate_817,"Experienced professional skilled in C++, Deep Learning, Communication, Project Management, React, SQL.","C++, Deep Learning, Communication, Project Management, React, SQL",B.Tech,5,Job_121,Frontend Developer,"SQL, Leadership, Java, Scrum, Communication",0.44,Rejected
Candidate_290,"Experienced professional skilled in Java, Python, Deep Learning, Scrum, SQL.","Java, Python, Deep Learning, Scrum, SQL",B.Tech,8,Job_205,Data Scientist,"SQL, C++, Machine Learning, Deep Learning",0.62,Shortlisted
Candidate_533,"Experienced professional skilled in Node.js, C++, Leadership.","Node.js, C++, Leadership",MBA,5,Job_270,Data Scientist,"Leadership, Node.js, Machine Learning, C++, Deep Learning",0.56,Shortlisted
Candidate_803,"Experienced professional skilled in Agile, Python, Java.","Agile, Python, Java",M.Sc,3,Job_427,Data Scientist,"Agile, Scrum",0.42,Rejected
Candidate_864,"Experienced professional skilled in Project Management, SQL, Java, Node.js, C++, Scrum.","Project Management, SQL, Java, Node.js, C++, Scrum",B.Sc,13,Job_498,Backend Developer,"React, Communication, C++, Machine Learning",0.55,Shortlisted
Candidate_970,"Experienced professional skilled in Leadership, Java, React.","Leadership, Java, React",B.Sc,15,Job_233,Project Manager,"Agile, SQL, Python",0.4,Rejected
Candidate_264,"Experienced professional skilled in SQL, Machine Learning, Java, React, Scrum.","SQL, Machine Learning, Java, React, Scrum",B.Sc,12,Job_216,Software Engineer,"Project Management, Leadership, Java, Deep Learning",0.55,Shortlisted
Candidate_934,"Experienced professional skilled in Agile, Leadership, SQL, Python, Deep Learning, Project Management.","Agile, Leadership, SQL, Python, Deep Learning, Project Management",MBA,15,Job_111,Data Scientist,"Node.js, Leadership, Agile, Project Management",0.85,Hired
Candidate_830,"Experienced professional skilled in Leadership, Java, Scrum.","Leadership, Java, Scrum",B.Sc,11,Job_110,Machine Learning Engineer,"Java, Deep Learning",0.7,Shortlisted
Candidate_354,"Experienced professional skilled in C++, Scrum, Agile, Project Management, Communication.","C++, Scrum, Agile, Project Management, Communication",MBA,10,Job_106,Backend Developer,"Leadership, Machine Learning",0.4,Rejected
Candidate_888,"Experienced professional skilled in Scrum, SQL, Leadership, Communication, C++, React.","Scrum, SQL, Leadership, Communication, C++, React",M.Tech,5,Job_133,Project Manager,"Agile, Scrum, Machine Learning",0.4,Rejected
Candidate_822,"Experienced professional skilled in Scrum, Java, Node.js.","Scrum, Java, Node.js",B.Sc,2,Job_36,Data Scientist,"React, Communication, Java, Deep Learning, Project Management",0.2,Rejected
Candidate_779,"Experienced professional skilled in Project Management, Scrum, Deep Learning, Machine Learning, C++, Node.js.","Project Management, Scrum, Deep Learning, Machine Learning, C++, Node.js",M.Sc,7,Job_148,Machine Learning Engineer,"Leadership, SQL, Java",0.28,Rejected
Candidate_156,"Experienced professional skilled in React, Scrum, Java, Machine Learning.","React, Scrum, Java, Machine Learning",M.Sc,14,Job_137,Project Manager,"Node.js, Agile, Python",0.4,Rejected
Candidate_490,"Experienced professional skilled in Scrum, Project Management, SQL.","Scrum, Project Management, SQL",B.Sc,7,Job_168,Machine Learning Engineer,"Deep Learning, React, Project Management",0.48,Rejected
Candidate_92,"Experienced professional skilled in Leadership, Java, Scrum, Agile, Project Management, React.","Leadership, Java, Scrum, Agile, Project Management, React",M.Sc,5,Job_298,Backend Developer,"Node.js, Project Management",0.5,Shortlisted
Candidate_849,"Experienced professional skilled in Communication, Project Management, Python.","Communication, Project Management, Python",B.Tech,15,Job_480,Backend Developer,"SQL, Java, Project Management",0.6,Shortlisted
Candidate_951,"Experienced professional skilled in Deep Learning, React, Java, Machine Learning.","Deep Learning, React, Java, Machine Learning",M.Sc,12,Job_32,Machine Learning Engineer,"SQL, Deep Learning, Java, Project Management",0.7,Shortlisted
Candidate_820,"Experienced professional skilled in Node.js, Deep Learning, Agile, React.","Node.js, Deep Learning, Agile, React",M.Sc,12,Job_389,Frontend Developer,"Agile, Java, Leadership, Scrum",0.55,Shortlisted
Candidate_149,"Experienced professional skilled in SQL, Communication, C++, Leadership, Deep Learning, Python.","SQL, Communication, C++, Leadership, Deep Learning, Python",B.Sc,7,Job_184,Project Manager,"Scrum, Leadership",0.58,Shortlisted
Candidate_712,"Experienced professional skilled in Python, Leadership, Machine Learning, C++.","Python, Leadership, Machine Learning, C++",M.Sc,10,Job_340,Data Scientist,"Node.js, Machine Learning",0.7,Shortlisted
Candidate_579,"Experienced professional skilled in Java, Project Management, Python, Node.js.","Java, Project Management, Python, Node.js",M.Tech,15,Job_405,Frontend Developer,"Project Management, Machine Learning, Communication, Agile",0.55,Shortlisted
Candidate_834,"Experienced professional skilled in Node.js, Python, React.","Node.js, Python, React",B.Sc,13,Job_75,Software Engineer,"Deep Learning, Python, SQL, Communication",0.55,Shortlisted
Candidate_645,"Experienced professional skilled in Scrum, Leadership, React, Python, Java, Agile.","Scrum, Leadership, React, Python, Java, Agile",M.Tech,8,Job_457,Software Engineer,"Node.js, Machine Learning",0.32,Rejected
Candidate_861,"Experienced professional skilled in Deep Learning, SQL, Agile, Node.js, C++, Java.","Deep Learning, SQL, Agile, Node.js, C++, Java",B.Tech,7,Job_339,Project Manager,"Python, SQL, React, Machine Learning",0.43,Rejected
Candidate_583,"Experienced professional skilled in React, Project Management, Scrum, Machine Learning.","React, Project Management, Scrum, Machine Learning",B.Sc,1,Job_106,Backend Developer,"React, Leadership, Project Management, Python, Scrum",0.4,Rejected
Candidate_717,"Experienced professional skilled in SQL, Python, React, Leadership, Java, Project Management.","SQL, Python, React, Leadership, Java, Project Management",B.Sc,5,Job_362,Project Manager,"Project Management, Leadership",0.8,Hired
Candidate_584,"Experienced professional skilled in Communication, React, SQL, Machine Learning, Leadership, Java.","Communication, React, SQL, Machine Learning, Leadership, Java",B.Tech,7,Job_121,Data Scientist,"Deep Learning, Project Management, C++",0.28,Rejected
Candidate_338,"Experienced professional skilled in Agile, SQL, Project Management, Leadership.","Agile, SQL, Project Management, Leadership",B.Sc,3,Job_350,Machine Learning Engineer,"Java, React, Python, Leadership, C++",0.24,Rejected
Candidate_405,"Experienced professional skilled in Machine Learning, C++, Leadership.","Machine Learning, C++, Leadership",MBA,10,Job_150,Software Engineer,"C++, Scrum, Communication",0.6,Shortlisted
Candidate_980,"Experienced professional skilled in Python, Scrum, Node.js, SQL.","Python, Scrum, Node.js, SQL",M.Tech,14,Job_22,Data Scientist,"Project Management, Communication",0.4,Rejected
Candidate_200,"Experienced professional skilled in React, Python, SQL.","React, Python, SQL",M.Sc,4,Job_90,Software Engineer,"Machine Learning, Leadership, C++, Agile, Java",0.16,Rejected
Candidate_23,"Experienced professional skilled in C++, Node.js, Communication, Machine Learning, Project Management.","C++, Node.js, Communication, Machine Learning, Project Management",M.Sc,12,Job_182,Frontend Developer,"Scrum, Node.js, Machine Learning, React",0.7,Shortlisted
Candidate_26,"Experienced professional skilled in Leadership, Deep Learning, Scrum.","Leadership, Deep Learning, Scrum",MBA,3,Job_228,Project Manager,"Leadership, React",0.42,Rejected
Candidate_709,"Experienced professional skilled in Java, Deep Learning, SQL.","Java, Deep Learning, SQL",B.Tech,12,Job_35,Backend Developer,"Communication, Agile, Java, Deep Learning",0.7,Shortlisted
Candidate_692,"Experienced professional skilled in Java, Python, Project Management, Deep Learning.","Java, Python, Project Management, Deep Learning",B.Tech,6,Job_269,Data Scientist,"Scrum, Agile, Leadership, Deep Learning, Node.js",0.36,Rejected
Candidate_979,"Experienced professional skilled in Java, C++, Leadership, Project Management, Deep Learning.","Java, C++, Leadership, Project Management, Deep Learning",B.Tech,14,Job_380,Software Engineer,"Agile, Project Management, React",0.6,Shortlisted
Candidate_477,"Experienced professional skilled in Scrum, Agile, Python, Deep Learning.","Scrum, Agile, Python, Deep Learning",M.Tech,8,Job_415,Project Manager,"Java, Communication",0.32,Rejected
Candidate_155,"Experienced professional skilled in Python, Machine Learning, React.","Python, Machine Learning, React",M.Sc,10,Job_357,Backend Developer,"Agile, Python, Communication, Project Management",0.55,Shortlisted
Candidate_837,"Experienced professional skilled in SQL, Leadership, Deep Learning, Agile.","SQL, Leadership, Deep Learning, Agile",M.Tech,15,Job_186,Frontend Developer,"Leadership, Python, React",0.6,Shortlisted
Candidate_82,"Experienced professional skilled in Leadership, Machine Learning, React, Communication, Agile, Python.","Leadership, Machine Learning, React, Communication, Agile, Python",M.Sc,12,Job_325,Machine Learning Engineer,"Machine Learning, Java, Communication",0.8,Hired
Candidate_542,"Experienced professional skilled in Node.js, React, SQL, Leadership, Project Management.","Node.js, React, SQL, Leadership, Project Management",MBA,13,Job_229,Machine Learning Engineer,"Machine Learning, Node.js, Communication, Scrum, SQL",0.64,Shortlisted
Candidate_272,"Experienced professional skilled in Project Management, Machine Learning, Java, Agile.","Project Management, Machine Learning, Java, Agile",B.Tech,3,Job_347,Software Engineer,"Scrum, Agile, Project Management, Machine Learning",0.57,Shortlisted
Candidate_379,"Experienced professional skilled in React, Agile, Machine Learning, Leadership.","React, Agile, Machine Learning, Leadership",B.Sc,10,Job_152,Project Manager,"Python, Agile",0.7,Shortlisted
Candidate_276,"Experienced professional skilled in Deep Learning, Leadership, Java, Machine Learning, Project Management.","Deep Learning, Leadership, Java, Machine Learning, Project Management",B.Sc,12,Job_200,Frontend Developer,"Machine Learning, Project Management, React, C++, Communication",0.64,Shortlisted
Candidate_358,"Experienced professional skilled in React, Node.js, SQL, Agile, Project Management, Leadership.","React, Node.js, SQL, Agile, Project Management, Leadership",M.Tech,14,Job_69,Data Scientist,"SQL, Deep Learning, Scrum, Project Management",0.7,Shortlisted
Candidate_346,"Experienced professional skilled in C++, Deep Learning, Machine Learning, Agile, Communication.","C++, Deep Learning, Machine Learning, Agile, Communication",B.Tech,11,Job_482,Software Engineer,"Scrum, Java, SQL, Communication, Project Management",0.52,Shortlisted
Candidate_581,"Experienced professional skilled in Communication, Java, Agile, SQL, React, Deep Learning.","Communication, Java, Agile, SQL, React, Deep Learning",B.Sc,15,Job_89,Data Scientist,"Node.js, Project Management, Leadership",0.4,Rejected
Candidate_111,"Experienced professional skilled in SQL, Java, Scrum, Project Management, Leadership.","SQL, Java, Scrum, Project Management, Leadership",MBA,5,Job_291,Software Engineer,"Agile, Leadership, Java, Python",0.5,Shortlisted
Candidate_918,"Experienced professional skilled in Node.js, Python, SQL, Deep Learning.","Node.js, Python, SQL, Deep Learning",M.Sc,2,Job_494,Data Scientist,"C++, Communication, React, Python",0.23,Rejected
Candidate_774,"Experienced professional skilled in Project Management, C++, Leadership, Deep Learning, Machine Learning.","Project Management, C++, Leadership, Deep Learning, Machine Learning",B.Sc,6,Job_110,Project Manager,"Project Management, Node.js, Python",0.44,Rejected
Candidate_183,"Experienced professional skilled in Deep Learning, Node.js, Leadership.","Deep Learning, Node.js, Leadership",B.Sc,15,Job_311,Data Scientist,"Agile, Leadership, Communication, Deep Learning",0.7,Shortlisted
Candidate_942,"Experienced professional skilled in SQL, Machine Learning, Communication, Leadership, Node.js.","SQL, Machine Learning, Communication, Leadership, Node.js",M.Tech,10,Job_499,Backend Developer,"Leadership, Node.js",1.0,Hired
Candidate_247,"Experienced professional skilled in React, Java, SQL, Leadership.","React, Java, SQL, Leadership",M.Tech,10,Job_361,Machine Learning Engineer,"Leadership, Python, Node.js",0.6,Shortlisted
Candidate_467,"Experienced professional skilled in Node.js, Communication, Agile.","Node.js, Communication, Agile",MBA,11,Job_291,Software Engineer,"React, Project Management, Node.js, Machine Learning, C++",0.52,Shortlisted
Candidate_872,"Experienced professional skilled in Agile, C++, Python, SQL, Deep Learning.","Agile, C++, Python, SQL, Deep Learning",B.Tech,7,Job_313,Backend Developer,"React, Scrum, Deep Learning",0.48,Rejected
Candidate_326,"Experienced professional skilled in Scrum, Project Management, Java.","Scrum, Project Management, Java",B.Sc,2,Job_99,Backend Developer,"Python, Agile",0.08,Rejected
Candidate_372,"Experienced professional skilled in React, Communication, Leadership, Python.","React, Communication, Leadership, Python",M.Sc,6,Job_240,Frontend Developer,"Deep Learning, Communication",0.54,Shortlisted
Candidate_620,"Experienced professional skilled in C++, Agile, Communication.","C++, Agile, Communication",MBA,13,Job_300,Software Engineer,"React, Communication, Java",0.6,Shortlisted
Candidate_516,"Experienced professional skilled in Java, Agile, React, Leadership.","Java, Agile, React, Leadership",M.Sc,13,Job_325,Frontend Developer,"Leadership, Scrum",0.7,Shortlisted
Candidate_411,"Experienced professional skilled in Deep Learning, Communication, Agile, Java, SQL.","Deep Learning, Communication, Agile, Java, SQL",MBA,3,Job_45,Data Scientist,"React, Project Management, Node.js, Leadership, Python",0.12,Rejected
Candidate_482,"Experienced professional skilled in Communication, SQL, Project Management, Scrum.","Communication, SQL, Project Management, Scrum",B.Tech,1,Job_104,Machine Learning Engineer,"Agile, Python, C++, SQL, Node.js",0.16,Rejected
Candidate_984,"Experienced professional skilled in Python, Project Management, Machine Learning.","Python, Project Management, Machine Learning",MBA,15,Job_442,Project Manager,"React, Machine Learning, Scrum, Project Management",0.7,Shortlisted
Candidate_924,"Experienced professional skilled in Leadership, Python, Scrum, React, Node.js.","Leadership, Python, Scrum, React, Node.js",B.Tech,9,Job_120,Project Manager,"Python, Communication, SQL",0.56,Shortlisted
Candidate_188,"Experienced professional skilled in Leadership, Java, Agile, Deep Learning.","Leadership, Java, Agile, Deep Learning",B.Tech,8,Job_140,Project Manager,"Deep Learning, Agile, Communication",0.72,Shortlisted
Candidate_689,"Experienced professional skilled in Agile, Scrum, Deep Learning, SQL.","Agile, Scrum, Deep Learning, SQL",MBA,3,Job_149,Machine Learning Engineer,"C++, React, Java, Agile",0.27,Rejected
Candidate_973,"Experienced professional skilled in Scrum, SQL, Node.js.","Scrum, SQL, Node.js",M.Tech,7,Job_138,Machine Learning Engineer,"Scrum, Deep Learning, Python",0.48,Rejected
Candidate_184,"Experienced professional skilled in C++, Scrum, Project Management.","C++, Scrum, Project Management",M.Sc,6,Job_55,Project Manager,"React, Scrum, Python, Machine Learning, Node.js",0.36,Rejected
Candidate_940,"Experienced professional skilled in Deep Learning, Machine Learning, Scrum, Java, React, Agile.","Deep Learning, Machine Learning, Scrum, Java, React, Agile",MBA,15,Job_239,Backend Developer,"Node.js, Machine Learning, Scrum, SQL",0.7,Shortlisted
Candidate_751,"Experienced professional skilled in C++, Deep Learning, SQL, Project Management, Node.js.","C++, Deep Learning, SQL, Project Management, Node.js",M.Tech,9,Job_463,Backend Developer,"Project Management, Machine Learning",0.66,Shortlisted
Candidate_226,"Experienced professional skilled in Node.js, Agile, Java.","Node.js, Agile, Java",B.Tech,1,Job_62,Project Manager,"Machine Learning, Agile, Deep Learning, Communication",0.19,Rejected
Candidate_268,"Experienced professional skilled in Java, Node.js, SQL.","Java, Node.js, SQL",M.Sc,13,Job_197,Machine Learning Engineer,"Java, Leadership, C++, Node.js",0.7,Shortlisted
Candidate_891,"Experienced professional skilled in Communication, Machine Learning, Leadership, Java, C++.","Communication, Machine Learning, Leadership, Java, C++",B.Sc,4,Job_155,Machine Learning Engineer,"Project Management, Scrum, Node.js, Python, Agile",0.16,Rejected
Candidate_209,"Experienced professional skilled in Leadership, React, Python, Scrum, Communication, C++.","Leadership, React, Python, Scrum, Communication, C++",M.Sc,15,Job_44,Machine Learning Engineer,"Project Management, SQL, Scrum, Deep Learning",0.55,Shortlisted
Candidate_319,"Experienced professional skilled in SQL, Project Management, Java, Deep Learning, Node.js.","SQL, Project Management, Java, Deep Learning, Node.js",B.Tech,8,Job_149,Project Manager,"Agile, Scrum",0.32,Rejected
Candidate_378,"Experienced professional skilled in Agile, Scrum, Java, C++, SQL.","Agile, Scrum, Java, C++, SQL",M.Tech,8,Job_388,Machine Learning Engineer,"Java, Deep Learning",0.62,Shortlisted
Candidate_530,"Experienced professional skilled in Machine Learning, Python, Scrum.","Machine Learning, Python, Scrum",MBA,3,Job_155,Software Engineer,"Deep Learning, C++, SQL",0.12,Rejected
Candidate_315,"Experienced professional skilled in Machine Learning, Python, Communication, React, Deep Learning.","Machine Learning, Python, Communication, React, Deep Learning",M.Sc,1,Job_51,Software Engineer,"Node.js, React, Scrum",0.24,Rejected
Candidate_543,"Experienced professional skilled in SQL, C++, Communication, Python, Scrum.","SQL, C++, Communication, Python, Scrum",M.Tech,9,Job_448,Machine Learning Engineer,"Agile, Leadership, Deep Learning, SQL, Node.js",0.48,Rejected
Candidate_175,"Experienced professional skilled in Node.js, Leadership, Project Management, Machine Learning.","Node.js, Leadership, Project Management, Machine Learning",M.Tech,7,Job_15,Frontend Developer,"Scrum, Node.js, Machine Learning, Communication",0.58,Shortlisted
Candidate_571,"Experienced professional skilled in Project Management, Leadership, Node.js, C++, Machine Learning.","Project Management, Leadership, Node.js, C++, Machine Learning",B.Sc,11,Job_434,Software Engineer,"Java, Machine Learning, C++, React",0.7,Shortlisted
Candidate_853,"Experienced professional skilled in Deep Learning, Project Management, Machine Learning, Scrum, Node.js, Python.","Deep Learning, Project Management, Machine Learning, Scrum, Node.js, Python",B.Sc,4,Job_2,Software Engineer,"Leadership, C++",0.16,Rejected
Candidate_637,"Experienced professional skilled in Project Management, Agile, C++, Java.","Project Management, Agile, C++, Java",M.Sc,11,Job_330,Data Scientist,"Java, Machine Learning, C++, SQL, Project Management",0.76,Hired
Candidate_320,"Experienced professional skilled in Project Management, Deep Learning, React, Agile.","Project Management, Deep Learning, React, Agile",M.Tech,14,Job_419,Data Scientist,"Node.js, Deep Learning, Communication, Machine Learning",0.55,Shortlisted
Candidate_158,"Experienced professional skilled in Communication, C++, Deep Learning.","Communication, C++, Deep Learning",M.Tech,10,Job_68,Machine Learning Engineer,"Scrum, Communication, Python",0.6,Shortlisted
Candidate_218,"Experienced professional skilled in Java, Leadership, Machine Learning, React.","Java, Leadership, Machine Learning, React",MBA,2,Job_147,Backend Developer,"Node.js, SQL, Agile, Scrum, Communication",0.08,Rejected
Candidate_726,"Experienced professional skilled in Java, Communication, SQL, Project Management, Agile.","Java, Communication, SQL, Project Management, Agile",M.Tech,11,Job_22,Software Engineer,"React, Deep Learning, Node.js, Scrum",0.4,Rejected
Candidate_855,"Experienced professional skilled in Project Management, Node.js, Python, Deep Learning, Agile, Communication.","Project Management, Node.js, Python, Deep Learning, Agile, Communication",B.Sc,6,Job_481,Project Manager,"Python, SQL",0.54,Shortlisted
Candidate_577,"Experienced professional skilled in Communication, React, Deep Learning, Agile, Python, Node.js.","Communication, React, Deep Learning, Agile, Python, Node.js",M.Sc,4,Job_156,Project Manager,"Deep Learning, Agile",0.76,Hired
Candidate_59,"Experienced professional skilled in Project Management, SQL, Deep Learning, C++, Java.","Project Management, SQL, Deep Learning, C++, Java",B.Sc,14,Job_315,Backend Developer,"Python, Java",0.7,Shortlisted
Candidate_665,"Experienced professional skilled in Communication, React, Project Management, C++.","Communication, React, Project Management, C++",M.Sc,15,Job_406,Software Engineer,"Leadership, Deep Learning, Node.js, React",0.55,Shortlisted
Candidate_323,"Experienced professional skilled in Project Management, React, Agile, Node.js, Python.","Project Management, React, Agile, Node.js, Python",M.Sc,5,Job_454,Project Manager,"C++, Python, Deep Learning, Java, Scrum",0.32,Rejected
Candidate_560,"Experienced professional skilled in Scrum, Leadership, Node.js, C++.","Scrum, Leadership, Node.js, C++",M.Tech,9,Job_290,Machine Learning Engineer,"Communication, Java, C++",0.56,Shortlisted
Candidate_189,"Experienced professional skilled in C++, Python, Node.js, Leadership, React, Agile.","C++, Python, Node.js, Leadership, React, Agile",M.Sc,9,Job_149,Machine Learning Engineer,"React, Java, SQL, Project Management",0.51,Shortlisted
Candidate_476,"Experienced professional skilled in Deep Learning, SQL, Project Management, Leadership, Node.js.","Deep Learning, SQL, Project Management, Leadership, Node.js",B.Tech,2,Job_13,Software Engineer,"Project Management, Communication, Node.js",0.48,Rejected
Candidate_856,"Experienced professional skilled in Leadership, Project Management, Node.js, C++.","Leadership, Project Management, Node.js, C++",M.Tech,15,Job_207,Software Engineer,"Project Management, SQL, Scrum, Leadership",0.7,Shortlisted
Candidate_635,"Experienced professional skilled in Project Management, Deep Learning, Python, React, Scrum.","Project Management, Deep Learning, Python, React, Scrum",B.Sc,6,Job_212,Machine Learning Engineer,"Project Management, Deep Learning, Node.js",0.64,Shortlisted
Candidate_894,"Experienced professional skilled in Deep Learning, SQL, Communication, Python.","Deep Learning, SQL, Communication, Python",M.Sc,13,Job_384,Backend Developer,"SQL, Java, Python, Leadership",0.7,Shortlisted
Candidate_215,"Experienced professional skilled in Communication, C++, Machine Learning, SQL.","Communication, C++, Machine Learning, SQL",M.Tech,3,Job_52,Software Engineer,"Communication, Deep Learning, Scrum, Python",0.27,Rejected
Candidate_252,"Experienced professional skilled in Node.js, Machine Learning, Scrum, C++.","Node.js, Machine Learning, Scrum, C++",B.Sc,10,Job_462,Software Engineer,"Agile, Machine Learning",0.7,Shortlisted
Candidate_983,"Experienced professional skilled in Leadership, Communication, Machine Learning.","Leadership, Communication, Machine Learning",M.Sc,4,Job_152,Data Scientist,"Scrum, React, Python, Java",0.16,Rejected
Candidate_69,"Experienced professional skilled in Node.js, Python, Deep Learning.","Node.js, Python, Deep Learning",M.Sc,5,Job_11,Machine Learning Engineer,"Node.js, React, Leadership",0.4,Rejected
Candidate_964,"Experienced professional skilled in Scrum, Java, C++, Communication.","Scrum, Java, C++, Communication",B.Tech,12,Job_361,Machine Learning Engineer,"Java, Project Management",0.7,Shortlisted
Candidate_423,"Experienced professional skilled in Agile, Leadership, Scrum, Project Management.","Agile, Leadership, Scrum, Project Management",MBA,1,Job_312,Backend Developer,"Scrum, Deep Learning",0.34,Rejected
Candidate_321,"Experienced professional skilled in C++, Java, Leadership, SQL, Machine Learning.","C++, Java, Leadership, SQL, Machine Learning",M.Tech,15,Job_190,Software Engineer,"Java, Communication, C++, Scrum",0.7,Shortlisted
Candidate_669,"Experienced professional skilled in Leadership, Python, SQL, React, Machine Learning, C++.","Leadership, Python, SQL, React, Machine Learning, C++",MBA,8,Job_479,Machine Learning Engineer,"SQL, Scrum, React",0.72,Shortlisted
Candidate_918,"Experienced professional skilled in SQL, Communication, Project Management, Python, Java.","SQL, Communication, Project Management, Python, Java",MBA,10,Job_432,Software Engineer,"Communication, Python, Java",1.0,Hired
Candidate_640,"Experienced professional skilled in SQL, Node.js, C++, Java, React, Project Management.","SQL, Node.js, C++, Java, React, Project Management",B.Sc,15,Job_444,Frontend Developer,"Leadership, Agile, Java, React, Project Management",0.76,Hired
Candidate_588,"Experienced professional skilled in Agile, SQL, Scrum, Node.js.","Agile, SQL, Scrum, Node.js",B.Tech,4,Job_68,Backend Developer,"Communication, Leadership, Deep Learning, Python",0.16,Rejected
Candidate_675,"Experienced professional skilled in Node.js, Leadership, Project Management, Machine Learning.","Node.js, Leadership, Project Management, Machine Learning",B.Tech,9,Job_112,Software Engineer,"Scrum, Java, Machine Learning, Python",0.51,Shortlisted
Candidate_741,"Experienced professional skilled in Communication, Python, Project Management, Machine Learning.","Communication, Python, Project Management, Machine Learning",MBA,11,Job_164,Software Engineer,"Machine Learning, Scrum, Communication",0.8,Hired
Candidate_40,"Experienced professional skilled in Scrum, Python, Node.js.","Scrum, Python, Node.js",B.Sc,4,Job_188,Machine Learning Engineer,"React, C++, Leadership, Agile, Node.js",0.28,Rejected
Candidate_805,"Experienced professional skilled in Leadership, SQL, Scrum, C++, Python, Node.js.","Leadership, SQL, Scrum, C++, Python, Node.js",M.Tech,1,Job_140,Project Manager,"Scrum, Project Management",0.34,Rejected
Candidate_674,"Experienced professional skilled in Scrum, Node.js, Machine Learning, Python, Agile.","Scrum, Node.js, Machine Learning, Python, Agile",B.Sc,12,Job_52,Software Engineer,"C++, Agile, Java, Machine Learning",0.7,Shortlisted
Candidate_680,"Experienced professional skilled in Communication, Project Management, C++, Node.js.","Communication, Project Management, C++, Node.js",M.Sc,15,Job_62,Frontend Developer,"Java, Leadership, React, Agile, SQL",0.4,Rejected
Candidate_436,"Experienced professional skilled in Communication, Node.js, Python, SQL, Project Management, Deep Learning.","Communication, Node.js, Python, SQL, Project Management, Deep Learning",M.Sc,10,Job_311,Project Manager,"Project Management, SQL",1.0,Hired
Candidate_780,"Experienced professional skilled in C++, Agile, Node.js.","C++, Agile, Node.js",M.Sc,8,Job_461,Software Engineer,"Project Management, Node.js",0.62,Shortlisted
Candidate_344,"Experienced professional skilled in Machine Learning, Agile, SQL, Scrum, Node.js.","Machine Learning, Agile, SQL, Scrum, Node.js",B.Tech,8,Job_21,Frontend Developer,"SQL, Node.js, Scrum",0.92,Hired
Candidate_131,"Experienced professional skilled in Deep Learning, Node.js, Java, Leadership.","Deep Learning, Node.js, Java, Leadership",B.Tech,11,Job_171,Backend Developer,"Communication, Python, React",0.4,Rejected
Candidate_342,"Experienced professional skilled in Agile, Leadership, Python.","Agile, Leadership, Python",B.Sc,3,Job_107,Machine Learning Engineer,"Node.js, Scrum, SQL, Python, Deep Learning",0.24,Rejected
Candidate_215,"Experienced professional skilled in Scrum, Communication, Python.","Scrum, Communication, Python",MBA,6,Job_196,Software Engineer,"React, Machine Learning, Project Management, SQL",0.24,Rejected
Candidate_89,"Experienced professional skilled in Java, Agile, Python.","Java, Agile, Python",B.Tech,11,Job_269,Software Engineer,"Python, Communication, C++, Scrum",0.55,Shortlisted
Candidate_97,"Experienced professional skilled in Machine Learning, Java, Communication, SQL, Python, Leadership.","Machine Learning, Java, Communication, SQL, Python, Leadership",B.Tech,15,Job_462,Backend Developer,"Java, Agile, Deep Learning, SQL, Project Management",0.64,Shortlisted
Candidate_224,"Experienced professional skilled in Python, Communication, Agile, Java.","Python, Communication, Agile, Java",M.Sc,11,Job_171,Backend Developer,"Agile, Communication",1.0,Hired
Candidate_779,"Experienced professional skilled in Deep Learning, C++, Leadership, Java, Project Management, Agile.","Deep Learning, C++, Leadership, Java, Project Management, Agile",B.Sc,12,Job_346,Backend Developer,"Java, Leadership, Node.js, Agile, Deep Learning",0.88,Hired
Candidate_781,"Experienced professional skilled in Communication, Java, Agile, SQL.","Communication, Java, Agile, SQL",M.Tech,4,Job_260,Machine Learning Engineer,"Node.js, Machine Learning, SQL",0.36,Rejected
Candidate_452,"Experienced professional skilled in Communication, Scrum, Deep Learning.","Communication, Scrum, Deep Learning",B.Tech,4,Job_478,Machine Learning Engineer,"Python, Agile, C++, Communication, Machine Learning",0.28,Rejected
Candidate_586,"Experienced professional skilled in Deep Learning, Project Management, Java, Communication, Leadership, Agile.","Deep Learning, Project Management, Java, Communication, Leadership, Agile",M.Sc,7,Job_20,Backend Developer,"Deep Learning, Communication",0.88,Hired
Candidate_767,"Experienced professional skilled in Python, C++, Java.","Python, C++, Java",M.Sc,13,Job_248,Backend Developer,"Node.js, Scrum, Project Management, Java, SQL",0.52,Shortlisted
Candidate_257,"Experienced professional skilled in Communication, Java, Leadership, Node.js, Scrum, React.","Communication, Java, Leadership, Node.js, Scrum, React",B.Tech,10,Job_440,Machine Learning Engineer,"Communication, React, Deep Learning",0.8,Hired
Candidate_72,"Experienced professional skilled in Node.js, Agile, Scrum, SQL.","Node.js, Agile, Scrum, SQL",B.Sc,11,Job_41,Project Manager,"Scrum, Java, Communication, C++",0.55,Shortlisted
Candidate_783,"Experienced professional skilled in SQL, Agile, Deep Learning.","SQL, Agile, Deep Learning",B.Sc,15,Job_252,Backend Developer,"Agile, React, Java",0.6,Shortlisted
Candidate_893,"Experienced professional skilled in SQL, Python, Java, Scrum, C++.","SQL, Python, Java, Scrum, C++",B.Sc,2,Job_72,Machine Learning Engineer,"SQL, Project Management",0.38,Rejected
Candidate_633,"Experienced professional skilled in Project Management, Machine Learning, Scrum, Node.js.","Project Management, Machine Learning, Scrum, Node.js",M.Tech,13,Job_40,Machine Learning Engineer,"Deep Learning, Scrum, SQL, Machine Learning, React",0.64,Shortlisted
Candidate_441,"Experienced professional skilled in Machine Learning, Node.js, Java, Project Management, C++, Communication.","Machine Learning, Node.js, Java, Project Management, C++, Communication",B.Sc,6,Job_7,Software Engineer,"Node.js, Communication, SQL",0.64,Shortlisted
Candidate_671,"Experienced professional skilled in SQL, Machine Learning, Project Management, Python.","SQL, Machine Learning, Project Management, Python",B.Sc,5,Job_289,Project Manager,"SQL, Node.js, Leadership, Agile",0.35,Rejected
Candidate_153,"Experienced professional skilled in React, Java, Project Management, Python, C++.","React, Java, Project Management, Python, C++",M.Sc,2,Job_484,Project Manager,"SQL, React, C++",0.48,Rejected
Candidate_483,"Experienced professional skilled in Project Management, Leadership, Node.js, Agile.","Project Management, Leadership, Node.js, Agile",B.Sc,2,Job_167,Backend Developer,"Leadership, Project Management, SQL",0.48,Rejected
Candidate_415,"Experienced professional skilled in Node.js, Communication, C++, Scrum, Project Management.","Node.js, Communication, C++, Scrum, Project Management",MBA,6,Job_320,Project Manager,"Scrum, Leadership, Python, Deep Learning",0.39,Rejected
Candidate_418,"Experienced professional skilled in Communication, Machine Learning, Scrum, Java.","Communication, Machine Learning, Scrum, Java",B.Sc,7,Job_22,Frontend Developer,"Deep Learning, Java",0.58,Shortlisted
Candidate_219,"Experienced professional skilled in Communication, Scrum, SQL.","Communication, Scrum, SQL",M.Sc,4,Job_128,Machine Learning Engineer,"Communication, Scrum, Agile",0.56,Shortlisted
Candidate_38,"Experienced professional skilled in Machine Learning, C++, Java.","Machine Learning, C++, Java",MBA,4,Job_37,Frontend Developer,"Agile, Communication, Node.js, Leadership",0.16,Rejected
Candidate_570,"Experienced professional skilled in Scrum, Java, Agile, C++.","Scrum, Java, Agile, C++",B.Tech,2,Job_40,Data Scientist,"Project Management, Leadership, SQL, Communication",0.08,Rejected
Candidate_317,"Experienced professional skilled in Agile, C++, Node.js, Machine Learning, Deep Learning, Python.","Agile, C++, Node.js, Machine Learning, Deep Learning, Python",B.Tech,9,Job_212,Data Scientist,"Node.js, SQL, Project Management, Scrum",0.51,Shortlisted
